id,external_key,event_kind,bill_id,committee_id,reading,title_he,voted_at
e0796043-2f88-4b45-9931-5f597e4547bc,odata:vote:46700,plenum,,,,"הצעת חוק נוכחות עורך דין בחקירת קטינים ואנשים עם מוגבלות (תיקוני חקיקה והוראת שעה), התשפ""ו-2026",2026-07-28 11:43:00
63f17dee-4ee8-43ec-8c16-f1671eb882fa,odata:vote:46697,plenum,,,,"הצעת חוק לעידוד פעילות בשוק ההון (תיקוני חקיקה), התשפ""ד-2024",2026-07-28 11:27:00
b8c2d2b1-c4db-41a5-b3aa-12b937a2ea83,odata:vote:46696,plenum,,,,"הצעת חוק שירות הקבע בצבא הגנה לישראל (גימלאות) (תיקון מס' 39), התשפ""ו-2026",2026-07-28 11:21:00
913ad97a-ac7b-49b6-b2ff-a0e91904bc1e,odata:vote:46695,plenum,,,,"החלטת ועדת הכספים בדבר פיצול הצעת חוק לעידוד פעילות בשוק ההון (תיקוני חקיקה), התשפ""ד-2024",2026-07-28 11:10:00
2a33c2f2-bd55-4909-94d8-829944f528b9,odata:vote:46691,plenum,,,,"הצעת חוק לתיקון פקודת בתי הסוהר (הארכת הוראות שעה) (תיקוני חקיקה), התשפ""ו-2026",2026-07-28 10:32:00
48ded9d6-883e-46d5-9eb1-a54a45c38248,odata:vote:46686,plenum,,,,"הצעת חוק התכנון והבנייה (תיקון מס' 168), התשפ""ו-2026",2026-07-28 09:55:00
7966d7ae-ed58-48e6-af6c-901f698e6b84,odata:vote:46684,plenum,,,,"הצעת חוק לתיקון פקודת העיריות (מס' 162), התשפ""ו–2026",2026-07-28 09:43:00
a2399c02-bfab-4979-9e73-211e56c83a72,odata:vote:46681,plenum,,,,"הצעת חוק לתיקון ולהארכת תוקפן של תקנות שעת חירום (חרבות ברזל) (הארכת מעצר לחשוד בעבירת בטחון) (תיקון מס' 9), התשפ""ו-2026",2026-07-28 09:18:00
d17ef28e-9a6e-4c22-acd4-2cc9c912c912,odata:vote:46680,plenum,,,,"הצעת חוק לתיקון ולהארכת תוקפן של תקנות שעת חירום (חרבות ברזל) (פגישה עם עורך דין של עצור בעבירת ביטחון) (תיקון מס' 8), התשפ""ו-2026.",2026-07-28 09:12:00
a26b457c-d5e9-40a8-9d63-ac0a010226ea,odata:vote:46669,plenum,,,,"הצעת חוק המרכז להנצחת זכרו של רבי נחמן מברסלב, התשפ""ו-2026",2026-07-17 02:10:00
29e9c5e6-0e03-48ed-9488-e7548f82fb8c,odata:vote:46667,plenum,,,,"הצעת חוק זיכרון הטבח והנצחת הגבורה ביום כ""ב בתשרי (שמחת תורה) – 7 באוקטובר, התשפ""ו– 2026 (פ/4043/25,כ/1153) (פ/4900/25)",2026-07-17 01:54:00
bdbc5b32-918c-43aa-9d5b-85b2f2111268,odata:vote:46664,plenum,,,,"הצעת חוק הרשות לפיתוח הנגב (תיקון מס' 4) (תיקון מס' 2), התשפ""ו–2026",2026-07-17 01:32:00
b6cec2b4-6d2e-44e3-b353-b43d940f0498,odata:vote:46666,plenum,,,,המלצת ועדת הכנסת בדבר מינוי סגן ליושב ראש הכנסת,2026-07-17 01:30:00
da03de19-f8bf-4653-a5b3-1eba86166e6f,odata:vote:46663,plenum,,,,"הצעת חוק הביטוח הלאומי (תיקון מס' 268) (הסעת יולדת באמבולנס), התשפ""ו–2026",2026-07-17 01:18:00
92c33820-4822-4c31-86ae-c24eb710f6b4,odata:vote:46662,plenum,,,,"הצעת חוק ההתיישנות (תיקון מס' 10), התשפ""ו–2026 (פ/2569/25)",2026-07-17 00:53:00
42e6a698-d337-4680-bbf7-47b7f7ee9ad9,odata:vote:46659,plenum,,,,"הצעת חוק חופשה שנתית (תיקון מס' 17), התשפ""ו–2026",2026-07-17 00:36:00
5f110e01-0f1a-4ec6-bade-2dff68d3ed26,odata:vote:46657,plenum,,,,"הצעת חוק להנצחת זכרה של גולדה מאיר, התשפ""ו–2026 (פ/4905/25)",2026-07-17 00:27:00
d509107d-90fc-4da1-b1e5-11810e9c725d,odata:vote:46656,plenum,,,,"הצעת חוק יום לציון מורשת יהדות מרוקו וצפון אפריקה, התשפ""ו–2026 (פ/6382/25)",2026-07-17 00:00:00
7122f4c2-9275-4c49-9adc-e3540e1e49ad,odata:vote:46653,plenum,,,,"הצעת חוק הגנת הצרכן (תיקון מס' 73), התשפ""ה-2025 (פ/2936/25) (פ/3535/25)",2026-07-16 23:49:00
5b378541-b540-41c5-81e9-5ebbae6a2088,odata:vote:46651,plenum,,,,"הצעת חוק זכויות הסטודנט (תיקון מס' 11), התשפ""ו–2026",2026-07-16 23:37:00
56609b01-b90e-4f0d-ae8e-6bacab47a5ae,odata:vote:46649,plenum,,,,"הצעת חוק זכויות נפגעי עבירה (תיקון מס' 23) (שמירת ערכות ייעודיות ישנות במשטרת ישראל), התשפ""ו–2026",2026-07-16 23:29:00
06e79905-7384-463c-8495-04e398af239a,odata:vote:46650,plenum,,,,"הצעת חוק זכויות נפגעי עבירה (תיקון מס' 24) (הבעת עמדה לעניין איסור פרסום שמו של חשוד), התשפ""ו–2026",2026-07-16 23:25:00
91e1a890-fef4-4375-aa9d-55a8b7097d39,odata:vote:46647,plenum,,,,"הצעת חוק זכויות הסטודנט (תיקון - התאמות בהשכלה גבוהה לסטודנטים עקב מחלה קשה), התשפ""ו-2025",2026-07-16 23:21:00
2bf35924-d2eb-4b0a-8176-4d2d759881d1,odata:vote:46648,plenum,,,,"הצעת חוק זכויות הסטודנט (תיקון מס' 12) (התאמות עקב מחלה קשה), התשפ""ו–2026",2026-07-16 23:20:00
9437f38f-0bf9-47d1-a557-089fd378be58,odata:vote:46646,plenum,,,,"הצעת חוק תשלום בכרטיס אשראי בעד נסיעה בתחבורה ציבורית (תיקוני חקיקה), התשפ""ד–2024 (פ/3334/25)",2026-07-16 23:12:00
d807b75e-5a7e-4c4e-a60f-c9c6258c959c,odata:vote:46645,plenum,,,,"הצעת חוק לתיקון פקודת בתי הסוהר (הוראות שעה) (תיקוני חקיקה), התשפ""ו-2026",2026-07-16 23:07:00
51b64513-272d-4490-8e11-e23920957c67,odata:vote:46644,plenum,,,,"הצעת חוק תקשורת דיגיטלית עם גופים ציבוריים (תיקון מס' 5), התשפ""ו-2026",2026-07-16 22:58:00
fec4a128-089e-4d12-9c09-aa7831f74e0c,odata:vote:46642,plenum,,,,"הצעת חוק הכניסה לישראל (תיקון מס' 41), התשפ""ה-2025",2026-07-16 22:50:00
3b12cb64-e300-46b6-a0ed-519220f6f322,odata:vote:46640,plenum,,,,"הצעת חוק משק הדלק (קווי תשתית), התשפ""ו-2026",2026-07-16 22:45:00
a2329cc7-9972-4484-ab0b-74c5e339c785,odata:vote:46636,plenum,,,,"הצעת חוק רשות מקרקעי ישראל (תיקון מס' 16) (הקצאת קרקע לרשות מקומית למיתקן לייצור חשמל מאנרגיה מתחדשת), התשפ""ו–2026",2026-07-16 22:38:00
dafb33af-d1b5-4698-976a-bba1342331ab,odata:vote:46635,plenum,,,,"הצעת חוק שמירת הניקיון (תיקון מס' 27 והוראת שעה), התשפ""ו-2026 (פ/3088/25)",2026-07-16 22:26:00
69a50f28-1978-4b23-82ff-5a7d7e2eb68c,odata:vote:46632,plenum,,,,"הצעת חוק לתיקון פקודת סדר הדין הפלילי (מעצר וחיפוש) (מס' 19 - הוראת שעה), התשפ""ו-2026",2026-07-16 21:53:00
f1f241f4-1011-41ac-9723-3676c0dc8c91,odata:vote:46630,plenum,,,,"הצעת חוק נתוני אשראי (תיקון מס' 6), התשפ""ו–2026",2026-07-16 21:44:00
c55e7bb5-d605-430f-8667-80be3c1b22d8,odata:vote:46628,plenum,,,,"הצעת חוק לקידום הבנייה במתחמים מועדפים(הוראת שעה)(תיקון מס' 9), התשפ""ו-2026",2026-07-16 21:32:00
dbe41ac5-ae85-4d74-bc9f-95ebc32a8019,odata:vote:46626,plenum,,,,"הצעת חוק התקנים (תיקון מס' 21), התשפ""ו-2026",2026-07-16 21:24:00
9920c95b-8747-4ea7-810d-e42fe94d22e4,odata:vote:46625,plenum,,,,"הצעת חוק אומנה לילדים (תיקון מס' 8), התשפ""ו–2026",2026-07-16 21:15:00
7ad1071c-1e80-46b9-8728-14127d8937c8,odata:vote:46622,plenum,,,,"הצעת חוק שירות ביטחון (תיקון מס' 29 - הוראת שעה), התשפ""ו-2026",2026-07-16 20:41:00
29df4359-5e85-4122-b65c-60a91b8349ff,odata:vote:46620,plenum,,,,"הצעת חוק הרשות השנייה לטלוויזיה ורדיו (תיקון מס' 50), התשפ""ו–2026 (פ/4505/25)",2026-07-16 18:34:00
4309d5bb-9577-497c-9bbd-8e3a32a7bf20,odata:vote:46617,plenum,,,,"הצעת חוק הבחירות לכנסת העשרים ושש (הוראות מיוחדות ותיקוני חקיקה), התשפ""ו-2026",2026-07-16 18:18:00
d7b4c313-37c7-4745-a06e-5205aa82aecd,odata:vote:46616,plenum,,,,"הצעת חוק מימון מפלגות (תיקון מס' 46 – הוראת שעה) (מימון הבחירות לכנסת העשרים ושש), התשפ""ו–2026",2026-07-16 17:34:00
c2116360-f6e6-44c6-b6ca-1e90da6016bd,odata:vote:46612,plenum,,,,"הצעת חוק התקשורת (שידורים), התשפ""ו-2026",2026-07-16 16:32:00
a6553126-89f4-4112-b79f-eff853be059a,odata:vote:46496,plenum,,,,"הצעת חוק זכויות הסטודנט (תיקון מס' 12), התשפ""ו–2026",2026-07-15 22:41:00
08f9b485-f923-4d38-bb52-5014acc69dcc,odata:vote:46468,plenum,,,,"הצעת חוק הנכים (תגמולים ושיקום) (תיקון מס' 35), התשפ""ו–2026",2026-07-15 19:01:00
f0e584f4-1efd-4990-9f5d-4f938e52aa98,odata:vote:46462,plenum,,,,"הצעת חוק היועץ המשפטי לממשלה (חוות דעת, ייצוג ופיקוח), התשפ""ו–2026",2026-07-15 17:42:00
0f2b2f55-44a3-406f-8801-ded17d8b2ddd,odata:vote:46355,plenum,,,,"הצעת חוק איסור הונאה בכשרות (תיקון מס' 5), התשפ""ו-2026",2026-07-14 22:41:00
ce46e40c-7e8d-43bd-a5b8-17248bfd3942,odata:vote:46309,plenum,,,,"הצעת חוק הנכים (תגמולים ושיקום) (תיקון מס' 35) (טיפול מותאם לנפגעי הלם קרב והקמת ועדה למתן סיוע לפנים משורת הדין), התשפ""ו–2026",2026-07-14 18:00:00
a899ea9b-9590-4056-b986-aa0ca8b7cd4a,odata:vote:46298,plenum,,,,"הצעת חוק לתיקון פקודת המועצות המקומיות (מס' 82), התשפ""ו-2026",2026-07-14 16:34:00
689dd0b9-b7e2-4272-927d-80dc2d5fe0c1,odata:vote:46670,plenum,,,,"חוק שירות ביטחון (תיקון מס' 28 - הוראת שעה), התשפ""ו-2026",2026-07-14 14:30:00
9932e898-c89d-4964-83cb-003c3991b22c,odata:vote:46291,plenum,,,,"הצעת חוק שירות ביטחון (תיקון מס' 28 - הוראת שעה), התשפ""ו-2026",2026-07-14 14:28:00
2f6c2556-5b60-45d0-8149-3b67e9cac064,odata:vote:46248,plenum,,,,הצעת חוק-יסוד: לימוד תורה,2026-07-13 18:47:00
bbc3e262-53d6-40d0-a3b5-dacd1511bdfe,odata:vote:46221,plenum,,,,"הצעת חוק ההתיישנות (תיקון מס' 10) (הרחבת ההגדרה ""בן משפחה"" לעניין תביעה בשל תקיפה מינית או התעללות), התשפ""ו–2026",2026-07-08 16:34:00
5614c2c7-2428-4cc5-b2af-3241febb2658,odata:vote:46219,plenum,,,,"הצעת חוק בינוי ופינוי של אזורי שיקום (כפר שלם), התשפ""ו-2026",2026-07-08 16:21:00
608344fd-9396-4a6c-afd8-c7aed7db1f2b,odata:vote:46220,plenum,,,,"הצעת חוק בינוי ופינוי של אזורי שיקום (כפר שלם), התשפ""ו–2026",2026-07-08 16:20:00
877b3647-d4fd-4934-97b6-9dfec756b41a,odata:vote:46217,plenum,,,,"הצעת חוק לתיקון ולהארכת תוקפן של תקנות שעת חירום (חרבות ברזל) (הארכת מעצר לחשוד בעבירת בטחון), (תיקון מס' 9) התשפ""ו-2026",2026-07-08 16:04:00
087e44b3-9241-4e90-a620-b59117411009,odata:vote:46216,plenum,,,,"הצעת חוק להקפאה וניכוי של כספים ששילמה הרשות הפלסטינית בזיקה לטרור מהכספים המועברים אליה מממשלת ישראל (תיקון מס' 2) (כספים המועברים לרצועת עזה), התשפ""ו–2026",2026-07-08 15:53:00
05d7ea6d-a9d8-4bde-832b-ecf1856b756f,odata:vote:46214,plenum,,,,"הצעה דחופה לסדר היום בנושא: ""הבנייה הבלתי חוקית בשטחי האש של צה""ל והשלכותיה הביטחוניות""",2026-07-08 14:37:00
fa149aba-1f96-4c53-a326-02e6bbb08b4f,odata:vote:46213,plenum,,,,"הצעה דחופה לסדר היום בנושא: ""קיצוץ בתקני השירות הלאומי במערכת החינוך והשלכותיו על תלמידי ישראל""",2026-07-08 14:28:00
54bb59f6-ead5-4f87-9fde-51ac1ead0c41,odata:vote:46212,plenum,,,,"הצעה רגילה לסדר היום בנושא: ""גישה מפלה מצד האוצר: עונש קולקטיבי למוסדות שיש בהם ""משתמטים""""",2026-07-08 14:18:00
45127f3f-2afc-44b0-ba31-985c8d2e545c,odata:vote:46211,plenum,,,,"הצעה רגילה לסדר היום בנושא: ""אלף ימים לשבעה באוקטובר: רבבות סובלים מסתמיני פוסט-טראומה""",2026-07-08 14:06:00
9cbba3f2-a8e2-4e96-820b-67d9e0ed7801,odata:vote:46210,plenum,,,,"הצעת חוק אומנה לילדים (תיקון - מתן הסכמה לטיפול פסיכיאטרי), התשפ""ו-2026",2026-07-08 13:56:00
7972511d-3dbd-4a2c-8e22-8b06b88ea552,odata:vote:46208,plenum,,,,"הצעת חוק להנצחת זכרו של רבי נחמן מברסלב, התשפ""ו-2026",2026-07-08 13:42:00
4015b4d0-0baa-4c91-ac7b-86a0ce9fd03c,odata:vote:46207,plenum,,,,"הצעת חוק הרשויות המקומיות (מימון בחירות) (תיקון - ייצוג נשים ברשות המקומית), התשפ""ו-2026",2026-07-08 13:15:00
46b4bb9a-73e1-465a-b10d-a28cae7ec455,odata:vote:46205,plenum,,,,"הצעת חוק זכויות נפגעי עבירה (תיקון - הוספת סרסור והבאת אדם לידי זנות להגדרה עבירת מין או אלימות), התשפ""ו-2026",2026-07-08 12:56:00
30d1c5ec-cd40-4034-a934-cb5d8f2f178f,odata:vote:46203,plenum,,,,"הצעת חוק למניעת אלימות במשפחה (תיקון - הגדרת אלימות במשפחה), התשפ""ה-2024",2026-07-08 12:32:00
cee567e7-b723-4f27-81ed-1738d204924b,odata:vote:46204,plenum,,,,"הצעת חוק למניעת אלימות במשפחה (תיקון - הגדרת אלימות במשפחה), התשפ""ו-2026",2026-07-08 12:31:00
3ba3a99d-99ee-4464-86ed-0209a2591a84,odata:vote:46202,plenum,,,,"הצעת חוק המרכז להנצחת מורשתו של הנשיא יצחק נבון, התשפ""ו-2025",2026-07-08 11:51:00
ecde94b7-725e-4dba-8b4d-45ed75538ae5,odata:vote:46201,plenum,,,,"הצעת חוק להכרה, לחקר האמת, להנצחה ולפיצוי משפחות הנעדרים מפרשת ילדי תימן, המזרח והבלקן, התשפ""ד-2024",2026-07-08 11:27:00
63d31399-6767-48e7-a988-b967f05d218d,odata:vote:46200,plenum,,,,"הצעת חוק מעמדן של ההסתדרות הציונית העולמית ושל הסוכנות היהודית לארץ ישראל (תיקון - הסדרת מעמדה של החטיבה להתיישבות בקידום התיישבות כפרית ובעיירות פיתוח), התשפ""ד-2024",2026-07-08 11:22:00
53d58c8b-c775-4e6b-af1a-e31fc444a0d7,odata:vote:46199,plenum,,,,הצעת חוק-יסוד: מגילת העצמאות,2026-07-08 10:54:00
777cf6c3-48cb-4914-8b0d-68f4031bf796,odata:vote:46198,plenum,,,,"הצעת חוק התגמולים לנפגעי פעולות שנאה, התשפ""ג-2022",2026-07-08 10:25:00
ae09301e-8393-467e-93d3-78170d48ba78,odata:vote:46197,plenum,,,,"הצעת חוק התגמולים לנפגעי פעולות איבה (תיקון - פשעי שנאה), התשפ""ו-2026",2026-07-08 10:25:00
634354cc-e56b-4e2f-983f-a3133c54e3f1,odata:vote:46196,plenum,,,,"הצעת חוק איסור צריכת זנות (הוראת שעה ותיקון חקיקה) (תיקון - איסור צריכת תוכן מיני מקוון מותאם אישית), התשפ""ו-2026",2026-07-08 09:55:00
df6d7db2-7328-47c4-8161-39bdb8f28591,odata:vote:46195,plenum,,,,"הצעת חוק להגנת חיית הבר (תיקון - חילוט כלי ציד), התשפ""ה-2025",2026-07-08 09:28:00
ebae2154-1f36-4e60-b00a-3e9a995492a1,odata:vote:46193,plenum,,,,"הצעת חוק מאבק בארגוני פשיעה (תיקון - הרחבת הנסיבה המחמירה לזיקה בארגון פשיעה), התשפ""ד-2024",2026-07-08 09:12:00
5f300b77-1456-42e2-b872-53bead952c33,odata:vote:46194,plenum,,,,"הצעת חוק מאבק בארגוני פשיעה (תיקון - הרחבת הנסיבה המחמירה לזיקה לארגון פשיעה), התשפ""ה-2025",2026-07-08 09:12:00
37a86907-e798-4f90-860d-7da719d56e66,odata:vote:46189,plenum,,,,"הודעת הממשלה בהתאם לסעיף 31(ב) לחוק-יסוד: הממשלה להעביר לשר האוצר את הסמכויותהנתונות לשר הפנים לפי סעיף 4 לחוק בית הספר החקלאי מקוה ישראל, התשל""ו-1976.",2026-07-06 21:10:00
2ca22919-c33b-4524-8454-95c5e71f860c,odata:vote:46186,plenum,,,,"הודעת הממשלה בהתאם לסעיף 31(ב) לחוק-יסוד: הממשלה להעביר לשר האוצר את הסמכויותהנתונות לשר הפנים לפי סעיפים 1י(ג) ו8-(ב) לחוק עובדים זרים, התשנ""א,1991- לעניין התקנתתקנות אגרה שנתית לצורך קבל היתר להעסקת עובד זר בענף המלונאות",2026-07-06 21:09:00
6cc8e104-b309-493b-a685-f9a530760712,odata:vote:46187,plenum,,,,"הודעת הממשלה בהתאם לסעיף 31(ב) לחוק-יסוד: הממשלה להעביר לראש הממשלה אתהסמכויות הנתונות לשר הפנים לפי סעיף 11ג לחוק הכניסה לישראל, התשי""ב - 1952 - לענייןביטול רישיון ישיבה של מסתנן שהורשע בביצוע עבירה והרחקתו מישראל",2026-07-06 21:09:00
a7ac8ff2-f791-41e0-af54-5d434909336a,odata:vote:46185,plenum,,,,"החלטת ועדת החוקה, חוק ומשפט בדבר פיצול הצעת חוק היועץ המשפטי לממשלה והתובע הכללי (מינוי, כהונה, תפקידים וסמכויות), התשפ""ו–2026",2026-07-06 21:02:00
25f82598-4277-4e6e-a127-23b5be814fea,odata:vote:46184,plenum,,,,"הצעה להביע אי אמון בממשלה מטעם סיעות ישראל ביתנו, כחול לבן - המחנה הממלכתי והעבודה בנושא: ""ממשלה שאינה מסוגלת להגן על ערך השירות, על שיוויון הזכויות והחובות, ועל כבודם של מפקדי צה""ל, אינה ראויה להמשיך בתפקידה""",2026-07-06 14:58:00
9fe2a514-fc79-41ba-b93d-63452cf67eb3,odata:vote:46183,plenum,,,,"הצעה להביע אי אמון בממשלה מטעם סיעות רע""ם וחד""ש-תע""ל בנושא: ""הכישלון המתמשך במאבק בפשיעה ובאירועי הרצח בחברה הערבית""",2026-07-06 14:58:00
1435bf66-405c-472a-8ab7-bd6bc6a33204,odata:vote:46701,plenum,,,,"הצעה להביע אי אמון בממשלה מטעם סיעת יש עתיד בנושא: ""ממשלת המשתמטים והמושחתים""",2026-07-06 14:30:00
3172f62b-4eae-4c8a-88a7-2c2f38b52cdd,odata:vote:46179,plenum,,,,"הצעת חוק שיקום נרחב לחבל התקומה כאזור מיקוד לאומי וסיוע ליישובים הסמוכים אליו (תיקון מס' 2), התשפ""ו–2026",2026-07-01 19:46:00
143b5903-fcb7-4f9a-bed0-24af5aa04c4c,odata:vote:46178,plenum,,,,"הצעת חוק לתיקון פקודת סדר הדין הפלילי (מעצר וחיפוש) (מס' 19) (חיפוש שלא לפי צו חיפוש), התשפ""ו-2026",2026-07-01 19:41:00
bed5bc75-25d9-44e6-b525-fd437527ef4a,odata:vote:46177,plenum,,,,"הצעת חוק הרב יהודה עמיטל והרב אהרון ליכטנשטיין (ציון זכרם ופועלם), התשפ""ה-2025",2026-07-01 08:38:00
4f2aee77-7dc3-49fc-941a-32e590d89323,odata:vote:46176,plenum,,,,"הצעת חוק קביעת יום לציון הטבעת הספינה אלטלנה, התשפ""ג-2023",2026-07-01 08:29:00
0ff33f78-0114-4d1d-bc17-39cf1490338c,odata:vote:46369,plenum,,,,"הצעת חוק איסור הפליה במוצרים, בשירותים ובכניסה למקומות בידור ולמקומות ציבוריים (תיקון - הגדלת סכום הפיצוי בלא הוכחת נזק), התשפ""ו-2025",2026-06-30 21:00:00
3bc0e6c4-27d0-4906-aad8-3b7a41cec70f,odata:vote:46371,plenum,,,,"הצעת חוק לימוד חובה (תיקון - אחריות המדינה לחינוך בשעת חירום), התשפ""ו-2026",2026-06-30 21:00:00
818b69e9-2972-4b0d-ad26-66ea0227283d,odata:vote:46372,plenum,,,,"הצעת חוק הבטחת חיים בכבוד לאזרחים ותיקים (תיקוני חקיקה), התשפ""ו-2026",2026-06-30 21:00:00
f028baa3-728f-406d-811f-994c2a793bb9,odata:vote:46373,plenum,,,,"הצעת חוק חינוך ממלכתי (תיקון - מועצה לחינוך ממלכתי כללי), התשפ""ו-2026",2026-06-30 21:00:00
45bc0039-c733-4d42-ac83-4d4754b01f7e,odata:vote:46367,plenum,,,,"הצעת חוק הקמת ועדת חקירה ממלכתית לאירועי 7 באוקטובר, התשפ""ו-2025",2026-06-30 21:00:00
388affd3-a4aa-4d6c-83ba-d8adbbd504ac,odata:vote:46368,plenum,,,,"הצעת חוק הקמת ועדת חקירה ממלכתית למחדלי 7 באוקטובר, התשפ""ו-2025",2026-06-30 21:00:00
3d86c68f-232d-4ffe-ab0d-12d7445f438a,odata:vote:46370,plenum,,,,הצעת חוק-יסוד: הכנסת (תיקון - ייצוג הולם לנשים ברשימת מועמדים לכנסת),2026-06-30 21:00:00
dca939c5-1f8c-4d16-8f45-1d2141ac540b,odata:vote:46364,plenum,,,,"הצעת חוק חזקת הסכמה לתרומת אברים (תיקוני חקיקה), התשפ""ג-2023",2026-06-30 21:00:00
d1599ed6-217c-467b-9a61-24b71cedd6d1,odata:vote:46365,plenum,,,,"הצעת חוק צער בעלי חיים (הגנה על בעלי חיים) (תיקון - איסור שימוש בבעלי חיים במוסד חינוך או תרבות), התשפ""ה-2024",2026-06-30 21:00:00
1f4f5255-04b0-4308-b7b8-b58290105175,odata:vote:46169,plenum,,,,"הצעת חוק העונשין (תיקון מס' 155), התשפ""ו–2026",2026-06-29 19:26:00
4838d220-a305-4835-ab60-4836561236cb,odata:vote:46173,plenum,,,,"הצעת חוק לתיקון פקודת בתי הסוהר (מס' 73) (מניעת כניסתם של נציגי ארגון הצלב האדום הבין-לאומי והעברת מידע לארגון), התשפ""ו–2026",2026-06-29 18:00:00
91eb21fd-1477-460a-a6a7-5b1cfe6dda3f,odata:vote:46168,plenum,,,,"הצעת חוק הרשות השנייה לטלוויזיה ורדיו (תיקון מס' 50) (שידורי רדיו אנלוגי ללא הגבלה גאוגרפית), התשפ""ו–2026",2026-06-29 17:06:00
0badc835-5aec-43c0-9bc5-ccc48b274ecf,odata:vote:46167,plenum,,,,"הצעה להביע אי אמון בממשלה מטעם סיעות העבודה כחול לבן-המחנה הממלכתי וישראל ביתנו בנושא: ""כישלון ביטחוני רב-זירתי והמשך הפקרת השיוויון בנטל""",2026-06-29 15:00:00
bda01f8e-5ce7-45e7-922a-ed8f74fef3d7,odata:vote:46166,plenum,,,,"הצעה להביע אי אמון בממשלה מטעם סיעות חד""ש-תע""ל ורע""ם בנושא: ""סכנת הפגיעה בטוהר הבחירות והמעצרים הפוליטיים נגד הנהגת הציבור הערבי והשמאל העקבי""",2026-06-29 15:00:00
5f9232f4-1dc5-40fd-aba1-0977e11915f2,odata:vote:46172,plenum,,,,"הצעה להביע אי אמון בממשלה מטעם סיעת יש עתיד בנושא: ""ממשלה שאיבדה את ההשפעה המדינית והפכה את ישראל למדינת חסות""",2026-06-29 14:40:00
35dd60e9-1c0b-4e87-ade6-c47f5c145f36,odata:vote:46164,plenum,,,,"הצעה דחופה לסדר היום בנושא: ""חשש לשימוש לרעה בכוח המשרה באמצעות גרירת הליכים משמעתיים במשך תקופות ממושכות ללא הכרעה""",2026-06-24 12:48:00
fe074568-1820-41e2-a073-1f4faa85a1f0,odata:vote:46163,plenum,,,,"הצעה רגילה לסדר היום בנושא: ""המשך רדיפת לומדי התורה - מכרסם בכוחה של המדינה ובנוסף לא מוביל לשום תכלית""",2026-06-24 12:37:00
a0877906-7b63-4320-8ff8-ec1ab6628f12,odata:vote:46162,plenum,,,,"הצעה רגילה לסדר היום בנושא: ""תיעודים מזעזעים על אלימות קשה של לובשי מדים נגד מפגינים כשחלקם כבר מנוטרלים""",2026-06-24 12:25:00
88a4c9b3-89f4-4cc3-b8ca-bfd97298f066,odata:vote:46161,plenum,,,,"הצעה רגילה לסדר היום בנושא: ""השלכות השימוש בתקנוני צניעות והלכה במוסדות אקדמיים מתוקצבים""",2026-06-24 12:09:00
3145cb4b-7243-4cbb-a70c-a709119dacec,odata:vote:46159,plenum,,,,"הצעת חוק כליאתם של לוחמים בלתי חוקיים (תיקון מס' 4 והוראת שעה – חרבות ברזל) (תיקון מס' 8), התשפ""ו-2026",2026-06-24 11:56:00
d3f4ce99-10b6-4201-bfd9-cfc30772177d,odata:vote:46158,plenum,,,,"הצעת חוק להשבת כפיפות בתי הדין למשרד המשפטים, התשפ״ו-2026",2026-06-24 11:29:00
8988226f-6abb-4664-816a-a04c64ff732a,odata:vote:46157,plenum,,,,"הצעת חוק ביטוח בריאות ממלכתי (תיקון - הפחתה בדמי ביטוח בריאות לתושבי הפריפריה), התשפ""ו-2026",2026-06-24 11:01:00
de0871fc-5a59-4588-98db-86419dbde01b,odata:vote:46156,plenum,,,,"הצעת חוק סדר הדין הפלילי (סמכויות אכיפה - חיפוש בגוף ונטילת אמצעי זיהוי) (תיקון - הגדרת חיפוש בעירום מלא כחיפוש פנימי), התשפ""ו-2026",2026-06-24 10:36:00
37931bf0-497f-42e4-8b34-28649e36b143,odata:vote:46155,plenum,,,,"הצעת חוק הביטוח הלאומי (תיקון - שיקום בעלי חיים כעבודה מועדפת), התשפ""ו-2026",2026-06-24 10:12:00
c42a30a3-ec61-4d07-b086-5a9df5a71166,odata:vote:46154,plenum,,,,"הצעת חוק פיקוח על רווחי שיווק בתוצרת חקלאית, התשפ""ה-2024",2026-06-24 09:57:00
caab8032-46c5-4f30-8efa-7ef3f926adbb,odata:vote:46152,plenum,,,,"הצעת חוק שירות המילואים (תיקון - טיפול נפשי וזוגי לבני משפחות משרתי המילואים) (הוראת שעה - חרבות ברזל), התשפ""ה-2024",2026-06-24 09:38:00
d351838b-6670-4934-95dc-4835a172b22a,odata:vote:46153,plenum,,,,"הצעת חוק שירות אזרחי (תיקון - שירות מילואים אזרחי לבוגרי שירות לאומי ושירות אזרחי בעיתות חירום), התשפ""ד-2024",2026-06-24 09:37:00
3e535f6b-62e9-4f4c-a8a8-279c306b67b3,odata:vote:46151,plenum,,,,"הצעת חוק המכינות הקדם-צבאיות (תיקון - תקציב ייעודי להנגשה ולשילוב חניכים עם מוגבלות), התשפ״ו-2026",2026-06-24 09:31:00
03cc9a2f-11cb-489d-abc5-42b6500e38d0,odata:vote:46147,plenum,,,,"הודעת הממשלה בהתאם לסעיף 31(ב) לחוק-יסוד: הממשלה להעביר לראש הממשלה את הסמכויות הנתונות לשר הפנים לפי סעיף 3א(ג1) לחוק הכניסה לישראל, התשי""ב ב-1952, לעניין הארכת רישיון לישיבת ביקור לעובד זר, או הענקת אשרה ורישיון חדשים לעובד זר, בנסיבות מיוחדות וחריגות של תרומת העובד הזר לכלכלה, למשק, לתרבות, לספורט או לחברה.",2026-06-22 16:51:00
99fec0ec-3bf6-4bb2-b284-a6115130c33c,odata:vote:46145,plenum,,,,"העברת הצעת חוק-יסוד: לימוד תורה מוועדת החוקה, חוק ומשפט לוועדת הכנסת",2026-06-22 14:45:00
81fe44e0-a1ba-4da6-9286-d59d094f8413,odata:vote:46142,plenum,,,,"הצעה להביע אי-אמון בממשלה מטעם סיעות חד""ש-תע""ל ורע""ם בנושא: ""המצב הכלכלי, יוקר המחיה והשפעתו על החברה הערבית""",2026-06-22 14:12:00
58e1ccf9-2a14-4cf8-b38d-288ca458a650,odata:vote:46143,plenum,,,,"הצעה להביע אי-אמון בממשלה מטעם סיעת יש עתיד בנושא: ״קואליציה שהביעה אי־אמון בעצמה, איבדה את הרוב ואיבדה את הזכות למשול״",2026-06-22 14:11:00
acd5a587-16cd-4cdc-9971-e1ab97573d6c,odata:vote:46140,plenum,,,,"החלטת ועדת הכלכלה בדבר פיצול פרק י""ג (ייעול וקידום התחרות במשק הדלק) מתוך הצעת חוק התוכנית הכלכלית (תיקוני חקיקה ליישום המדיניות הכלכלית לשנת התקציב 2026), התשפ""ו-2026 [פוצלה לפי סעיף 84(ב) לתקנון]",2026-06-17 13:10:00
88e3c7de-f65a-447d-ac87-ba9ad9b76fcb,odata:vote:46139,plenum,,,,"הצעה דחופה לסדר היום בנושא: ""פערים בתכנית החומש לשיקום הצפון בנושא התמיכה בחקלאות""",2026-06-17 13:02:00
4433a9cb-406d-4a4f-a771-be543b3f0eda,odata:vote:46137,plenum,,,,הצעת ועדת הכנסת לקביעת חסינות בפני דין פלילי לחברת הכנסת טלי גוטליב,2026-06-17 12:36:00
8a5856a9-839d-41ca-b0f1-a525688fd010,odata:vote:46136,plenum,,,,"הצעת חוק הביטוח הלאומי (תיקון - תשלום קצבת שארים לעגונה ולמסורבי גט שהתאלמנו), התשפ""ה-2025",2026-06-17 09:05:00
0d323af1-dd6d-4f03-ac7d-06d87223b243,odata:vote:46135,plenum,,,,"הצעת חוק הבנקאות (שירות ללקוח) (תיקון - קורס חינוך פיננסי ללקוח בחריגה ממסגרת האשראי או בחריגה תזרימית), התשפ""ו-2026",2026-06-17 08:30:00
ca76e2a8-8aaa-413b-b3e0-4fb395776f2b,odata:vote:46130,plenum,,,,"הצעה להביע אי אמון בממשלה מטעם סיעות ישראל ביתנו, כחול לבן-המחנה הממלכתי והעבודה בנושא : ""כישלון הממשלה בכל החזיתות""",2026-06-15 13:49:00
aa62ec7a-673a-4ecb-aec1-470cab316d94,odata:vote:46129,plenum,,,,"הצעה להביע אי אמון בממשלה מטעם סיעות חד""ש-תע""ל ורע""ם בנושא:""מדיניות ההריסה, ההדרה והמחנק התכנוני נגד האזרחים הערבים""",2026-06-15 13:49:00
deb85f7b-b7c6-4f5d-bd8e-6ab9d69f1fa9,odata:vote:46131,plenum,,,,"הצעה להביע אי אמון בממשלה מטעם סיעת יש עתיד בנושא: ״קואליציה שהביעה אי־אמון בעצמה, איבדה את הרוב ואיבדה את הזכות למשול״",2026-06-15 13:48:00
cc192e63-ede7-4349-a970-67748508cfb1,odata:vote:46111,plenum,,,,"הצעת חוק לתיקון פקודת המשטרה (מס' 45), התשפ""ו–2026",2026-06-10 22:28:00
af5813cc-b95c-4000-be8a-e7107658bf7e,odata:vote:46083,plenum,,,,"הצעה רגילה לסדר היום בנושא: ""אמהות וקריירה - פערי השכר בין נשים לגברים בישראל ובייחוד על רקע מצבי החירום""",2026-06-10 16:27:00
0eec58a5-01d6-43d8-83cd-24a07d0ec93c,odata:vote:46082,plenum,,,,"הצעת חוק זכויות נפגעי עבירה (תיקון - העברת ערכות דגימה), התשפ""ה-2025",2026-06-10 14:43:00
386ddf4f-4844-4c64-ab7c-323ea1d69312,odata:vote:46081,plenum,,,,"הצעת חוק בתי המשפט (תיקון - חוות דעת פסיכיאטר לעניין איסור פרסומים), התשפ""ו-2026",2026-06-10 14:24:00
4c5423e0-a6b9-41b7-b080-3167c01aa093,odata:vote:46080,plenum,,,,"הצעת חוק מס ערך מוסף (תיקון - מס בשיעור אפס על ספרי לימוד וחומרי לימוד), התשפ""ו-2025",2026-06-10 10:28:00
935f51ef-37ae-4144-84d7-162a5d8dfd55,odata:vote:46127,plenum,,,,"הצעה רגילה לסדר היום בנושא: ""הקמת ועדת חקירה פרלמנטרית לבחינת אובדן המשילות, הפרוטקשן המשתולל והעלייה בפשיעה החמורה""",2026-06-09 21:00:00
aa086467-0091-4fa0-9253-59775aa502b3,odata:vote:46123,plenum,,,,"הצעת חוק שירות המדינה (מינויים) (תיקון - מינויים בכירים בשירות המדינה), התשפ""ו-2026",2026-06-09 21:00:00
580d9bf6-e4b0-496c-a38b-70aae29b8e58,odata:vote:46124,plenum,,,,"הצעת חוק שירות המדינה (תיקון - דרך המינוי), התשפ""ה-2025",2026-06-09 21:00:00
60808e40-7384-44fe-8d39-87676ad32215,odata:vote:46122,plenum,,,,הצעת חוק-יסוד: הממשלה (תיקון - מינויים בכירים בשירות המדינה),2026-06-09 21:00:00
73ff12d2-cae3-46e6-a06a-5f73acc762c9,odata:vote:46125,plenum,,,,"הצעת חוק הפסקת כהונה של נושאי משרה בכירים בתקופת הכהונה הראשונית של ממשלה חדשה, התשפ""ה-2025",2026-06-09 21:00:00
8b4bd69e-028b-4292-96b3-4f40271d38ca,odata:vote:46120,plenum,,,,"הצעת חוק לתיקון פקודת מס הכנסה (תרומה למוסד ציבורי באזורי עדיפות לאומית), התשפ""ה-2025",2026-06-09 21:00:00
b7bb8d5f-71ce-49c9-8c94-ba97294f7477,odata:vote:46363,plenum,,,,"הצעה דחופה לסדר היום בנושא: ""היעדר תקשורת מצילת חיים ומחוללת צמיחה בפריפריה""",2026-06-09 21:00:00
d6eefc32-4168-4e40-a496-82db529dea1d,odata:vote:46358,plenum,,,,"הצעה רגילה לסדר היום בנושא: ""הסלמת תופעת הטרור היהודי בשטחי יהודה ושומרון והיעדר האכיפה מצד גורמי הביטחון בשטח""",2026-06-09 21:00:00
4f5928f8-75f4-449e-9c0c-a9296a063926,odata:vote:46126,plenum,,,,"הצעת חוק העונשין (תיקון - החמרת ענישה על פגיעה בקטין או בחסר ישע), התשפ""ו-2026",2026-06-09 21:00:00
e6c53c73-5186-4195-a358-5188a635afaa,odata:vote:46119,plenum,,,,"הצעת חוק לעידוד השקעות הון (תיקון - תחולה על מפעל תעשייתי ביישובים הסמוכים לגבול העימות בצפון, בשדרות וביישובי עוטף עזה), התשפ""ה-2024",2026-06-09 21:00:00
aec41a0b-bcc1-4b9d-98dc-c1e03c4bd4c9,odata:vote:46362,plenum,,,,"הצעה דחופה לסדר היום בנושא: ""פרסום משטרתי שגוי של סיבת מקרי רצח""",2026-06-09 21:00:00
3f06ddb0-3ac7-4c45-8c6a-f6ebc8ded9ae,odata:vote:46359,plenum,,,,"הצעה רגילה לסדר היום בנושא: ""ההגירה השלילית של צעירים ישראלים, והסכנות הניצבות בפני המדינה, בעקבות מדיניות ממשלת ישראל ה-37""",2026-06-09 21:00:00
c87f3b2c-7941-4769-91c4-c0599173079d,odata:vote:46361,plenum,,,,"הצעה דחופה לסדר היום בנושא: ""פגיעה בביטחון אזרחים וישובים לאורך הגבולות בעקבות הודעת פיקוד העורף על קיצוץ דרמטי בתקציבי מרכיבי הביטחון""",2026-06-09 21:00:00
1a64734d-f832-4fd9-902e-1824f8e6b504,odata:vote:46078,plenum,,,,"הצעת חוק הכרה בתרומתם של כלבים ששירתו בגופים ביטחוניים, התשפ""ו–2026",2026-06-09 16:00:00
744f61d1-b432-4ea8-859e-0e5fd3e8a137,odata:vote:46076,plenum,,,,"הצעת חוק בתי המשפט (תיקון מס' 107), התשפ""ו–2026",2026-06-09 15:55:00
2bf0cd47-bfec-49a5-becd-cff1ae75ee5e,odata:vote:46074,plenum,,,,"הצעת חוק יום לציון מורשת יהדות מרוקו, לעליית יהודי מרוקו לישראל ולהנצחת זכרם של הנספים בדרך לישראל, התשפ""ו–2026",2026-06-09 15:44:00
0815ed1b-ec79-4680-a14b-94858e3f25aa,odata:vote:46072,plenum,,,,"הצעת חוק הגבלת שכר טרחה (נכי צבא הגנה לישראל וכוחות הביטחון ונפגעי פעולות איבה), התשפ""ו-2026",2026-06-09 14:52:00
aaba01dc-1e56-4f63-b9dc-f535c14c3448,odata:vote:46061,plenum,,,,"הודעת הממשלה בהתאם לסעיף 31(ב) על העברת סמכויות משר הפנים לראש הממשלה לפי סעיף 265 לחוק התכנון והבנייה, התשכ""ה-1965",2026-06-07 21:00:00
d48c1aa5-828f-488c-b933-5120c2e74c5b,odata:vote:46059,plenum,,,,"הצעה להביע אי אמון בממשלה מטעם סיעות רע""ם וחד""ש-תע""ל בנושא: ""תוכנית הפקעת הקרקעות של החברה הבדואית בנגב""",2026-06-07 21:00:00
78d00c47-4181-4ac2-b4b2-bab55fdb6b85,odata:vote:46065,plenum,,,,"הצעת חוק הגנת הסייבר הלאומית, התשפ""ו-2026",2026-06-07 21:00:00
1a10565d-bec9-46a5-a91d-4d566e6cc355,odata:vote:46067,plenum,,,,"הצעת חוק העונשין (תיקון מס' 154), התשפ""ו-2026",2026-06-07 21:00:00
656d6544-2452-418b-a866-5abfa5ab3305,odata:vote:46063,plenum,,,,"הצעת חוק להקפאת כספים ששילמה הרשות הפלסטינית בזיקה לטרור מהכספים המועברים אליה מממשלת ישראל (תיקון), התשפ""ו–2026",2026-06-07 21:00:00
2c2cf19d-561b-4729-9f90-c688802970a6,odata:vote:46058,plenum,,,,"הצעת אי אמון בממשלה מטעם סיעת יש עתיד בנושא: ""ממשלה כושלת המעודדת השתמטות, פוגעת במעמד הביניים ומפקירה את נושא יוקר המחייה""",2026-06-07 21:00:00
b26f966a-134c-47e4-b006-795391e8a6af,odata:vote:46062,plenum,,,,"הודעת הממשלה בהתאם לסעיף 31(ב) על העברת סמכויות משר הפנים לראש הממשלה לפי סעיף 11ב לחוק שירותי הדת היהודיים [נוסח משולב], התשל""א-1971",2026-06-07 21:00:00
168fb3b5-d611-4019-8b16-0d22841d1370,odata:vote:46060,plenum,,,,"הודעת הממשלה בהתאם לסעיף 31(ב) על העברת סמכויות משר הפנים לראש הממשלה לפי סעיף 266ה(ב) לחוק התכנון והבנייה, התשכ""ה-1965",2026-06-07 21:00:00
7e5d61b2-113a-4ca5-a2eb-3a3a6bb58eac,odata:vote:46068,plenum,,,,"הצעת חוק הכרה בשפת הסימנים הישראלית, התשפ""ו-2026",2026-06-07 21:00:00
3d2712dd-75ee-4c81-99ba-1395bd9afe12,odata:vote:46049,plenum,,,,"הצעת חוק העונשין (תיקון מס' 157) (הארכת תקופת ההתיישנות בעבירות מין בקטינים), התשפ""ה–2025 (פ/2559/25) (פ/2601/25) (פ/2779/25)",2026-06-03 23:38:00
e51333c8-df8c-496d-b519-a86b94421031,odata:vote:46048,plenum,,,,"הצעת חוק הרשות לפיתוח הנגב (תיקון מס' 4) (תיקון מס' 2) (הארכת התקופה להסדרה תכנונית של מיזם חקלאי–תיירותי משולב), התשפ""ו–2025",2026-06-03 23:02:00
bc788c68-eadb-4e9f-bec5-a14bbd3b3038,odata:vote:46046,plenum,,,,"הצעת חוק הטבות מס ליישוב אזור קו עימות מזרחי (הוראת שעה), התשפ""ו–2026 (פ/5592/25)",2026-06-03 22:41:00
e4b018c6-8c90-4176-8061-76e197b2bef0,odata:vote:46025,plenum,,,,"הצעה דחופה לסדר היום בנושא: ""הטלת מגבלות תקציביות על המרכז הרפואי לגליל בנהריה בשעת מלחמה""",2026-06-03 19:14:00
a3f6568b-5434-4ff8-b1de-6884711f9be2,odata:vote:46024,plenum,,,,"הצעת חוק זכויות נפגעי עבירה (תיקון - התרת פרסום שמו של פוגע), התשפ""ו-2026",2026-06-03 15:04:00
f23b82c5-6512-4ce4-9bc5-321919b37440,odata:vote:46020,plenum,,,,"הצעת חוק העונשין (תיקון - ביטול עבירת המטרד על ידי עיסוק בזנות), התשפ""ה-2025",2026-06-03 14:44:00
609972d3-6661-478c-afcd-79e4909cb6bc,odata:vote:46022,plenum,,,,"הצעת חוק העונשין (תיקון - ביטול עבירת המטרד על ידי עיסוק בזנות), התשפ""ג-2023",2026-06-03 14:42:00
bb07e53e-2173-4c81-b773-1aec9ac9707b,odata:vote:46019,plenum,,,,"הצעת חוק לתיקון פקודת התעבורה (אכיפת עבירות תעבורה על ידי רשויות מקומיות), התשפ""ו-2026",2026-06-03 14:09:00
152a49c6-2b03-4d71-8a97-e1b752c9c4aa,odata:vote:46051,plenum,,,,ישיבה מיוחדת לבחירת מבקר המדינה,2026-06-03 13:27:00
37fc737d-4723-4b03-8198-1c73ad214c95,odata:vote:46052,plenum,,,,"הצעת חוק האזרחים הוותיקים (תיקון - תגמול מחיה לאזרחים ותיקים), התשפ""ו-2026",2026-06-02 21:00:00
9239713f-bdd9-47bd-8051-ceba7991fbf5,odata:vote:46008,plenum,,,,"הצעת חוק התכנון והבניה (תיקון מס' 168), התשפ""ו-2026",2026-06-02 01:14:00
97149747-b64e-418e-8581-590b725aeecf,odata:vote:46009,plenum,,,,"הצעת חוק היועץ המשפטי לממשלה והתובע הכללי (מינוי, כהונה, תפקידים וסמכויות), התשפ""ו–2026",2026-06-02 01:12:00
c4a4946f-bdc5-4fe1-a1aa-93d87b0c9db9,odata:vote:46018,plenum,,,,"הצעת חוק התקשורת (שידורים), התשפ""ו-2025",2026-06-01 21:00:00
47cee80d-5ecf-4518-8463-bc7e9408f84d,odata:vote:46006,plenum,,,,"הצעת להביע אי אמון בממשלה מטעם סיעת יש עתיד בנושא: ״ממשלה כושלת המעודדת השתמטות, פוגעת במעמד הביניים ומפקירה את נושא יוקר המחייה״",2026-06-01 14:52:00
5551f9e4-c25a-4fb7-8cb0-9b6d1451096f,odata:vote:46015,plenum,,,,הצעת חוק-יסוד: סמכות חקירה והעמדה לדין (תיקוני חקיקה),2026-05-31 21:00:00
ee971030-665b-49ef-8a56-2c810d636d5c,odata:vote:46013,plenum,,,,"צו תעריף המכס והפטורים ומס קנייה על טובין (תיקון מס' 4), התשפ""ו-2026",2026-05-31 21:00:00
655397fe-2b6c-426a-a152-926e326a8309,odata:vote:46014,plenum,,,,"הצעת חוק התפזרות הכנסת העשרים וחמש, התשפ""ו-2026",2026-05-31 21:00:00
79313344-244b-49a9-a6a3-981be3985c98,odata:vote:46001,plenum,,,,"צו הכללת אמצעי זיהוי ביומטריים ונתוני זיהוי ביומטריים במסמכי זיהוי ובמאגר מידע (תיקון והוראת שעה) (הארכת תקופת הוראת שעה), התשפ""ו-2026",2026-05-27 11:38:00
b75ef59d-8cde-478e-8e7f-c64d96352717,odata:vote:46000,plenum,,,,"הצעה דחופה לסדר היום בנושא: ""קיצוץ תקני ההגנה המרחבית ביהודה ושומרון והכפפת לוחמי המילואים לאישורי שב""כ""",2026-05-27 10:39:00
3faa836f-ae2f-4331-ac48-519ce0655e9e,odata:vote:45999,plenum,,,,"הצעה דחופה לסדר היום בנושא: ""הצורך הקריטי בתקצוב ובהסדרת מערך השיקום האונקולוגי למחלימים בישראל""",2026-05-27 10:22:00
74a14218-fe8f-42c7-93e3-68d63c5789c3,odata:vote:45998,plenum,,,,"הצעה רגילה לסדר היום בנושא: ""הטלת מכס של 50% על מספוא החיטה והשפעת המהלך על העלאת יוקר המחיה במדינת ישראל""",2026-05-27 10:05:00
0d84a7ba-533f-4164-888e-136363f03f83,odata:vote:46004,plenum,,,,"הצעת חוק קבלת ילד למעון יום והשתתפות המדינה בעלות שכר הלימוד בו, התשפ""ה-2024",2026-05-26 21:00:00
2e33c6cc-1cce-4933-9087-2bd363cc350c,odata:vote:46002,plenum,,,,"הצעת חוק מחיקת חובות שמקורם בתגמולי מילואים במלחמת חרבות ברזל (תיקוני חקיקה), התשפ""ו-2026",2026-05-26 21:00:00
ebebfb43-ac52-4a0b-91bc-791934b7716c,odata:vote:46003,plenum,,,,"הצעת חוק חוסן לישראל - הרשות הלאומית לחוסן נפשי ולטראומה, התשפ""ו-2026",2026-05-26 21:00:00
515c4670-26d0-414e-9643-b52c2d900e81,odata:vote:45991,plenum,,,,"הצעת חוק שיקום נרחב לחבל התקומה כאזור מיקוד לאומי וסיוע ליישובים הסמוכים אליו (תיקון) (סכום חד־פעמי למימון הוצאות מיוחדות), התשפ""ו–2026",2026-05-25 18:13:00
e30a8c0c-02ac-4252-a036-d67bee3a8719,odata:vote:45986,plenum,,,,"הצעה להביע אי אמון בממשלה של סיעת העבודה בנושא: ""כישלון מוחלט של הממשלה""",2026-05-25 15:02:00
005d538a-8f3a-4ea5-a447-71bc81fe846f,odata:vote:45988,plenum,,,,"הצעה להביע אי אמון בממשלה מטעם סיעת כחול לבן בנושא: ""ממשלה שמועדדת את הקיטוב בחברה הישראלית""",2026-05-25 15:01:00
230eb87f-7ab9-46f1-9455-1c40567cf5dc,odata:vote:45987,plenum,,,,"הצעה להביע אי אמון בממשלה מטעם סיעת ישראל ביתנו בנושא: ""כישלון של הדרג המדיני בניהול ביטחון המדינה""",2026-05-25 15:01:00
242c69a9-b787-4e6c-8ae7-3332b19f6f66,odata:vote:45989,plenum,,,,"הצעה להביע אי אמון בממשלה מטעם סיעות חד""ש-תע""ל ורע""ם בנושא: ""כישלון שיטתי ומכוון בשילוב האזרחים הערבים במוקדי קבלת ההחלטות במגזר הציבורי ובחברות הממשלתיות, תוך הפרה מתמשכת של החובה החוקית לייצוג הולם""",2026-05-25 15:00:00
aff245f3-e8ae-4bec-989b-7b867ab9f006,odata:vote:45992,plenum,,,,"סמכויות לפי חוק הכללת אמצעי זיהוי ביומטריים ונתוני זיהוי ביומטריים במסמכי זיהוי ובמאגר מידע (תיקון הוראת שעה), התשע""ז - 2017, לעניין הארכת הוראת שעה",2026-05-24 21:00:00
8a033c17-b262-4ee6-9bd6-98488ab92df7,odata:vote:45971,plenum,,,,"הצעת חוק סיוע לבני משפחה של נעדרים, התשפ""ו–2026",2026-05-20 17:05:00
16f5c39f-7d33-449a-a22b-5e6e49fc3d0f,odata:vote:45969,plenum,,,,"הצעה דחופה לסדר היום בנושא: ""היעדר פתרון ביטוחי לעסקים תחת איומי פרוטקשן""",2026-05-20 16:56:00
9fee2524-4770-4f73-8105-20732740e64f,odata:vote:45968,plenum,,,,"הצעה דחופה לסדר היום בנושא: ""ניסיון בולשביקי לסתימת פיות תקשורתית ולפגיעה בחופש הביטוי של ערוץ 14""",2026-05-20 16:41:00
b66c76d6-635c-408d-8c95-284e6d3df981,odata:vote:45967,plenum,,,,"הצעה רגילה לסדר היום בנושא: ""כישלון מערכת החינוך הממלכתי במקצועות הליבה והאפליה המשפטית נגד הציבור החרדי""",2026-05-20 16:21:00
5b3da718-6ac9-44cf-a1b5-42ca66429bcb,odata:vote:45974,plenum,,,,"הצעת חוק התפזרות הכנסת העשרים וחמש, התשפ""ג-2023",2026-05-19 21:00:00
a6896521-925c-44bf-8f17-1e625333bfd6,odata:vote:45976,plenum,,,,"הצעת חוק התפזרות הכנסת העשרים וחמש, התשפ""ד-2023",2026-05-19 21:00:00
e112f71d-483d-4d76-a290-bf21c6734df5,odata:vote:45973,plenum,,,,"הצעת חוק התפזרות הכנסת העשרים וחמש, התשפ""ג-2022",2026-05-19 21:00:00
9d8b31f1-6a2f-4065-ad7b-780ca67bc2e3,odata:vote:45977,plenum,,,,"הצעת חוק התפזרות הכנסת העשרים וחמש, התשפ""ה-2025",2026-05-19 21:00:00
90634317-a68e-4a16-9ae2-28d6a78c2ae2,odata:vote:45985,plenum,,,,הצעה רגילה לסדר היום בנושא: הקמת ועדת חקירה פרלמנטרית לבחינת מדיניות המשטרה כלפי האזרחים הערבים,2026-05-19 21:00:00
b6c6195f-7eb6-478d-919f-92d544831835,odata:vote:45984,plenum,,,,"הצעת חוק הפיקוח על שירותים פיננסיים (שירותים פיננסיים מוסדרים) (תיקון - מתן רישיון לנותן שירות זר), התשפ""ו-2026",2026-05-19 21:00:00
b4020403-adb6-4261-9ec0-c9e0f89537b3,odata:vote:45952,plenum,,,,"הצעת חוק ביטוח בריאות ממלכתי (תיקון מס' 73), התשפ""ו–2026",2026-05-13 11:39:00
941f706c-6b77-41f7-9ef8-49316b6d907e,odata:vote:45950,plenum,,,,"הצעת חוק זכויות מבצעים ומשדרים (תיקון מס' 10), התשפ""ו–2026",2026-05-13 11:08:00
8876adc0-4806-4949-bf14-1e7cfd43d497,odata:vote:45949,plenum,,,,"הצעה דחופה לסדר היום בנושא: ""סוף שבוע קטלני בכבישים""",2026-05-13 10:14:00
d0d46913-d6d8-400b-8a6a-2585f32f38bb,odata:vote:45948,plenum,,,,"הצעה דחופה לסדר היום בנושא: ""מחירי המזון רושמים שיאים""",2026-05-13 09:54:00
d3a3d7ec-2f16-49c8-bcc5-ac12f9fbc59c,odata:vote:45947,plenum,,,,הצעה רגילה לסדר היום בנושא: בתוך שבועיים - אותרו 14 שנמצאו מתים בדירותיהם,2026-05-13 09:26:00
832ea8ab-c3cb-4a09-b9d4-80cf446b9a12,odata:vote:45946,plenum,,,,"הצעה רגילה לסדר היום בנושא: ""אשרור פירוק חמאס ופירוז רצועת עזה כתנאים ליישום התוכנית לסיום המלחמה""",2026-05-13 09:13:00
468c3a26-088c-4c34-87b6-7d1a70e23791,odata:vote:45945,plenum,,,,"הצעה רגילה לסדר היום בנושא: ""אובדן המשילות בנגב והשלכותיו החמורות במגוון תחומי החיים בנגב""",2026-05-13 09:02:00
9be0d743-9799-4c48-be54-aec3b8330726,odata:vote:45944,plenum,,,,"הצעת חוק דחיית מועדים (תשלומים של בעל עסק המשרת בשירות מילואים פעיל), התשפ""ה-2025",2026-05-13 08:42:00
a57de60a-3741-4750-9ed7-0174d82f4491,odata:vote:45955,plenum,,,,"הצעת חוק לתיקון פקודת מס הכנסה (נקודות זיכוי להורי חיילים), התשפ""ה-2024",2026-05-12 21:00:00
4da5d300-14e8-47b5-857e-f29fcabf5b38,odata:vote:45941,plenum,,,,"הצעת חוק הכרה בתרומתם של כלבים ששירתו בגופים ביטחוניים, התשפ""ה–2025",2026-05-12 14:50:00
212de495-4142-4aa8-bc1a-6de640b7397e,odata:vote:45940,plenum,,,,"הצעת חוק בתי המשפט (תיקון מס' 109) (ביקור שופט בבתי סוהר), התשפ""ו–2026",2026-05-12 14:40:00
1ac5d352-2083-4c30-82b5-9a6f3c47a721,odata:vote:45932,plenum,,,,"הצעת חוק לתיקון פקודת המשטרה (מס' 43), התשפ""ו-2026",2026-05-11 22:09:00
cfd73ab4-394f-4ae2-a508-68e4981ddff8,odata:vote:45931,plenum,,,,"הצעת חוק לתיקון פקודת המועצות המקומיות (מס' 81), התשפ""ו-2026",2026-05-11 21:35:00
ac73aa2e-6326-4f49-8cc4-7bb0b482715f,odata:vote:45929,plenum,,,,"הצעת חוק רשות העתיקות (תיקון - סמכות רשות העתיקות ביהודה והשומרון), התשפ""ד-2024",2026-05-11 21:17:00
d8e964c9-8fc0-4829-bb92-e130def68143,odata:vote:45930,plenum,,,,"הצעת חוק רשות המורשת ביהודה והשומרון, התשפ""ו–2026",2026-05-11 21:15:00
f503ce85-eca1-4253-b7e1-80e3aea84fe1,odata:vote:45927,plenum,,,,"הצעת חוק העמדה לדין בשל אירועי טבח 7 באוקטובר 2023 (טבח שמיני עצרת), התשפ""ו–2026",2026-05-11 19:55:00
d0908b75-a4cf-4087-94ae-9353eec2d654,odata:vote:45936,plenum,,,,"הצעה להביע אי אמון מטעם סיעות חד""ש-תע""ל ורע""מ בנושא: ""הפקרת ביטחון האזרחים הערבים והיעדר מיגון ציבורי""",2026-05-10 21:00:00
feed841a-c06c-4bc7-8b8b-16b172b86a20,odata:vote:45935,plenum,,,,"הצעה להביע אי אמון בממשלה מטעם סיעות ישראל ביתנו, כחול לבן - המחנה הממלכתי והעבודה בנושא: ""הפקרת תושבי הצפון והיעדר מיגון הולם בעורף""",2026-05-10 21:00:00
a0f65629-3f62-4236-8a7c-9260dd0b5898,odata:vote:45934,plenum,,,,הצעה להביע אי אמון בממשלה מטעם סיעת יש עתיד בנושא: ״הפקרת תושבי הצפון״,2026-05-10 21:00:00
3dda6754-d598-4a3c-8e60-6fde0ebfd8f7,odata:vote:45917,plenum,,,,"הצעת חוק התוכנית לסיוע כלכלי (הוראת שעה) (סיוע לעסקים ולמוסדות ציבור), התשפ""ו-2026",2026-05-04 12:32:00
ecea29b4-5235-4168-8bcd-d86cb719d791,odata:vote:45890,plenum,,,,"החלטת ועדת הפנים והגנת הסביבה בדבר תיקון טעות בחוק שיקום נזקי מלחמה בדרך של התחדשות עירונית, התשפ""ו-2026",2026-04-27 16:28:00
802bb638-db3d-485b-98e5-9c68276cfdf1,odata:vote:45888,plenum,,,,"הצעה לסדר היום בנושא: ""הפקרות הצפון""",2026-04-27 16:14:00
cdde8b90-df10-4185-ba46-6f995e16de31,odata:vote:45885,plenum,,,,"הצעת חוק חובת דיווח על מלאי מזון לבעלי חיים ומלאי חיטה לשם היערכות למחסור משמעותי, התשפ""ו-2026",2026-04-27 15:01:00
2381a668-8b38-4f5d-93fc-b909d893ece6,odata:vote:45884,plenum,,,,"הצעת חוק השמות (תיקון מס' 9), התשפ""ו-2026",2026-04-27 14:37:00
5ac5d3ff-9ccc-48e0-bda4-0ea33e1ede47,odata:vote:45881,plenum,,,,"הצעת חוק הביטוח הלאומי (תיקון מס' 263), התשפ""ו-2026",2026-04-27 14:16:00
98c00024-5be7-4cf3-9a76-34722b61f9e0,odata:vote:45880,plenum,,,,"הצעת חוק הוועדה לטיפול במשפחות נעדרים אזרחיים, התשפ""ה-2024",2026-04-27 14:05:00
ec88bcea-beaa-4e9c-94a0-99dbb9070918,odata:vote:45879,plenum,,,,"הצעת חוק הוועדה לטיפול במשפחות נעדרים וחטופים, התשפ""ה-2024",2026-04-27 14:05:00
8c91778e-9679-4f8f-a835-1789b8d5c990,odata:vote:45875,plenum,,,,"הצעת חוק הוועדה לטיפול במשפחות נעדרים אזרחיים, התשפ""ד-2023",2026-04-27 14:04:00
bb2de25b-2398-4f6b-9226-1da510cfaaf4,odata:vote:45876,plenum,,,,"הצעת חוק הוועדה לטיפול במשפחות נעדרים אזרחיים, התשפ""ג-2023",2026-04-27 14:03:00
5ed4e719-fbeb-4304-a8a0-7262a4b59474,odata:vote:45877,plenum,,,,"הצעת חוק הוועדה לטיפול במשפחות נעדרים אזרחיים, התשפ""ג-2022",2026-04-27 14:02:00
02461fde-e627-418d-be80-6e2ef509be29,odata:vote:45878,plenum,,,,"הצעת חוק סיוע לבני משפחות של אזרחים נעדרים, התשפ""ה–2025",2026-04-27 14:02:00
f8bcb1d8-8003-493d-9826-0093b9e3839b,odata:vote:45887,plenum,,,,"הצעה לסדר היום בנושא: ""הכישלון המדיני""",2026-04-27 12:00:00
456f9b36-db78-426f-a302-49a986b1a862,odata:vote:45854,plenum,,,,"הצעת חוק העונשין (תיקון מס' 162) (תקיפת חייל), התשפ""ו–2026",2026-03-30 23:31:00
2cbae57e-988d-45c6-bd70-eeb7db7e7d36,odata:vote:45853,plenum,,,,"הצעת חוק זכויות הסטודנט (תיקון מס' 11) (תנאים והגבלות להפסקת לימודים של סטודנט המשרת במילואים והרחבת תחולה), התשפ""ו–2026",2026-03-30 23:28:00
96a4db14-3cd6-469b-bad1-1f86646b634b,odata:vote:45850,plenum,,,,"הצעת חוק תאגידי מים וביוב (תיקון מס' 21) (הפעלת שירותי מים וביוב על ידי רשות מקומית), התשפ""ו–2026",2026-03-30 23:14:00
67a0a00c-b87b-438a-895f-84658d450547,odata:vote:45851,plenum,,,,"הצעת חוק תאגידי מים וביוב (תיקון מס' 20) (הפעלת שירותי מים וביוב על ידי רשות מקומית), התשפ""ו–2026",2026-03-30 23:13:00
387e9166-2b55-4829-8a8d-0100554fea3c,odata:vote:45849,plenum,,,,"הצעת חוק להנצחת זכרה של גולדה מאיר, התשפ""ו–2026",2026-03-30 22:57:00
4e768fc2-a370-452b-96d1-6d013e855700,odata:vote:45847,plenum,,,,"הצעת חוק ביטוח בריאות ממלכתי (תיקון מס' 74), התשפ""ו–2026",2026-03-30 22:41:00
f06b3c72-98df-42b8-913e-9c5966f8d8d6,odata:vote:45845,plenum,,,,"הצעת חוק שיקום נזקי מלחמה בדרך של התחדשות עירונית, התשפ""ו-2026",2026-03-30 22:29:00
8fbd248f-d07c-4731-a934-b86c8de26f84,odata:vote:45843,plenum,,,,"הצעת חוק להסדרת אירוע הילולת רבי שמעון בר יוחאי בהר מירון (הוראת שעה), התשפ""ו–2026",2026-03-30 22:16:00
bd99025c-638f-4477-8f70-ba4a0f623ce9,odata:vote:45841,plenum,,,,"הצעת חוק הפצת שידורים באמצעות תחנות שידור ספרתיות (תיקון מס' 8 – הוראת שעה), התשפ""ו–2026",2026-03-30 21:56:00
a1c4a78c-38ec-482c-8ad1-e42660b2ef99,odata:vote:45839,plenum,,,,"הצעת חוק התוכנית לסיוע כלכלי (הוראת שעה) (תעסוקה), התשפ""ו-2026",2026-03-30 21:32:00
e9dd9f74-904d-479e-a640-662bf11f5429,odata:vote:45836,plenum,,,,"הצעת חוק שירות לאומי-אזרחי (תיקון מס' 9), התשפ""ו-2026",2026-03-30 21:09:00
44969bae-4441-45b9-8273-635a4452c1d7,odata:vote:45835,plenum,,,,"הודעת הממשלה בהתאם לסעיף 31(ב) על העברת סמכויות משר הפנים לראש הממשלה לפי חוק הכניסה לישראל, התשי""ב-1925",2026-03-30 19:25:00
49ecd473-ccd8-4e81-a1a4-94619863534d,odata:vote:45833,plenum,,,,הודעת הממשלה בהתאם לסעיף 31(ב) על העברת סמכויות משר הפנים לראש הממשלה לפי פקודת המועצות המקומיות [נוסח חדש],2026-03-30 19:24:00
6c8b2756-9edc-40a0-a3d1-7c1cde33426b,odata:vote:45832,plenum,,,,"הודעת הממשלה בהתאם לסעיף 31(ב) על העברת סמכויות משר הפנים לראש הממשלה לפי חוק התכנון והבנייה, התשכ""ה-1965",2026-03-30 19:24:00
de7fa862-bf7a-44f1-886d-2eb81eaa50a3,odata:vote:45834,plenum,,,,הודעת הממשלה בהתאם לסעיף 31(ב) על העברת סמכויות משר הפנים לראש הממשלה לפי פקודת העיריות [נוסח חדש],2026-03-30 19:23:00
6c27e362-180b-46b1-80bb-5ef6ef4b406e,odata:vote:45830,plenum,,,,"הצעת חוק הטבות מס ליישובים (תיקוני חקיקה), התשפ""ו-2026",2026-03-30 18:40:00
415d99ce-3e78-4c78-93ae-a43f32d893a6,odata:vote:45827,plenum,,,,"הצעת חוק עידוד יישוב עירוני מעורב (הוראת שעה), התשפ""ו–2026",2026-03-30 18:23:00
654fd10a-3ea2-4c11-9e9e-26527f5d9a06,odata:vote:45858,plenum,,,,"הצעת חוק עונש מוות למחבלים, התשפ""ו-2026",2026-03-30 17:40:00
9c5b9de4-27b1-470a-8e0c-3a808e360f50,odata:vote:45789,plenum,,,,"הצעת חוק לתיקון פקודת מס הכנסה (מס' 285), התשפ""ו-2026",2026-03-29 23:25:00
312b9f52-aca5-4434-b686-7607ef0bd340,odata:vote:45786,plenum,,,,"הצעת חוק התוכנית הכלכלית (תיקוני חקיקה ליישום המדיניות הכלכלית לשנת התקציב 2026), התשפ""ו-2026",2026-03-29 23:20:00
a81618f5-1ac6-4f2a-9d30-b3b7ad82d607,odata:vote:45771,plenum,,,,"הצעת חוק ההתייעלות הכלכלית (תיקוני חקיקה להשגת יעדי התקציב לשנת התקציב 2026), התשפ""ו-2026",2026-03-29 23:10:00
f54d3350-d8d3-4bfe-aece-93b139134d06,odata:vote:45675,plenum,,,,"הצעת חוק התקציב לשנת הכספים 2026, התשפ""ו-2026",2026-03-29 22:25:00
83c097d3-2449-472a-b885-4c3ff369b302,odata:vote:45555,plenum,,,,"הצעת חוק מסגרות תקציב המדינה (הוראות מיוחדות לשנת 2026) (תיקוני חקיקה), התשפ""ו-2026",2026-03-29 20:50:00
becc5d5c-cd6d-4578-ade8-6d6ea7467442,odata:vote:45482,plenum,,,,"הצעת חוק הארכת תקופות ודחיית מועדים (הוראת שעה - חרבות ברזל) (אישורים רגולטוריים, עיצומים כספיים ובדיקות מיתקני גז) (תיקון), התשפ""ו-2026",2026-03-25 16:58:00
75317dbf-eeeb-413e-babd-1a668765148b,odata:vote:45479,plenum,,,,"הצעת חוק כליאתם של לוחמים בלתי חוקיים (תיקון מס' 4 והוראת שעה - חרבות ברזל) (תיקון מס' 7), התשפ""ו-2026",2026-03-25 16:23:00
9fd39d08-fbbe-4f19-9d84-b3b3bf3e4e58,odata:vote:45476,plenum,,,,"הצעת חוק הכניסה לישראל (תיקון מס' 45 - הוראת שעה), התשפ""ו-2026",2026-03-25 16:00:00
29dd8f77-7861-4318-9d31-6079a233158d,odata:vote:45473,plenum,,,,"הצעה דחופה לסדר היום בנושא: ""חשד לתיאום מחירים ופגיעה חמורה בתחרות מצד ספקים וקמעונאים גדולים בזמן מלחמה""",2026-03-25 15:53:00
049bada2-490a-468f-8937-c88664d6a8ef,odata:vote:45472,plenum,,,,הצעה דחופה לסדר היום בנושא: דרישה לתיקון מתווה הפיצויים לעסקי קו עימות צפוני,2026-03-25 15:40:00
80a2c936-2eec-41f6-98cb-7afe5875fc8b,odata:vote:45471,plenum,,,,"הצעה רגילה לסדר היום בנושא: ההשלכות המגדריות של מבצע ""שאגת הארי"" והצורך במענה מיידי",2026-03-25 15:15:00
77940d4c-ae1a-4183-bb8a-e2925a2d08cc,odata:vote:45470,plenum,,,,"הצעה רגילה לסדר היום בנושא: התגברות האלימות הלאומנית ביהודה ושומרון, כשלון מערכת הביטחון ואכיפת החוק, וההשלכות על בטחון המדינה",2026-03-25 14:14:00
fb4ecaba-6357-4a4d-a7ce-a4588887a992,odata:vote:45468,plenum,,,,"הצעת חוק הביטוח הלאומי (תיקון - עבודה מועדפת ביישובי קו העימות בצפון ובדרום), התשפ""ו-2025",2026-03-25 12:07:00
0cc4cb86-0f93-4037-9741-e0611696b13c,odata:vote:45467,plenum,,,,"הצעת חוק ביטוח בריאות ממלכתי (תיקון - צמצום פערים בין הפריפריה למרכז), התשפ""ג-2023",2026-03-25 11:41:00
892f6c44-4852-4671-94e3-28445f0a719c,odata:vote:45466,plenum,,,,"הצעת חוק דיווח לכנסת על העברת סיוע הומניטרי מכספי המדינה, התשפ""ה-2025",2026-03-25 11:13:00
66c8c189-168c-46d2-be12-95cee85d3d97,odata:vote:45485,plenum,,,,"הצעת חוק לפיתוח העיר קריית שמונה ומתן עדיפות למשרתי מילואים ונכי צה""ל בדיור, התשפ״ו-2026",2026-03-24 22:00:00
cdfec2cb-43f6-476c-9952-58599c9c4719,odata:vote:45484,plenum,,,,"הצעת חוק משפחות חיילים שנספו במערכה (תגמולים ושיקום) (תיקון - זכויות ילדים במשפחות אומנה), התשפ""ה-2024",2026-03-24 22:00:00
f4016344-3c1f-4c18-8d46-bb78ae425ec8,odata:vote:45487,plenum,,,,"הצעת חוק הכרזה על קטאר כמדינת אויב, התשפ""ו-2026",2026-03-24 22:00:00
04db92a4-7cba-4a00-8f62-802fd6594593,odata:vote:45486,plenum,,,,"הצעת חוק שיקום, חיזוק ופיתוח העיר קריית שמונה, התשפ""ו-2026",2026-03-24 22:00:00
3ba7eedc-4701-4bf1-acf2-a0a3e9033d7b,odata:vote:45464,plenum,,,,"החלטת ועדת הפנים והגנת הסביבה בדבר פיצול סעיף 101 (פקודת העיריות) מתוך הצעת חוק התכנית הכלכלית (תיקוני חקיקה ליישום המדיניות הכלכלית לשנת התקציב 2026), התשפ""ו-2026",2026-03-24 17:31:00
78cc8efa-a834-4b9a-a3b8-fdfaa04e928f,odata:vote:45463,plenum,,,,"החלטת ועדת הפנים והגנת הסביבה בדבר פיצול סעיפים 13, 14, 20 ו-46 מתוך הצעת חוק שיקום נזקי מלחמה בדרך של התחדשות עירונית, התשפ""ו-2025",2026-03-24 17:26:00
4a64cb8f-45ee-4b8b-9f4f-b2fc17c95502,odata:vote:45462,plenum,,,,"הצעת חוק הגנה על עובדים בשעת חירום (תיקון מס' 6 והוראת שעה), התשפ""ו-2026",2026-03-24 17:15:00
4c6bd3e3-53fd-4d3b-a69b-0d781455660f,odata:vote:45458,plenum,,,,"הצעת חוק לתיקון פקודת התעבורה (מס' 143) (קידום התחרות באמצעות תחבורה שיתופית מקוונת), התשפ""ו–2026",2026-03-24 17:09:00
4acfe5c8-789b-4e25-a6e1-657f0ab04740,odata:vote:45459,plenum,,,,"הצעת חוק לתיקון פקודת התעבורה (קידום התחרות באמצעות תחבורה שיתופית מקוונת), התשפ""ו-2025",2026-03-24 17:08:00
d0ab7fe6-9d10-42e8-8f6a-368b627b7e10,odata:vote:45460,plenum,,,,"הצעת חוק לתיקון פקודת התעבורה (מס' 142) (קידום התחרות באמצעות תחבורה שיתופית מקוונת), התשפ""ו–2026",2026-03-24 17:07:00
28a43fdd-46b0-4dea-bf55-d4637d3e293e,odata:vote:45457,plenum,,,,"הצעת חוק הביטוח הלאומי (תיקון מס' 263) (שיפוי מעסיקים בעד תקופת שירות מילואים של עובדים), התשפ""ו-2026",2026-03-24 15:37:00
63502688-1e3d-4587-86b6-716b92a2da47,odata:vote:45452,plenum,,,,"הצעת חוק הסכמים קיבוציים (תיקון מס' 12 - הוראת שעה) (הוראות מיוחדות לעניין הרחבת הסכם קיבוצי כללי שנעשה בשל המצב המיוחד בעורף), התשפ""ו-2026",2026-03-24 01:27:00
ff257e2a-fda4-4788-a702-7bd225cfc231,odata:vote:45448,plenum,,,,"הצעת חוק לתיקון פקודת מס הכנסה (הטבות במס ליישוב מאוים ביהודה והשומרון), התשפ""ה-2025",2026-03-24 01:19:00
b9fe06bc-9088-4413-9761-9771f28bab1a,odata:vote:45449,plenum,,,,"הצעת חוק לתיקון פקודת מס הכנסה (מס' 287) (הטבות במס ליישוב מאוים באזור), התשפ""ו–2026",2026-03-24 01:18:00
ef151f2b-1fd0-46fc-a030-075b75695e82,odata:vote:45441,plenum,,,,"הצעת חוק שיפוט בתי דין דתיים (בוררות), התשפ""ו–2026",2026-03-24 00:04:00
9612bda8-3b8c-4059-96a5-bcb5e8294687,odata:vote:45413,plenum,,,,"הצעה להביע אי אמון בממשלה מטעם סיעות העבודה, ישראל ביתנו וכחול לבן - המחנה הממלכתי בנושא: ""הפקרות תקציבית ופגיעה באמון הציבור והדרג המקצועי",2026-03-23 15:14:00
3b858ca5-4fdf-4c40-b4d1-a271d65bd491,odata:vote:45320,plenum,,,,הצעה רגילה לסדר היום בנושא: ראש ממשלה שבוחר לקדם את עניינו המשפטיים האישיים תוך כדי מלחמה,2026-03-17 22:00:00
fce12d3b-f42e-42a2-ba22-ae4e710c2bec,odata:vote:45331,plenum,,,,"הצעה רגילה לסדר היום בנושא: בית כנסת ברמלה נשרף, ספרי התורה חוצו, חשד להצתה",2026-03-17 22:00:00
ec510cd7-abbe-4794-81c3-7510340270fe,odata:vote:45321,plenum,,,,"הצעה רגילה לסדר היום בנושא: קיצוץ חד בתקציבי החינוך הממלכתי, ההשכלה הגבוהה, המדע והטכנולוגיה ופגיעה מסתמנת בביטחון ובעתיד המדינה",2026-03-17 22:00:00
fd92571e-afc3-433c-bf6f-f9b4338b1e9f,odata:vote:45327,plenum,,,,"הצעת חוק משפחות חיילים שנספו במערכה (תגמולים ושיקום) (תיקון - חובת העסקה של יתומים אחרי גיל הפרישה), התשפ""ה-2025",2026-03-17 22:00:00
b7dfdc34-93e2-41cf-b7e9-1eec5951f45f,odata:vote:45326,plenum,,,,"הצעת חוק עבודת הנשים (תיקון - תגמול לעובדת עצמאית שבן זוגה משרת במילואים), התשפ""ה-2024",2026-03-17 22:00:00
71de9bfb-c99f-4fe8-922c-abba7da3fcf0,odata:vote:45324,plenum,,,,"הצעת חוק השידור הציבורי הישראלי (תיקון - תקציב תאגיד השידור הישראלי), התשפ""ד-2024",2026-03-17 22:00:00
46af7d0c-b1bd-439c-9436-47ee1dfadc89,odata:vote:45325,plenum,,,,"הצעת חוק הכניסה לישראל (הרחקת שוהה שלא כדין שהשתתף במשט לרצועת עזה) (הוראת שעה), התשפ""ו-2026",2026-03-17 22:00:00
1f453b93-4bc8-4217-9bf9-8b6a13f3993a,odata:vote:45330,plenum,,,,הצעה רגילה לסדר היום בנושא: שוב מתברר שצבא לא מעניק צרכי דת: נמנע מחרדי עצור לשמוע פרשת זכור,2026-03-17 22:00:00
d28893d0-d13b-40ec-aa81-89e73bfbcc61,odata:vote:45322,plenum,,,,"הצעה דחופה לסדר היום בנושא: ""החרגת תקציבי שיקום ופיתוח יישובי קו העימות הצפוני מהקיצוץ הרוחבי בתקציב המדינה, על רקע השלכות מלחמת 'שאגת הארי'""",2026-03-17 22:00:00
64210b76-f5a3-4072-b278-ce954ce123ce,odata:vote:45328,plenum,,,,"הצעת חוק ההתגוננות האזרחית (תיקון - פיקוח על מקלטים משותפים), התשפ""ה-2025",2026-03-17 22:00:00
61b67302-22bc-4ad5-89bc-a27934c99d54,odata:vote:45313,plenum,,,,"הצעת חוק לתיקון פקודת מס הכנסה (מס' 286), התשפ""ו-2026",2026-03-16 22:00:00
b195008b-6689-4591-b2e8-84955b6f6d3c,odata:vote:45314,plenum,,,,"הצעת חוק הסכמים קיבוציים (הוראת שעה) (הוראות מיוחדות לעניין הרחבת הסכם קיבוצי כללי שנעשה בשל המצב המיוחד בעורף), התשפ""ו-2026",2026-03-16 22:00:00
735f091f-bfbc-4348-a3b2-7a874a6d6878,odata:vote:45310,plenum,,,,הודעת הממשלה בהתאם לסעיף 31(ב) לחוק-יסוד: הממשלה להעביר לראש הממשלה את הסמכויות הנתונות לשר הפנים לפי מספר חוקים,2026-03-15 22:00:00
d6d4048e-dbcf-41e2-bea8-fd07a7821a8f,odata:vote:45307,plenum,,,,"הצעה להביע אי אמון בממשלה מטעם סיעת יש עתיד בנושא: ""ממשלה כושלת המעודדת השתמטות, פוגעת במעמד הביניים ומפקירה את נושא יוקר המחייה""",2026-03-15 22:00:00
1d27c2d4-138b-404a-bab5-abeb414812c1,odata:vote:45306,plenum,,,,"הצעת חוק כליאתם של לוחמים בלתי חוקיים (תיקון מס' 4 והוראת שעה - חרבות ברזל), התשפ""ו-2026",2026-03-15 22:00:00
e2be3130-d00b-48eb-be99-b97c40f2c8d2,odata:vote:45308,plenum,,,,"הצעה להביע אי אמון בממשלה מטעם סיעות ישראל ביתנו, כחול לבן-המחנה הממלכתי והעבודה בנושא: ""משבר כוח האדם בצה""ל עקב אי גיוס חרדים""",2026-03-15 22:00:00
f4ccd46e-bdbd-45c1-a7a4-f09083f4073f,odata:vote:45303,plenum,,,,"פרק ח' (מס רכוש) מתוך הצעת חוק ההתייעלות הכלכלית (תיקוני חקיקה להשגת יעדי התקציב לשנת התקציב 2026), התשפ""ו-2026",2026-03-11 14:15:00
8695e3aa-1f87-473e-a344-9702a376e461,odata:vote:45302,plenum,,,,"פרק י""ב (פיקוח על מוצרי עישון לצורכי מס) מתוך הצעת חוק התוכנית הכלכלית (תיקוני חקיקה ליישום המדיניות הכלכלית לשנת התקציב 2026), התשפ""ו-2026",2026-03-11 12:45:00
9d224e90-02f0-49b4-991a-9dae327ffefc,odata:vote:45301,plenum,,,,"סעיפים 86, 88 (חוק התחרות הכלכלית) מתוך הצעת חוק התוכנית הכלכלית (תיקוני חקיקה ליישום המדיניות הכלכלית לשנת התקציב 2026), התשפ""ו-2026",2026-03-11 12:40:00
e4e793cf-8732-4632-b88c-c8cf2c063a52,odata:vote:45300,plenum,,,,"סעיפים 85, 87, 89 עד 91 (חוק תכנון משק החלב) מתוך הצעת חוק התוכנית הכלכלית (תיקוני חקיקה ליישום המדיניות הכלכלית לשנת התקציב 2026), התשפ""ו-2026",2026-03-11 12:30:00
ce5f4f8c-499a-401e-83c5-20739242374d,odata:vote:45299,plenum,,,,"העברת פרק ד' (התחשבנות בין בתי חולים לקופות חולים לשנים 2026 עד 2030), רק סעיף 16 המוצע בסעיף 9, שכותרתו ""תשלום בעבור שירות בריאות הניתן מחוץ לשטח של בית חולים ציבורי כללי"", מתוך הצעת חוק ההתייעלות הכלכלית (תיקוני חקיקה להשגת יעדי התקציב לשנת התקציב 2026), התשפ""ו-2026, מוועדת הכנסת לוועדת הבריאות",2026-03-11 12:15:00
77f5cd01-00a3-4409-8e60-9efd5674f965,odata:vote:45298,plenum,,,,"הצעת חוק הגנה על עובדים בשעת חירום (הוראת שעה), התשפ""ו-2026",2026-03-11 11:45:00
626a023d-b17e-4079-b315-44a7c3b6ada6,odata:vote:45297,plenum,,,,"הצעה דחופה לסדר היום בנושא: ""גיבוש מתווה כלכלי מיוחד ודחוף ליישובי קו העימות""",2026-03-11 11:30:00
62ead0f7-5ac5-45a7-a0aa-cb634181719b,odata:vote:45296,plenum,,,,"הצעה רגילה לסדר היום בנושא: מתווה פיצויים לעסקים קטנים ובינוניים במבצע ""שאגת הארי""",2026-03-11 11:15:00
5cdaf811-d5da-46b7-addf-1e93be9d040a,odata:vote:45295,plenum,,,,הצעה רגילה לסדר היום בנושא: סגירת משרדי ממשלה מיותרים וצמצום כספים קואליציוניים בשעת מלחמה,2026-03-11 11:00:00
9928c38c-5934-4ff2-b18b-6a7f40ee6ffa,odata:vote:45294,plenum,,,,הצעה רגילה לסדר היום בנושא: הצורך הדחוף במינוי שר פנים קבוע ומתן מענה הולם לרשויות המקומיות בעקבות המלחמה מול איראן,2026-03-11 10:45:00
efde4d8a-f43e-4a2a-aeff-1f84d3cc0dbe,odata:vote:45293,plenum,,,,"הצעה רגילה לסדר היום בנושא: פתיחת המשק לתעסוקה תוך התעלמות ממערכת החינוך: חוסר תיאום ממשלתי והיעדר הקשבה והבנה להשלכות ולצרכי משקי הבית, הילדים, ההורים ונשות ואנשי החינוך",2026-03-11 10:30:00
22144703-361f-4666-9689-9116dc5f73ee,odata:vote:45292,plenum,,,,הצעת חוק-יסוד: הממשלה (תיקון - הגבלות על כהונת שר ביותר ממשרד אחד),2026-03-11 10:15:00
43d6f10c-8546-4a73-bfc1-6c3506da067f,odata:vote:45291,plenum,,,,"הצעת חוק הרשות לטיפול בנפגעי הלם קרב, התשפ""ו-2025",2026-03-11 10:00:00
6002f37d-0fc7-4c4b-be3c-01d0da144640,odata:vote:45290,plenum,,,,"הצעת חוק רשות מקרקעי ישראל (תיקון - העדפת רכישת קרקע בפריפריה לחיילי מילואים), התשפ""ד-2024",2026-03-11 09:45:00
a084f8ed-bd5c-4172-ac92-9da1f20239e0,odata:vote:45288,plenum,,,,"הצעת צו האזרחות והכניסה לישראל (הוראת שעה) (הארכת תוקף החוק), התשפ""ו-2026",2026-03-09 16:15:00
040a48d2-2da0-43a9-95a4-f77a476a69d9,odata:vote:45282,plenum,,,,"הצעה להביע אי אמון בממשלה מטעם סיעות חד""ש-תע""ל ורע""מ בנושא: ""הפשיעה המאורגנת וההפקרה המכוונת של הממשלה בחברה הערבית""",2026-03-09 12:30:00
69600065-2e44-4fbc-abfd-fe3e2168c36c,odata:vote:45280,plenum,,,,"הצעת חוק המרכז להנצחת מורשת הלוחם היהודי במלחמת העולם השנייה, התשפ""ו-2026",2026-02-25 18:24:00
d13bbbe6-bd6d-4319-88c9-9ffaa12b254c,odata:vote:45274,plenum,,,,"הצעת חוק קיום דיונים בהיוועדות חזותית בעת הכרזה על הגבלה (עצורים, אסירים וכלואים) (הוראת שעה), התשפ""ו-2026",2026-02-25 17:53:00
ca98c178-dce7-46e1-be85-8ea1b6f0d6b4,odata:vote:45269,plenum,,,,"הצעת חוק הביטוח הלאומי (תיקון מס' 262 – הוראת שעה), התשפ""ו–2026",2026-02-25 17:07:00
1c780e95-1f6e-4707-b08e-f43277484018,odata:vote:45267,plenum,,,,המלצת ועדת הכנסת בעניין בחירת סגן ליושב ראש הכנסת,2026-02-25 13:58:00
d1cb9d5a-d629-456a-8b5e-d140c8512502,odata:vote:45266,plenum,,,,"הצעה דחופה לסדר היום בנושא: ""היעדר אכיפה אפקטיבית נגד פגיעות כלי רכב חשמליים קלים""",2026-02-25 13:19:00
c47739f4-f54e-4878-a67e-bffc321decf1,odata:vote:45265,plenum,,,,"הצעה דחופה לסדר היום בנושא: ""שמירה על הקרן לביטוח נזקי טבע בחקלאות כרשת הביטחון של החקלאות הישראלית""",2026-02-25 12:52:00
34bf0565-eeaa-4a2e-80b1-79716a0de330,odata:vote:45264,plenum,,,,"הצעה דחופה לסדר היום בנושא: ""השלכות שחיקת קצבאות הזקנה על הביטחון הכלכלי והתזונתי של אזרחים ותיקים""",2026-02-25 12:41:00
93178820-e423-4ba2-bfb8-b2e075db00c9,odata:vote:45263,plenum,,,,"הצעה רגילה לסדר היום בנושא: ""הייעוץ המשפטי כופה אכיפה בררנית לגבי עריקים: רק חרדים, רק מהפריפריה""",2026-02-25 12:25:00
530695a3-eb81-4347-ada4-6bd37e14d5d0,odata:vote:45262,plenum,,,,"הצעה רגילה לסדר היום בנושא: ""הקמת ועדת חקירה פרלמנטרית לבחינת האלימות כלפי כוחות הביטחון, אופן הטיפול בה והענישה""",2026-02-25 12:10:00
5e899331-888c-4619-8874-92fb0e1fe350,odata:vote:45261,plenum,,,,"הצעת חוק הכנסת (תיקון - בחירת יושב ראש ועדה), התשפ""ו-2026",2026-02-25 11:38:00
f28bb7db-aa41-446f-bfff-099d23df7df9,odata:vote:45259,plenum,,,,"הצעת חוק צער בעלי חיים (הגנה על בעלי חיים) (תיקון - איסור ביצוע פעולות השחתה וריסון בבהמות), התשפ""ג-2022",2026-02-25 10:19:00
d65390a2-f871-4123-93be-b45ab009a5d9,odata:vote:45281,plenum,,,,"הצעת חוק השמירה על המקומות הקדושים (תיקון - ייעוץ הרבנות הראשית), התשפ""ג-2023",2026-02-24 22:00:00
afb89ad3-c1b4-44ea-baac-c74191e0f845,odata:vote:45258,plenum,,,,"הצעת חוק אומנה לילדים (תיקון מס' 8) (הסרת מגבלת הגיל המרבי לאומן), התשפ""ו–2026",2026-02-24 15:04:00
91fcae06-3e94-4987-a8cc-c05a05ba5247,odata:vote:45257,plenum,,,,"הצעת חוק הבנקאות (שירות ללקוח) (תיקון מס' 40) (הצגת מידע ללקוח על אודות פעילותו הפיננסית), התשפ""ו–2026 (פ/1819/25)",2026-02-24 14:37:00
1ef3b035-9ca6-4096-9456-dff8e5863ed7,odata:vote:45250,plenum,,,,"הצעת חוק המידע הפלילי ותקנת השבים (תיקון מס' 10), התשפ""ו–2026",2026-02-23 22:13:00
03649145-c4ec-4225-a814-732e3014829d,odata:vote:45249,plenum,,,,הצעת ועדת הכנסת בעניין הקמה מחדש של הוועדה המיוחדת לתיקונים לחוק-יסוד: הממשלה,2026-02-23 17:26:00
771f889d-01f2-4b39-b8ae-4bab68092572,odata:vote:45248,plenum,,,,"דיון בהשתתפות ראש הממשלה על פי בקשתם של 40 חברי כנסת - ""אובדן שליטה ביטחונית בתוך ומחוץ לגבולות ישראל""",2026-02-23 15:21:00
babf648f-7a7d-41fa-84cd-929ccccb4c83,odata:vote:45253,plenum,,,,"צו תעריף המכס והפטורים ומס קניה על טובין (תיקון מס' 2), התשפ""ו-2025",2026-02-22 22:00:00
a2369806-46de-48f5-8ac0-d27e76e125ec,odata:vote:45244,plenum,,,,"הצעה דחופה לסדר היום בנושא: הסדרת הסכם פיצוי לענפים החקלאיים הנפגעים במסגרת הסכם הסחר עם ארה""ב",2026-02-18 14:56:00
6d9951b1-a1d0-4b63-88dc-0505b1b7cd97,odata:vote:45243,plenum,,,,"הצעה דחופה לסדר היום בנושא: ""פגיעה חריגה וחמורה בזכויות יסוד של עצור שומר מצוות""",2026-02-18 14:16:00
122efbf1-f2cf-4e3b-bc39-d2de5010ae0c,odata:vote:45242,plenum,,,,"הצעה דחופה לסדר היום בנושא: ""קביעת דרגת נכות לנכה צה""ל בידי רופא אשר לא שירת בצה""ל בשירות סדיר או במילואים""",2026-02-18 13:39:00
51c2e184-a657-4d0d-b731-d8f54dc796b5,odata:vote:45241,plenum,,,,"הצעה רגילה לסדר היום בנושא: ""השתוללות בבני ברק: שוטרים הכו עוברי אורח כולל נשים וילדים""",2026-02-18 13:29:00
17c78317-3974-4742-8a7c-9d84ae67a854,odata:vote:45240,plenum,,,,"הצעה רגילה לסדר היום בנושא: ""מדיניות ממשלת ישראל לדה-לגיטימציה של עולים דוברי רוסית בישראל ופגיעה מתמשכת בהם""",2026-02-18 12:55:00
baedce75-9f43-4d71-a8ea-0bce3a95e966,odata:vote:45238,plenum,,,,"הצעת חוק העונשין (תיקון - השחתת מודעות על רקע מגדר), התשפ""ד-2023",2026-02-18 12:31:00
510627d0-ec12-43de-8200-46c06a83a1ef,odata:vote:45237,plenum,,,,"הצעת חוק העונשין (תיקון - השחתת מודעות על רקע מגדר), התשפ""ד-2024",2026-02-18 12:31:00
4506984a-d482-452b-9352-b7f5c569c1c2,odata:vote:45239,plenum,,,,"הצעת חוק העונשין (תיקון - השחתת מודעות על רקע מגדר), התשפ""ה-2025",2026-02-18 12:30:00
340de144-b2bd-4c80-8650-2b65aa4daa26,odata:vote:45245,plenum,,,,"הצעת חוק התקשורת (בזק ושידורים) (תיקון - תיעוד מכירת כרטיסי SIM אנונימיים), התשפ""ו-2026",2026-02-18 12:00:00
fa0725fb-58ce-48f2-a53f-5728170f8e1f,odata:vote:45236,plenum,,,,הצעת חוק-יסוד: הממשלה (תיקון - תקופה מרבית לכהונה בתפקיד כראש הממשלה),2026-02-18 11:10:00
1c0816e9-16bd-4193-a25c-1eddfae7d7a8,odata:vote:45235,plenum,,,,"הצעת חוק הממשלה (תיקון - קיום מסיבת עיתונאים עיתית לגופי התקשורת בישראל), התשפ""ה-2024",2026-02-18 10:48:00
95e10d41-cc38-4215-8454-385af5e90992,odata:vote:45234,plenum,,,,"הצעת חוק לתיקון פקודת בריאות העם (הוספת מכשור רפואי לפריפריה), התשפ""ג-2023",2026-02-18 10:23:00
a3b2f183-27d5-49ed-aec1-0b7fae44dd38,odata:vote:45231,plenum,,,,"הצעת חוק זכויות הסטודנט (תיקון מס' 13), התשפ""ו–2026",2026-02-16 18:15:00
878e504c-9ca0-4366-8b85-3b01bcd8e875,odata:vote:45230,plenum,,,,"הצעה להביע אי אמון מטעם סיעות רע""מ וחד""ש-תע""ל בנושא: ""ממשלה שכשלה במתן ביטחון אישי וכלכלי לאזרחיה לא ראויה לאמון הציבור""",2026-02-16 15:45:00
eafdfabd-6333-45e6-9ee8-5212ddcdf017,odata:vote:45226,plenum,,,,"הצעה דחופה לסדר היום בנושא: ""אלימות על רקע מוצא במערכת החינוך – בעקבות האירוע בבית הספר חיים גורי בנתניה""",2026-02-11 13:16:00
8c69b60a-7b6e-4adc-a71d-d12f95cf52a3,odata:vote:45225,plenum,,,,"הצעה דחופה לסדר היום בנושא: ""השלכות הרפורמה בהתפתחות הילד על עתידם של ילדי ישראל""",2026-02-11 12:56:00
c4210716-f4ce-451e-b326-d867b2975b95,odata:vote:45223,plenum,,,,"הצעה רגילה לסדר היום בנושא: ""הסדרת המעמד המקצועי של מדריכי השיקום – לאור משבר בריאות הנפש""",2026-02-11 12:05:00
30a1d712-3545-479d-96ec-711c4f5d7921,odata:vote:45222,plenum,,,,"הצעה רגילה לסדר היום בנושא: ""התנהלות המשטרה וחיפוש משפיל בעירום בגופו של קטין במשחק כדורגל""",2026-02-11 11:47:00
7fb25bfe-7cfb-4b22-9e6e-7bb95be39876,odata:vote:45221,plenum,,,,"הצעה רגילה לסדר היום בנושא: ""פעולות הממשלה להחלשת הרשות הפלסטינית, השפעתן על מצב הביטחון באיו״ש ועל יישום תכנית הנשיא טראמפ ביחס לרצועת עזה""",2026-02-11 11:19:00
937f59ea-7b64-40ce-b6d3-e98d0c25740f,odata:vote:45220,plenum,,,,"הצעת חוק יסודות התקציב (תיקון - תמיכה בתאגידי חינוך חרדיים), התשפ""ו-2025",2026-02-11 10:46:00
ed4f7908-0073-494d-81b6-2acec34792d0,odata:vote:45219,plenum,,,,"הצעת חוק העונשין (תיקון - הגדרת סוכן חוץ), התשפ""ה-2025",2026-02-11 10:23:00
d677f3fe-ef05-493b-a7ba-cbce61a5fedb,odata:vote:45218,plenum,,,,"הצעת חוק להגדרת רצועת עזה כאזור עוין ואיסור יחסי מסחר, התשפ""ה-2025",2026-02-11 09:57:00
a3d37004-c50c-4728-9b13-4b8bf26eb218,odata:vote:45224,plenum,,,,"הצעה דחופה לסדר היום בנושא: ""המגפה השקטה: הבדידות כגורם סיכון לתמותה""",2026-02-11 09:00:00
16cc01e5-60c1-4f26-97d1-90730e0611d0,odata:vote:45214,plenum,,,,"הצעת חוק תאגידי מים וביוב (תיקון מס' 19), התשפ""ו-2026",2026-02-09 21:58:00
0ae6cbc0-9e7d-47ce-8752-0d1c36b742ba,odata:vote:45211,plenum,,,,"הצעת חוק השמות (תיקון מס' 9) (שם מאימוץ של קטין שהורהו נפטר), התשפ""ו-2026",2026-02-09 17:28:00
5b6d0458-3e7e-40e6-ae85-411cd74fe78c,odata:vote:45207,plenum,,,,"הצעת חוק עובדים זרים (תיקון מס' 25) (חובת בדיקה של רישיון עובד זר), התשפ""ו–2026 (פ/4346/25)",2026-02-05 00:28:00
2b812312-05c0-41c3-ad1c-5585b4f4984a,odata:vote:45205,plenum,,,,"הצעת חוק איסור אלימות בספורט (תיקון מס' 4), התשפ""ו–2026",2026-02-05 00:21:00
edd40690-3c79-48c9-9ece-d301036405b7,odata:vote:45204,plenum,,,,"הצעת חוק המועצה לענף הלול (ייצור ושיווק) (תיקון מס' 18 והוראת שעה) (תיקון), התשפ""ה–2025",2026-02-05 00:15:00
b1671415-fca5-4f26-a867-a33d01b641bb,odata:vote:45194,plenum,,,,"הצעה דחופה לסדר היום בנושא: ""הטבח והטיהור האתני של העדה הכורדית בסוריה""",2026-02-04 23:30:00
c87bc58b-2f55-4468-ba49-2c528a42b7b3,odata:vote:45193,plenum,,,,"הצעה דחופה לסדר היום בנושא: ""פגיעה בענף החלב ובביטחון המזון בעקבות הרפורמה במשק החלב""",2026-02-04 23:19:00
e6a5eb20-b217-49b9-9263-537a259cd078,odata:vote:45192,plenum,,,,"הצעה דחופה לסדר היום בנושא: ""דילול כוחות הביטחון בעוטף בניגוד להתחייבויות מפורשות ושבירת האמון עם התושבים""",2026-02-04 22:56:00
2bcd5b6d-f113-4e25-a1ef-726d5c9306a0,odata:vote:45191,plenum,,,,"הצעה דחופה לסדר היום בנושא: ""החרגת היישוב חצור הגלילית ממתווה הפיצויים והשיקום לצפון""",2026-02-04 22:34:00
2079ce66-9791-4659-a04a-1fab3bb74787,odata:vote:45190,plenum,,,,"הצעה רגילה לסדר היום בנושא: ""הכרזת סכסוך העבודה באגף השיקום של משרד הביטחון""",2026-02-04 21:58:00
226ab4dd-b59c-4e40-88a1-60064d350237,odata:vote:45189,plenum,,,,"הצעת חוק לתיקון פקודת בריאות העם (מרכזים אקוטיים), התשפ""ו-2025",2026-02-04 14:20:00
bef3b796-c858-453d-9016-044b35c27189,odata:vote:45188,plenum,,,,"הצעת חוק הרבנות הראשית לישראל (תיקון - רב ראשי אחד), התשפ""ג-2023",2026-02-04 13:56:00
a0b68909-44d9-4e30-820e-1bb18f35d36e,odata:vote:45186,plenum,,,,"הצעת חוק כביש אגרה (כביש ארצי לישראל) (תיקון - תשלום מופחת לתושבי אזורי עדיפות לאומית), התשפ""ו-2025",2026-02-04 12:51:00
94fb1c93-14ae-4ab1-af58-22fc40b4542e,odata:vote:45185,plenum,,,,"הצעת חוק לתיקון פקודת המשטרה (מינוי קצינים), התשפ""ה-2025",2026-02-04 12:06:00
187a0588-2093-4840-a9e4-92ebab2fe18b,odata:vote:45184,plenum,,,,"הצעת חוק שירות ביטחון (תיקון - עיצום כספי), התשפ""ה-2025",2026-02-04 11:40:00
54621d24-8014-4842-975f-bfa62c391c5e,odata:vote:45183,plenum,,,,"הצעת חוק מעמד המשרת בשירות צבאי, התשפ""ה-2024",2026-02-04 11:13:00
0e118ece-3d2a-4276-bfbe-cd2e3432795b,odata:vote:45182,plenum,,,,"הצעת חוק הביטוח הלאומי (תיקון - שלילת קצבת ילדים ממשפחות פוליגמיות), התשפ""ה-2025",2026-02-04 10:47:00
a6e3e9c2-2493-4b78-80c5-48a243076a29,odata:vote:45187,plenum,,,,"הצעת חוק מדד לזכות לקיום אנושי בכבוד, התשפ""ג-2023",2026-02-04 09:00:00
142c955b-55af-455c-aab8-9c505e2c6f2a,odata:vote:45175,plenum,,,,"הצעת חוק הנוטריונים (תיקון מס' 12), התשפ""ה-2025",2026-02-02 19:38:00
c3161913-36cd-416d-a62f-ade951805e0a,odata:vote:45174,plenum,,,,"הצעת חוק עסקאות גופים ציבוריים (תיקון מס' 12) (איסור התקשרות עם ספק בשל מעורבות בפשיעה חמורה), התשפ""ה-2025",2026-02-02 19:32:00
e59bbc3b-9604-473b-81ca-7798da343e54,odata:vote:45173,plenum,,,,"הצעת חוק התקנים (תיקון מס' 21) (אימוץ הוראות מחייבות החלות בארצות הברית), התשפ""ו-2026",2026-02-02 18:37:00
8f3b0e11-a3dd-42ec-8fb9-8acc161190ac,odata:vote:45170,plenum,,,,"הצעה להביע אי אמון בממשלה מטעם סיעות חד'''ש-תע''ל ורע''מ בנושא: ""הפרות מצד המשטרה בנגב, ובמיוחד תראבין א-סאנע""",2026-02-02 15:49:00
6e8b6fcf-6c63-4d78-99f6-071baa8b1c40,odata:vote:45172,plenum,,,,הצעה להביע אי אמון בממשלה מטעם סיעת יש עתיד בנושא: ״ממשלה שמקדמת חוק השתמטות מחפיר ופוגעת בלוחמים ובחיילי המילואים״,2026-02-02 15:48:00
3f6ca7f1-f20d-40f6-8bab-9190325be831,odata:vote:45171,plenum,,,,"הצעה להביע אי אמון בממשלה מטעם סיעות העבודה, ישראל ביתנו וכחול לבן – המחנה הממלכתי בנושא: ""כישלון ערכי ומוסרי חסר תקדים, הפקרת ביטחון המדינה וקבורת ערך השוויון בנטל""",2026-02-02 15:48:00
6778fdee-432f-4dc9-b670-3cbe1dcf310b,odata:vote:45160,plenum,,,,"הצעת חוק לתיקון ולהארכת תוקפן של תקנות שעת חירום (חרבות ברזל) (פגישה עם עורך דין של עצור בעבירת ביטחון) (תיקון מס' 7), התשפ""ו-2026",2026-01-29 00:03:00
99f65f64-3435-4f61-a0b1-a5c041375dfa,odata:vote:45157,plenum,,,,"הצעת חוק מועצת עורכי הדין בישראל, התשפ""ג-2022",2026-01-28 23:59:00
1630c996-0414-48ad-8e77-42052cff616f,odata:vote:45167,plenum,,,,"הצעת חוק הפחתת הגירעון והגבלת ההוצאה התקציבית (תיקון מס' 30), התשפ""ו-2026",2026-01-28 21:59:00
63996fac-9002-43a2-ad4a-b1f23177eb62,odata:vote:45164,plenum,,,,"הצעת חוק חינוך ממלכתי (תיקון - חינוך ממלכתי חרדי), התשפ""ה-2024",2026-01-28 12:30:00
7d334012-0f50-405b-95c4-8d71fe723b55,odata:vote:45163,plenum,,,,"הצעת חוק משפחות חיילים שנספו במערכה (תגמולים ושיקום) (תיקון - ועדת חריגים להכרה בנספה), התשפ""ו-2025",2026-01-28 11:30:00
ece87fb4-0156-4b12-9b12-e4a8c3bbf2c7,odata:vote:45156,plenum,,,,"הצעת חוק הביטוח הלאומי (תיקון - דמי לידה לעצמאיות - מתן זכות לעבודה חלקית), התשפ""ו-2025",2026-01-28 10:42:00
abdc1e53-7ed2-4f8a-95df-bb6b66bb7458,odata:vote:45151,plenum,,,,"הצעת חוק לתיקון ולהארכת תוקפן של תקנות שעת חירום (חרבות ברזל) (הארכת מעצר לחשוד בעבירת ביטחון) (תיקון מס' 8), התשפ""ו-2026",2026-01-26 19:51:00
0b17f12e-3979-448b-bd9f-60c61857ba71,odata:vote:45150,plenum,,,,"הצעת חוק התמודדות עם תקיפות סייבר חמורות במגזר השירותים הדיגיטליים ושירותי האחסון (הוראת שעה) (תיקון מס' 4), התשפ""ו-2025",2026-01-26 19:43:00
15614db7-5ea4-40f6-8275-0502495f3341,odata:vote:45147,plenum,,,,"הצעת חוק משפחות חיילים שנספו במערכה (תגמולים ושיקום) (תיקון מס' 47), התשפ""ו-2026",2026-01-26 19:35:00
1dbcdff8-ac7f-4a4c-8b60-45455058cd56,odata:vote:45146,plenum,,,,"הצעת חוק ביטוח בריאות ממלכתי (תיקון מס' 74) (זכאות לכיסא גלגלים ממונע הניתן להנעה בידי מלווה), התשפ""ו–2026",2026-01-26 18:25:00
f3d5d38a-12a5-459b-87f1-fabcaebc3037,odata:vote:45143,plenum,,,,"הצעה להביע אי אמון מטעם סיעות רע""מ וחד""ש-תע""ל בנושא: ""הפקרת כוח אדם מקצועי בחברה הערבית – רופאים ומורים מחוץ למערכת""",2026-01-26 16:54:00
116500f2-198c-4aed-8742-8628e79cbbb4,odata:vote:45144,plenum,,,,"הצעה להביע אי אמון בממשלה מטעם סיעות ישראל ביתנו, כחול לבן - המחנה הממלכתי והעבודה בנושא: ""כישלון הממשלה בהחזרת הביטחון לישראל""",2026-01-26 16:54:00
cefe73d1-4da3-4acd-a098-f04b8692fb4a,odata:vote:45145,plenum,,,,הצעה להביע אי אמון בממשלה מטעם סיעת יש עתיד בנושא: ״תקציב מדינה של מושחתים ומשתמטים״,2026-01-26 16:53:00
28170948-acd7-4dae-b739-cf9c32a1d262,odata:vote:45139,plenum,,,,"הצעת חוק אומנה לילדים (תיקון מס' 7), התשפ""ה-2025 (פ/1409/25) (פ/4824/25)",2026-01-21 20:18:00
b4f0b789-841f-4cad-a405-83c2d009199f,odata:vote:45137,plenum,,,,"הצעת חוק לתיקון פקודת המשטרה (הסדרת הפעלת מכת""זית ותיעוד חזותי של ההפעלה), התשפ""ה-2025",2026-01-21 20:06:00
90fb57b4-f7aa-4fe3-a178-377b7136e02d,odata:vote:45136,plenum,,,,"הצעת חוק לתיקון פקודת המשטרה (מס' 43) (הסדרת שימוש במכת""זית ותיעוד חזותי של השימוש בה), התשפ""ה–2025",2026-01-21 20:04:00
b5183a51-9dc8-43b3-b2a5-c81633e01d91,odata:vote:45133,plenum,,,,"הצעת חוק מניעת העסקת עובד הוראה שיש לו תואר אקדמי ממוסד ברשות הפלסטינית (תיקוני חקיקה), התשפ""ה–2025",2026-01-21 18:56:00
3a4aabe7-88c6-4fa2-89ef-96a2cb889b86,odata:vote:45111,plenum,,,,"הצעה דחופה לסדר היום בנושא: ""היערכות המדינה למצבי חירום עבור צעירות וצעירים במצבי סיכון""",2026-01-21 16:28:00
db8e798a-5a47-4dc0-b14f-75d81f1bec65,odata:vote:45110,plenum,,,,"הצעת חוק הממשלה (תיקון - ועדת שרים לענייני ביטחון לאומי), התשפ״ו-2025",2026-01-21 15:50:00
14962b10-7e49-4653-884a-b075dcc874b8,odata:vote:45108,plenum,,,,"הצעת חוק מס ערך מוסף (תיקון - מס בשיעור אפס לבעלי עסקים בחבל תקומה ובקו העימות) (הוראת שעה), התשפ""ה-2024",2026-01-21 14:53:00
922a4536-4789-4683-94fa-7d7322bda02c,odata:vote:45106,plenum,,,,"הצעת חוק לעיגון מעמדה של העדה הדרוזית, התשפ""ג-2023",2026-01-21 14:34:00
03d723a3-bb7b-4759-8580-75d505cd0f5b,odata:vote:45105,plenum,,,,"הצעת חוק איסור הפליה במוצרים, בשירותים ובכניסה למקומות בידור ולמקומות ציבוריים (תיקון - איסור הפליה בדיור), התשפ""ג-2022",2026-01-21 13:57:00
bc0b96d3-c871-4705-80be-30e6aeb8bb72,odata:vote:45103,plenum,,,,"הצעת חוק התגמולים לנפגעי פעולות איבה (תיקון - זכאות לטיפול פסיכולוגי), התשפ""ה-2024",2026-01-21 12:03:00
b2753657-79f2-4252-9b56-d0f5a1a537bf,odata:vote:45101,plenum,,,,"הצעת חוק העונשין (תיקון - החמרת ענישה בגין ירי מנשק חם שלא כדין), התשפ""ג-2023",2026-01-21 11:48:00
01bd3ede-790d-49a0-9f9c-48266c0fc22c,odata:vote:45102,plenum,,,,"הצעת חוק העונשין (תיקון - החמרת ענישה בעבירות החזקת נשק שלא כדין), התשפ""ה-2025",2026-01-21 11:47:00
72abb612-4634-4235-a7b4-550738e7a30d,odata:vote:45098,plenum,,,,"הצעת חוק לתיקון פקודת התעבורה (קידום התחרות באמצעות תחבורה שיתופית מקוונת), התשפ""ה-2025",2026-01-21 11:18:00
50768aac-3b94-4ea0-85d9-d9e2d89baf73,odata:vote:45100,plenum,,,,"הצעת חוק לתיקון פקודת התעבורה (שירותי תחבורה שיתופית מקוונת), התשפ""ה-2025",2026-01-21 11:16:00
b6abb890-fc22-4eef-9c75-647d94c73b86,odata:vote:45104,plenum,,,,"הצעת חוק לתיקון פקודת בתי הסוהר (איסור טיפול רפואי באסירים ביטחוניים בבתי חולים ציבוריים), התשפ""ו-2025",2026-01-21 09:00:00
f7cb6375-747a-40d8-950c-f3c23091f1b2,odata:vote:45109,plenum,,,,"הצעת חוק איסור הכחשת אירועי טבח 7 באוקטובר 2023 (טבח שמיני עצרת) (תיקון - איסור הכחשת חטיפה והחזקת חטוף בשבי), התשפ""ו-2025",2026-01-21 09:00:00
a4d07e91-f74c-4f9d-8eb6-c572226219cb,odata:vote:45107,plenum,,,,הצעת חוק-יסוד: העדה הדרוזית,2026-01-21 09:00:00
c173f81e-1608-4dbb-87f0-ca75157def0a,odata:vote:45093,plenum,,,,"הצעת חוק חדלות פירעון ושיקום כלכלי (תיקון מס' 9), התשפ""ו-2025",2026-01-19 18:47:00
c11fc760-7495-48ad-a684-7f0142bb17c5,odata:vote:45090,plenum,,,,"הצעת חוק לתיקון ולהארכת תוקפן של תקנות שעת חירום (חרבות ברזל) (הארכת מעצר לחשוד בעבירת ביטחון) (תיקון מס' 7), התשפ""ו-2026",2026-01-19 17:55:00
afad70af-a909-4906-ab96-3e49e8980a67,odata:vote:45089,plenum,,,,"דיון בהשתתפות ראש הממשלה על פי בקשתם של 40 חברי כנסת - ""כישלון מתמשך של הממשלה במיגור האלימות והפשיעה""",2026-01-19 16:27:00
2c6672ea-06d5-4721-9fc3-c17fe49dc8f2,odata:vote:45085,plenum,,,,"הצעת חוק יום הוקרה ממלכתי לפצועי מערכות ישראל ונפגעי פעולות איבה, התשפ""ה–2025",2026-01-14 18:11:00
2792d578-0117-476a-b18b-cca297cc3460,odata:vote:45083,plenum,,,,"הצעת חוק הכשרות המשפטית והאפוטרופסות (תיקון מס' 24), התשפ""ו–2026",2026-01-14 17:43:00
b60e4d50-4789-407a-bd40-f65e8597063c,odata:vote:45082,plenum,,,,"הצעת חוק הגנת הצרכן (תיקון מס' 73) (קבלה דיגיטלית ושובר זיכוי דיגיטלי), התשפ""ה–2025",2026-01-14 17:33:00
5ebd1d28-8b39-40c5-8ec5-630084cc39cd,odata:vote:45080,plenum,,,,"הצעת חוק הרשויות המקומיות (בחירות) (תיקון מס' 58), התשפ""ה–2025",2026-01-14 16:54:00
ee203f32-a503-4164-9f44-5f73436168aa,odata:vote:45077,plenum,,,,"הצעת חוק קצבאות שאירים של משרתי שירות הקבע ושירות המדינה וגמלאיהם (תיקוני חקיקה), התשפ""ו-2026",2026-01-14 14:56:00
c2ad02cb-8846-43e9-91f3-b4f7942c2078,odata:vote:45076,plenum,,,,"הצעה דחופה לסדר היום בנושא: ""בחינת הכרה בעצמאות חבל קביליה וכינון יחסים עמו כהמשך למדיניות החוץ הישראלית החדשה והיוזמת""",2026-01-14 14:11:00
0d34afd0-42f7-4d17-a5fa-99ea3f900238,odata:vote:45075,plenum,,,,"הצעה דחופה לסדר היום בנושא: ""ההגירה השלילית ממדינת ישראל והשלכותיה החברתיות, הכלכליות והלאומיות""",2026-01-14 13:51:00
7e10567c-3926-4897-8e69-bc3d0d194392,odata:vote:45074,plenum,,,,"הצעה רגילה לסדר היום בנושא: ""תמיכה בלתי מספקת במכון ויצמן פוגעת במעמדו באקדמיה העולמית""",2026-01-14 13:20:00
ea5d7194-fe79-47f9-9e00-b2511de1f18f,odata:vote:45073,plenum,,,,"הצעה רגילה לסדר היום בנושא: ""הקמת ועדת חקירה פרלמנטרית לפשיעה המאורגנת: מכת הרצח והפשיעה בחברה הערבית מחייבת פעולה מיידית""",2026-01-14 13:01:00
b47b822a-b87d-45b1-b471-726213b2ac0d,odata:vote:45072,plenum,,,,"הצעת חוק מרשם האוכלוסין (תיקון - הגדרת יהודי), התשפ""ג-2023",2026-01-14 12:36:00
b34a5d7e-c8a2-47c4-9c49-b6c864a8cf11,odata:vote:45070,plenum,,,,"הצעת חוק הגנה על בתי תפילה ותיקים (תיקוני חקיקה), התשפ""ה-2025",2026-01-14 12:31:00
edf253d0-a52b-4a58-97d0-637668b9428f,odata:vote:45071,plenum,,,,"הצעת חוק חובת המכרזים (תיקון - העדפה למעסיק משרתי מילואים), התשפ""ה-2025",2026-01-14 12:30:00
6411270f-38c1-4d93-bba9-d828240d0767,odata:vote:45069,plenum,,,,הצעת חוק-יסוד: הכנסת (תיקון - הזכות להיבחר),2026-01-14 12:07:00
577bd990-8888-4a12-bfbe-72ee9ab8d0bc,odata:vote:45068,plenum,,,,"הצעת חוק שירות ביטחון (תיקון - התמודדות עם הסתה נגד חיילים חרדים), התשפ""ה-2025",2026-01-14 11:42:00
34030556-4224-4034-9808-cf30af371cf8,odata:vote:45066,plenum,,,,הצעת חוק-יסוד: הממשלה (תיקון - הגבלת כהונת ראש הממשלה לשתי תקופות כהונה רצופות),2026-01-14 11:19:00
a1e86d80-9ca5-4b75-a60a-1557a230c5df,odata:vote:45067,plenum,,,,הצעת חוק-יסוד: הממשלה (תיקון - הגבלת תקופת כהונה של ראש הממשלה),2026-01-14 11:18:00
a841a73d-235e-4ffd-9b97-1a91b134145c,odata:vote:45065,plenum,,,,"הצעת חוק הבטחת גישה למזון בשעת חירום, התשפ""ה-2025",2026-01-14 10:46:00
efe547a8-d530-42ba-9927-d90845c3b767,odata:vote:45062,plenum,,,,"הצעת חוק איסור טיפולי המרה לקטין, התשפ""ה-2025",2026-01-14 10:24:00
40728a86-9b69-403f-9861-de9d637e6997,odata:vote:45063,plenum,,,,"הצעת חוק איסור טיפול המרה לקטין, התשפ""ד-2023",2026-01-14 10:23:00
7b51a5d1-eb8c-46c7-b601-06b2be65d4f1,odata:vote:45064,plenum,,,,"הצעת חוק איסור טיפול המרה לקטין, התשפ""ג-2022",2026-01-14 10:22:00
3bbc10ab-b1d0-4b6c-9748-b2dc7d38b3d2,odata:vote:45061,plenum,,,,"הצעת חוק יום המודעות לתרומת איברים, התשפ""ו-2025",2026-01-14 09:51:00
20815f8c-9f76-4627-b56f-fbe9c91b78e5,odata:vote:45060,plenum,,,,"הצעת חוק לציון אירועי ליל הבדולח, התשפ""ה-2025",2026-01-14 09:36:00
708af79f-5a4d-4703-8086-90995cbc1408,odata:vote:45052,plenum,,,,"הצעת חוק הפצת שידורים באמצעות תחנות שידור ספרתיות (תיקון מס' 7 – הוראת שעה) (תיקון מס' 2), התשפ""ו-2025",2026-01-12 23:34:00
a53f42bf-593b-42d5-a7ec-71ad5173e70d,odata:vote:45051,plenum,,,,"הצעת חוק העמדה לדין של משתתפי אירועי טבח 7 באוקטובר, התשפ""ו–2026",2026-01-12 23:29:00
9f29971d-3389-4560-8056-ddc62468679b,odata:vote:45048,plenum,,,,"הצעת חוק הקולנוע (תיקון מס' 7), התשפ""ה-2025",2026-01-12 23:06:00
74d46231-0b22-4c7f-b411-c21ea9a547ce,odata:vote:45054,plenum,,,,"הצעה להביע אי אמון בממשלה מטעם סיעות כחול לבן - המחנה הממלכתי, ישראל ביתנו והעבודה בנושא: ""פרשת קאטרגייט – הדלפות ביטחוניות ודיברור מדינה תומכת טרור בלשכת ראש הממשלה"" ‏",2026-01-11 22:00:00
8dcac2f9-498f-46e7-8aee-5eb814cff36e,odata:vote:45059,plenum,,,,"הצעת חוק לתיקון פקודת המשטרה (מס' 44) (המחלקה לחקירת שוטרים), התשפ""ו–2026",2026-01-11 22:00:00
031c3c29-b3c2-467d-a8c0-11443bc9ea93,odata:vote:45058,plenum,,,,"הצעה להביע אי אמון בממשלה מטעם סיעות רע""ם וחד""ש-תע""ל בנושא: ""קיצוץ חמור בתקציבי החברה הערבית""",2026-01-11 22:00:00
152af810-bf17-4ad7-8e55-a122ede7f0a2,odata:vote:45053,plenum,,,,"הצעה להביע אי אמון בממשלה מטעם סיעת יש עתיד בנושא: ""שלוש שנים לממשלה כושלת: יוקר מחיה, ביטחון אישי ומדיניות מרוסקת""",2026-01-11 22:00:00
4a4d6f7b-4b66-4612-85e4-c7f0319b7259,odata:vote:45031,plenum,,,,"הצעת חוק משכן הכנסת, רחבתו ומשמר הכנסת (תיקון מס' 20) (גבולות רחבת הכנסת), התשפ""ו–2025",2026-01-07 16:44:00
1161dacb-dcab-40d4-878c-aecdfc0cb884,odata:vote:45030,plenum,,,,"הצעת חוק קיום דיונים בהיוועדות חזותית בהשתתפות עצורים אסירים וכלואים (הוראת שעה), התשפ""ו-2025",2026-01-07 16:35:00
89cf2b67-a986-45a2-97c5-613e675b281d,odata:vote:45027,plenum,,,,"הצעת חוק זיכרון אירועי הטרור של כ""ב בתשרי (7 באוקטובר) ומלחמת חרבות ברזל, התשפ""ה-2024",2026-01-07 16:18:00
df3d21f7-4402-4c80-a073-75dd49104e57,odata:vote:45028,plenum,,,,"הצעת חוק זיכרון הטבח והנצחת הגבורה ביום כ""ב בתשרי (שמחת תורה) – 7 באוקטובר, התשפ""ה–2025",2026-01-07 16:17:00
41e34825-d03c-4b23-a9f0-e84b77f0208e,odata:vote:45029,plenum,,,,"הצעת חוק הנצחה לאירועי השבעה באוקטובר - שמיני עצרת, התשפ""ו-2025",2026-01-07 16:16:00
708f5f29-e1e8-4a7c-9ae0-8ab390fb4731,odata:vote:45026,plenum,,,,"הצעה דחופה לסדר היום בנושא: ""אי-שוויון בתקצוב תנועות וארגוני נוער בשל היעדר מפקד חניכים בתנועות נוער למעלה מעשור""",2026-01-07 15:28:00
5c8dd2d7-6a90-4623-85c7-e453145031e5,odata:vote:45025,plenum,,,,"הצעה דחופה לסדר היום בנושא: ""אובדן המשילות בנגב והסכנה המיידית לתושבי הדרום""",2026-01-07 15:09:00
7f3ef92d-4ad4-4b25-9fed-9894eb3f177f,odata:vote:45024,plenum,,,,"הצעה רגילה לסדר היום בנושא: ""שלוש שנים להפיכה המשטרית - מחיר הדמים ששילמה החברה הישראלית והתעלמות הממשלה והקואליציה""",2026-01-07 14:43:00
f88844cd-fbc9-4344-8159-887d2f2ac7db,odata:vote:45023,plenum,,,,"הצעה רגילה לסדר היום בנושא: ""החלטת בית המשפט להוציא צו על תנאי לתיקון חוק יסוד נעשתה בחוסר סמכות, ודינה בטלות מעיקרה (void)""",2026-01-07 14:09:00
7df7f814-5d5c-4c19-855e-7dc87c0d61d1,odata:vote:45022,plenum,,,,"הצעה רגילה לסדר היום בנושא: ""בקשה להקמת ועדת חקירה פרלמנטרית לבחינת מדיניות המשטרה ופעילות גורמי האכיפה והביטחון בנגב""",2026-01-07 13:50:00
6247b11f-31b8-4710-9e73-a9350a5eac9e,odata:vote:45021,plenum,,,,"הצעת חוק יסודות התקציב (תיקון - מניעת תמיכה במוסדות המסיתים להשתמטות), התשפ""ו-2025",2026-01-07 13:06:00
c5a511dd-9ebd-4a60-949f-dd897a969304,odata:vote:45038,plenum,,,,"הצעת חוק עצמאות היועץ המשפטי של משרד ממשלתי, מעמדו וסמכויותיו, התשפ""ה-2025",2026-01-06 22:00:00
6d6e4890-e8e9-43ea-88e8-039f73fb4d6c,odata:vote:45033,plenum,,,,"הצעת חוק קרן קיימת לישראל (תיקון - מעבר לחברה ממשלתית), התשפ""ו-2025",2026-01-06 22:00:00
6cf3bed7-371c-404f-9a94-b2216a30b574,odata:vote:45035,plenum,,,,"הצעת חוק התגמולים לנפגעי פעולות איבה (תיקון - פשעי שנאה), התשפ""ג-2023",2026-01-06 22:00:00
fb73e8c3-c758-42c9-9c78-62959abc7691,odata:vote:45036,plenum,,,,"הצעת חוק התגמולים לנפגעי פעולות שנאה, התשפ""ה-2025",2026-01-06 22:00:00
64a43927-7a3a-47e0-8cf6-f85b867fd62b,odata:vote:45032,plenum,,,,"הצעת חוק שירות המדינה (מינויים) (תיקון - הצהרת אמונים), התשפ""ד-2024",2026-01-06 22:00:00
42c2c133-d91d-42f6-9766-6161cc6e42ef,odata:vote:45019,plenum,,,,סיכומיה והצעותיה של הוועדה לענייני ביקורת המדינה במושב השלישי ובזמן שחלף מתחילת המושב הרביעי של הכנסת ה-25,2026-01-06 16:03:00
944c6aca-ddb0-4b79-a58f-1cbc0358679d,odata:vote:45018,plenum,,,,"הצעת חוק עבודת נשים (תיקון מס' 66), התשפ""ה–2025",2026-01-06 15:37:00
b2dee96a-c0d3-40f4-bd13-ec627417541a,odata:vote:45016,plenum,,,,"הצעת חוק ביטוח בריאות ממלכתי (תיקון מס' 73) (החזר דמי נסיעה באמבולנס עבור מטופל בתחום בריאות הנפש), התשפ""ה–2025",2026-01-06 15:32:00
23ba8262-9381-4c9f-b0f5-8b982b5b8421,odata:vote:45015,plenum,,,,"הצעת חוק חופשה שנתית (תיקון מס' 18) (חופשה ביום האזכרה של קרוב משפחה של העובד), התשפ""ו–2025",2026-01-06 15:11:00
13277e30-f29c-4fd7-8490-744625b551bc,odata:vote:45014,plenum,,,,"הצעת חוק חובת דיווח על מלאי חיטה ומלאי מזון לבעלי חיים לשם היערכות למצב של מחסור משמעותי, התשפ""ו - 2025",2026-01-06 14:42:00
070da1f9-2a74-44ef-b18f-5fc02c4c39c3,odata:vote:45011,plenum,,,,"הצעת חוק תאגידי מים וביוב (תיקון מס' 19), התשפ""ו- 2025",2026-01-05 22:13:00
838f6456-8025-489b-9f61-5652d7aaddd6,odata:vote:45008,plenum,,,,"הצעת חוק החוזים (חלק כללי) (תיקון מס' 3), התשפ""ה-2025",2026-01-05 21:31:00
3831b143-91bd-476c-86de-93699fbfdfe4,odata:vote:45002,plenum,,,,"דיון בהשתתפות ראש הממשלה על פי בקשתם של 40 חברי כנסת - ""ממשלה קיצונית הפועלת בניגוד לרוב הציוני ופוגעת בלכידות הלאומית ובערכי היסוד של מדינת ישראל""",2026-01-05 16:23:00
1d83dc30-151c-4d3d-9ffb-ceb98070d0af,odata:vote:44984,plenum,,,,"הצעת חוק שירות הקבע בצבא הגנה לישראל (גמלאות) (תיקון מס' 37), התשפ""ו-2025",2025-12-31 20:33:00
a18a05ed-9dd9-467c-8f01-81029b2a8205,odata:vote:44981,plenum,,,,"הצעת חוק לתיקון פקודת בתי הסוהר (מס' 70 והוראת שעה), התשפ""ו-2025",2025-12-31 19:27:00
f2df0bfd-79af-4f47-9ed9-18c2f74224c4,odata:vote:44980,plenum,,,,"הצעת חוק איסור אלימות בספורט (תיקון מס' 4) (איסור יידוי אמצעי פירוטכני באירוע ספורט), התשפ""ו–2025",2025-12-31 18:01:00
591219a0-b3c5-487e-9839-ab59e1e27430,odata:vote:44979,plenum,,,,"הצעת חוק עידוד יישוב עירוני מעורב (הוראת שעה), התשפ""ו–2025",2025-12-31 17:51:00
88e028d5-8d1b-40a1-b18c-4ca57427c7bd,odata:vote:44977,plenum,,,,"הצעת חוק בתי קברות צבאיים (תיקון מס' 5) (תיקון), התשפ""ו–2025",2025-12-31 17:37:00
636cf4d3-9e62-4b43-a940-a87a86266fe1,odata:vote:44976,plenum,,,,"הצעה דחופה לסדר היום בנושא: ""פגיעה בחקלאים הישראלים הקטנים הסוחרים ברצועת עזה, עקב הסדר מנהלי חדש של רשות המיסים""",2025-12-31 17:22:00
48457c3f-fe0e-41ce-9106-762888ef5e5b,odata:vote:44975,plenum,,,,"הצעה דחופה לסדר היום בנושא: ""הצגת עמדות אישיות של גורמי מקצוע ממשרדי הממשלה בוועדות הכנסת במקום עמדת השר והממשלה""",2025-12-31 17:08:00
d312f466-c224-4af1-b8fb-7b7e212d83f7,odata:vote:44974,plenum,,,,"הצעה דחופה לסדר היום בנושא: ""עלייה באירועי האלימות כלפי נהגי אוטובוסים והאיום בהשבתת התחבורה הציבורית""",2025-12-31 16:43:00
9bc23b47-8238-40d3-b0ca-44d5b7d1ed39,odata:vote:44973,plenum,,,,"הצעה רגילה לסדר היום בנושא: ""קריסה דמוגרפית וכלכלית של קריית שמונה ויישובי הצפון ומחדל ממשלתי בשיקומם""",2025-12-31 16:22:00
fd463f51-241a-4da9-ae1f-db0babc4c807,odata:vote:44985,plenum,,,,"הצעת חוק הכרה בשפת הסימנים הישראלית, התשפ""ה-2025",2025-12-31 09:00:00
d25a9769-f974-467f-ab3f-b0136857232f,odata:vote:44996,plenum,,,,"הצעת חוק הפרשנות (תיקון - הגדרת הפליה על רקע נטייה מינית או זהות מגדרית), התשפ""ד-2024",2025-12-30 22:00:00
1127e311-b913-4bd1-9e80-34e2b884f2c9,odata:vote:44998,plenum,,,,"הצעת חוק הפרשנות (תיקון - הגדרת הפליה על רקע נטייה מינית או זהות מגדרית), התשפ""ה-2025",2025-12-30 22:00:00
0096cd1d-9ea7-4154-a160-c251b3059bed,odata:vote:44990,plenum,,,,"הצעת חוק התכנון והבנייה (תיקון - ייצוג הולם לנשים במוסדות התכנון), התשפ""ג-2023",2025-12-30 22:00:00
d3d5ee62-145e-40f9-9acd-5879d9d5efa4,odata:vote:44992,plenum,,,,"הצעת חוק החלת ריבונות על ביתר עילית, התשפ""ו-2025",2025-12-30 22:00:00
75ebc788-a4a5-424d-af73-4dfdf29bfb4c,odata:vote:44987,plenum,,,,"הצעת חוק יום לציון עליית יהודי מרוקו לישראל ולהנצחת זכרם של הנספים בדרך לישראל, התשפ""ו-2025",2025-12-30 22:00:00
627c1e03-7153-460a-be73-0780cc98b7c4,odata:vote:44991,plenum,,,,"הצעת חוק הרשות הלאומית למאבק בסמים ובשימוש לרעה באלכוהול, התשפ""ה-2025",2025-12-30 22:00:00
06b23b78-7da2-44d8-9ce9-2ffdb91999fe,odata:vote:44993,plenum,,,,"הצעת חוק איסור קבלת תמורה וחובת דיווח על קשרים עם מדינה זרה, התשפ״ה-2025",2025-12-30 22:00:00
bc787ed0-341f-413e-ab22-67564cfccad4,odata:vote:44995,plenum,,,,"הצעת חוק הפרשנות (תיקון - הגדרת הפליה על רקע זהות מגדרית, נטייה מינית או אמונה דתית), התשפ""ד-2023",2025-12-30 22:00:00
9c7b8c90-99fa-4421-a74d-e124afa30d7a,odata:vote:44989,plenum,,,,"הצעת חוק פטור מאגרה ללוחמים בשירות מילואים בנסיעה בכבישי אגרה ובנתיבים מהירים (תיקוני חקיקה), התשפ""ה-2025",2025-12-30 22:00:00
ec8e616f-d630-484f-bbe2-b98cca642c9a,odata:vote:44968,plenum,,,,הצעת ועדת הכנסת להעברה מוועדה לוועדה - הצעה דחופה לסדר היום בנושא: התפרצות מחלות קטלניות בישראל והירידה בשיעורי ההתחסנות - הצבעה,2025-12-29 19:00:00
5058340a-b275-47c3-a08b-536513ade86b,odata:vote:44966,plenum,,,,הצעת ועדת הכנסת להעברה מוועדה לוועדה - הצעה דחופה לסדר היום בנושא: היעדר פסיכולוגים חינוכיים בבתי הספר בנגב - הצבעה,2025-12-29 18:59:00
693a903b-57d7-4cb1-a9de-31f89e3187d7,odata:vote:44967,plenum,,,,"הצעת ועדת הכנסת להעברה מוועדה לוועדה - הצעה רגילה לסדר היום בנושא: ""שני מקרים נוספים של מאבק בתלמידי תיכון שחפצים להניח תפילין"" - הצבעה",2025-12-29 18:58:00
78660a2a-3664-4a16-a5b8-04ee5bf56a14,odata:vote:44964,plenum,,,,"הצעת חוק קידום התחרות בענפי המזון והפארם (תיקון מס' 9), התשפ""ה–2025",2025-12-29 18:52:00
96590bb8-cf00-47c8-9100-0ac00aaf8886,odata:vote:44962,plenum,,,,"הצעת חוק מס חברות מזערי בקבוצה רב-לאומית, התשפ""ו-2025",2025-12-29 18:44:00
7b1db0d0-71e3-4ddc-a738-0d1e362a8937,odata:vote:44961,plenum,,,,"הצעת חוק העונשין (תיקון מס' 161) (הברחה שלא דרך תחנת גבול), התשפ""ו-2025",2025-12-29 18:23:00
8e0a682f-e008-47b5-8eca-83fa265b12e0,odata:vote:44957,plenum,,,,"הצעת חוק להפסקת פעילות אונר""א (תיקון), התשפ""ו-2025",2025-12-29 15:51:00
7e244bdb-60c1-497a-b6ac-ab4b9e5dd4d3,odata:vote:44942,plenum,,,,"הצעת חוק לתיקון פקודת בתי הסוהר (תיקון מס' 66 – הוראת שעה – חרבות ברזל) (חופשה מיוחדת לאסיר) (תיקון מס' 4), התשפ""ו-2025",2025-12-24 18:28:00
7be69f4b-a95c-4719-babf-9545d1a9578c,odata:vote:44941,plenum,,,,"הצעת חוק כליאתם של לוחמים בלתי חוקיים (תיקון מס' 4 והוראת שעה – חרבות ברזל) (תיקון מס' 6), התשפ""ו-2025",2025-12-24 18:21:00
96cf451e-a594-4cd9-a868-2e806c2a54f7,odata:vote:44938,plenum,,,,"הצעת חוק שירות ביטחון (תיקון מס' 7 והוראת שעה) (שירות במשטרה ושירות מוכר) (תיקון מס' 19), התשפ""ו-2025",2025-12-24 18:08:00
89349795-0504-40d9-b4fa-0c3bbcff1248,odata:vote:44936,plenum,,,,"הצעת חוק הסמכת צבא הגנה לישראל ושירות הביטחון הכללי לביצוע חדירה לחומר מחשב המשמש להפעלת מצלמה נייחת ופעולה בו (הוראת שעה – חרבות ברזל) (תיקון מס' 5), התשפ""ו-2025",2025-12-24 17:16:00
c44fbf66-4f09-4145-9440-702c7aaf338c,odata:vote:44935,plenum,,,,"הצעה דחופה לסדר היום בנושא: ""הכנסת חומרים דו-שימושיים לרצועת עזה המשמשים לטרור""",2025-12-24 17:07:00
0d8f7e98-2eb4-4a7c-ad13-a61a50c1d6ea,odata:vote:44934,plenum,,,,הצעה רגילה לסדר היום בנושא: יוקר המחיה והנטל הכלכלי הבלתי נסבל שמושת על אזרחי ישראל,2025-12-24 16:51:00
0fe3266b-33e6-4fd2-a672-907fe411a255,odata:vote:44932,plenum,,,,הצעת חוק-יסוד: הממשלה (תיקון - התניית חברות בוועדת השרים לענייני ביטחון לאומי בשירות צבאי),2025-12-24 12:21:00
bb40317c-b9e4-4600-a5f0-97d2f241eb96,odata:vote:44931,plenum,,,,"הצעת חוק הכרה אזרחית בהכשרות צבאיות (תיקון - הכרה בניסיון פיקודי כניסיון ניהולי), התשפ""ה-2024",2025-12-24 11:57:00
8e1d4c39-8c75-45fd-8fcf-d3054b832470,odata:vote:44929,plenum,,,,הצעת חוק-יסוד: השפיטה (תיקון - רשות ערעור למדינה על זיכוי אדם בפלילים),2025-12-24 09:24:00
ef3a0ac5-6209-45d1-a234-d18b8197ead6,odata:vote:44949,plenum,,,,"הצעת חוק איסור שימוש בטלפונים חכמים במוסדות חינוך, התשפ""ה-2024",2025-12-23 22:00:00
86f72304-5e0b-4d5e-9ac1-928668d65b0b,odata:vote:44946,plenum,,,,"הצעת חוק ועדת חקירה ממלכתית-לאומית לאירועי טבח שמיני עצרת התשפ״ד (טבח 7 באוקטובר 2023), התשפ""ו-2025",2025-12-23 22:00:00
9b68147e-b9fe-4321-888b-7f996cbd874f,odata:vote:44950,plenum,,,,"הצעת חוק מלחמת שמחת תורה, התשפ""ו-2025",2025-12-23 22:00:00
85d18179-86ae-4291-95c6-4cd2d23188da,odata:vote:44951,plenum,,,,"הצעת חוק שיפוט בתי דין רבניים (נישואין וגירושין) (תיקון - מתן פסק דין במקרי אלימות קשים), התשפ""ג-2023",2025-12-23 22:00:00
fe6fb734-9307-4de2-8df3-971897a61ca6,odata:vote:44955,plenum,,,,"הצעת חוק שיפוט בתי דין רבניים (נישואין וגירושין) (תיקון - הגבלת משך זמן ההליך), התשפ""ג-2023",2025-12-23 22:00:00
eb99200d-dc4f-4ad0-b5b5-9ccdf1b55664,odata:vote:44944,plenum,,,,"הצעת חוק הרשויות המקומיות (פטור חיילים, נפגעי מלחמה ושוטרים מארנונה) (תיקון - הנחה בארנונה למשרת בשירות מילואים פעיל) (הוראת שעה), התשפ""ה-2024",2025-12-23 22:00:00
e1c3e6ea-7698-4cb9-9f78-93d2f9383eca,odata:vote:44948,plenum,,,,"הצעת חוק זכויות ושירותים לילדים ובני נוער עם קשיים נפשיים, התשפ""ד-2023",2025-12-23 22:00:00
5d322de4-396a-42e9-927c-b43ab1d58db4,odata:vote:44959,plenum,,,,"הצעת חוק נישואים אזרחיים, התשפ""ג-2022",2025-12-23 22:00:00
759683e4-da14-4f74-9c16-202f330168ab,odata:vote:44945,plenum,,,,"הצעת חוק החברות (תיקון - פרסום דוחות כספיים של מונופול), התשפ""ו-2025",2025-12-23 22:00:00
bb82230c-6a6a-4ec0-a4b8-706b002a411e,odata:vote:44913,plenum,,,,"הצעת חוק מניעת פגיעת גוף שידורים זר בביטחון המדינה (הוראת שעה), התשפ""ו–2025",2025-12-22 22:07:00
f2420a29-78bd-4636-8f49-6b9ee3e828b9,odata:vote:44901,plenum,,,,"הצעה להביע אי אמון בממשלה מטעם סיעות חד""ש-תעל ורע""ם בנושא: ""ממשלה שמעודדת טרור לאומני יהודי, אלימות פוליטית והסתה גזענית""",2025-12-22 15:51:00
ae7dc0b6-8da5-49ab-afd7-4791a86f85b2,odata:vote:44902,plenum,,,,"הצעה להביע אי אמון בממשלה מטעם סיעות ישראל ביתנו, כחול לבן - המחנה הממלכתי והעבודה בנושא: ""יוקר המחיה משתולל - והממשלה מנותקת מהציבור""",2025-12-22 15:50:00
7cc25f48-0a6c-49c8-9e92-5786cb1b56cd,odata:vote:44903,plenum,,,,הצעה להביע אי אמון בממשלה מטעם סיעת יש עתיד בנושא: ״הפקרת הביטחון האישי ואובדן המשילות״,2025-12-22 15:50:00
4f3fb23b-249f-4764-a2b8-ae69444f87cd,odata:vote:44898,plenum,,,,"הצעת חוק תאגידי מים וביוב (תיקון - הפסקת התקשרות עם חברה), התשפ""ג-2023",2025-12-17 12:57:00
8fda455d-e905-4102-abbe-0acc4ced307a,odata:vote:44897,plenum,,,,"הצעת חוק הבנקאות (שירות ללקוח) (תיקון - שירות מקוון ללקוח), התשפ""ג-2023",2025-12-17 09:10:00
94c862be-b2a7-47e5-a944-46e547a2e39d,odata:vote:44896,plenum,,,,"הצעת חוק הבנקאות (שירות ללקוח) (תיקון - שירות מקוון ללקוח), התשפ""ג-2022",2025-12-17 09:09:00
74da431a-8d0e-403f-91f3-bce417fe7c6d,odata:vote:44894,plenum,,,,"הצעת חוק קליטת חיילים משוחררים (תיקון - תקופת זכאות להשתתפות במימון שכר לימוד), התשפ""ה-2025",2025-12-17 09:02:00
f8fce309-f6bc-48e6-9f31-1bd01908ad5f,odata:vote:44895,plenum,,,,"הצעת חוק הגנה על קטינים (הזכות למחיקת מידע אישי), התשפ""ה-2025",2025-12-17 09:00:00
646acb35-6151-4574-a7df-35c7e5e7fce1,odata:vote:44891,plenum,,,,"הצעת חוק שיקום נרחב לחבל התקומה כאזור מיקוד לאומי וסיוע ליישובים הסמוכים אליו (תיקון - הוראות מעבר בעניין המועצה האזורית שדות נגב), התשפ""ו-2025",2025-12-17 08:53:00
b40803e7-6f15-4591-b854-70367edbf97a,odata:vote:44927,plenum,,,,"הצעת חוק הגשמת הזהות היהודית במרחב הציבורי, התשפ""ה-2025",2025-12-17 07:00:00
ed6c77de-6d4c-4cc7-9b08-fd1a893fd9ac,odata:vote:44919,plenum,,,,"הצעת חוק שלילת הטבות מבכירים במערכת הביטחון, התשפ""ה-2025",2025-12-16 22:00:00
968dfa5d-ca23-4414-ab14-35292e8c856a,odata:vote:44933,plenum,,,,"הצעת חוק תאגידי מים וביוב (תיקון - הפעלת שירותי מים וביוב על ידי רשות מקומית), התשפ""ה-2025",2025-12-16 22:00:00
2d9aa4d6-9b45-459d-aba4-8aa6d7ed5d65,odata:vote:44971,plenum,,,,"הצעת חוק רמת הגולן (תיקון - פיתוח וחיזוק רמת הגולן, וקביעת יום לציון רמת הגולן), התשפ""ה-2025",2025-12-16 22:00:00
ece8376b-4805-4fbc-9bec-f0f44cfc306e,odata:vote:44926,plenum,,,,"הצעת חוק לקידום הבנייה במתחמים מועדפים (הוראת שעה) (תיקון - ייצוג הולם למגזר החרדי), התשפ""ג-2023",2025-12-16 22:00:00
24cc58f4-5091-4d53-9c29-f0072b353cc0,odata:vote:44924,plenum,,,,"הצעת חוק בתי המשפט (תיקון - קביעת הרכבים בבית המשפט העליון וקביעת דיון נוסף), התשפ""ה-2025",2025-12-16 22:00:00
3e97638c-0f31-467f-99b1-25d5216a716f,odata:vote:44922,plenum,,,,"הצעת חוק החברות הממשלתיות (תיקון - כשירות מיוחדת), התשפ""ג-2022",2025-12-16 22:00:00
ddb85bc0-679c-4384-839f-0fa219bb98f5,odata:vote:44930,plenum,,,,"הצעת חוק החברות הממשלתיות (תיקון - הרחבת הייצוג והגיוון בחברות הממשלתיות), התשפ""ה-2025",2025-12-16 22:00:00
e63aaeb6-8de3-4bd3-aa8d-203d5d449444,odata:vote:44887,plenum,,,,"הצעת חוק מימון מפלגות (תיקון מס' 44), התשפ""ו–2025",2025-12-15 12:45:00
63847ea5-cce1-4dcd-ab0d-8a019b8a963e,odata:vote:44886,plenum,,,,"הצעת חוק תקשורת דיגיטלית עם גופים ציבוריים (תיקון מס' 5) (חובת מתן מענה הולם), התשפ""ה–2025",2025-12-15 11:56:00
d7c9570b-8f12-4a2e-8df6-a99789fb572a,odata:vote:44885,plenum,,,,"הצעת חוק הכשרות המשפטית והאפוטרופסות (תיקון מס' 24) (ניהול חשבון תשלום על ידי אפוטרופוס או מיופה כוח), התשפ""ה–2025",2025-12-15 10:44:00
1d9c2da1-9dcc-455e-897e-41de08ea2c26,odata:vote:44883,plenum,,,,"הצעה להביע אי אמון בממשלה מטעם סיעות חד''ש-תע''ל ורע''מ בנושא: ""הפרת הפסקות האש בידי ממשלת ישראל בכל החזיתות בניסיון להבעיר את האזור כולו""",2025-12-15 08:40:00
cd7e5597-a81a-486b-a3b1-2ecddd03bba6,odata:vote:44884,plenum,,,,"הצעה להביע אי אמון בממשלה מטעם סיעות העבודה, סיעת כחול לבן - המחנה הממלכתי וישראל ביתנו בנושא: ""ביטול עיקרון השוויון בפני החוק – ראש הממשלה מעל החוק""",2025-12-15 08:40:00
3a005fea-cd61-4996-85d1-77b942c867f2,odata:vote:44882,plenum,,,,"הצעה להביע אי אמון בממשלה מטעם סיעת יש עתיד בנושא: ״ממשלה כושלת המעודדת השתמטות, פוגעת במעמד הביניים ומפקירה את נושא יוקר המחייה״",2025-12-15 08:39:00
58f1bb96-3851-4e86-98b5-ebd705bacf83,odata:vote:44876,plenum,,,,"הצעת חוק דיווח לכנסת על הטרדות מיניות בכוחות הביטחון והטיפול בהן (תיקוני חקיקה), התשפ""ה-2025",2025-12-10 16:19:00
610f3449-a2f4-43bf-87d4-0e5ccbeeff97,odata:vote:44873,plenum,,,,"הצעת חוק לתיקון פקודת התעבורה (מס' 139), התשפ""ה-2025",2025-12-10 16:13:00
dfe772d3-59d2-4672-b3c0-a47162b5cbb6,odata:vote:44872,plenum,,,,"הצעת חוק בתי קברות צבאיים (תיקון מס' 5) (תיקון) (תחולה למפרע), התשפ""ה–2025",2025-12-10 16:09:00
ff9c4bc3-0520-4c08-b06b-12f5c3f358d9,odata:vote:44871,plenum,,,,"הצעה דחופה לסדר היום בנושא: ""דיון דחוף בנושא אלימות משטרתית כלפי נכה צה״ל והלום קרב, בן הקהילה יוצאת אתיופיה, בעיר אשדוד""",2025-12-10 15:27:00
601144b0-f468-4cd4-ab01-83939742d1b3,odata:vote:44870,plenum,,,,"הצעה דחופה לסדר היום בנושא: ""הגדרת תהליך מחייב ואבני דרך לשינוי סטטוס מוניציפלי של יישובים, לצד בחינה כלכלית מקיפה""",2025-12-10 14:57:00
1457f4fe-0bab-4c21-b736-e27c319771cb,odata:vote:44869,plenum,,,,"הצעה דחופה לסדר היום בנושא: ""סגירת גני ילדים לסירוגין בשל מחסור חמור בכוח אדם בגיל הרך""",2025-12-10 14:47:00
51cd43b8-0a53-48ca-b54c-3d8dfc9368e3,odata:vote:44868,plenum,,,,"הצעה רגילה לסדר היום בנושא: ""שני מקרים נוספים של מאבק בתלמידי תיכון שחפצים להניח תפילין""",2025-12-10 14:30:00
7fba62de-8803-4403-98e3-d3c091ae92a6,odata:vote:44867,plenum,,,,"הצעה רגילה לסדר היום בנושא: ""איחור שיטתי בהגשת תקציב המדינה בניגוד לחוק""",2025-12-10 14:11:00
ecd93106-3d1e-4fac-a7f8-e3960cf0aba4,odata:vote:44866,plenum,,,,"הצעה רגילה לסדר היום בנושא: ""הקרב ששכחו: הדחיפות הבהולה בתקצוב פעילות ההסברה האזרחית בישראל""",2025-12-10 13:36:00
788cb82b-85fc-4261-9e9b-1dc85563ea03,odata:vote:44865,plenum,,,,"הצעת חוק הליכי חקירה והעדה (התאמה לאנשים עם מוגבלות שכלית או נפשית) (תיקון - חקירה והעדה מותאמת למתמודדי נפש), התשפ""ה-2025",2025-12-10 13:13:00
06d3b239-d31e-49ff-8fb2-20490fbeebbe,odata:vote:44863,plenum,,,,"הצעת חוק הביטוח הלאומי (תיקון - דמי לידה לעצמאיות - מתן זכות לעבודה חלקית), התשפ""ג-2023",2025-12-10 13:07:00
c6af5a20-61ea-4ec4-b80d-5b4418b83ce2,odata:vote:44864,plenum,,,,"הצעת חוק הביטוח הלאומי (תיקון - דמי לידה לעצמאיות - מתן זכות לעבודה חלקית), התשפ""ה-2025",2025-12-10 13:05:00
d6100d02-a2be-4b2a-9b0e-df37e9f0e9d5,odata:vote:44861,plenum,,,,"הצעת חוק רשות מקרקעי ישראל (תיקון - הקצאת מקרקעין לרשויות מקומיות לטובת הקמת מתקני אנרגיה מתחדשת), התשפ""ה-2025",2025-12-10 12:59:00
dfb40a4f-a54d-4ab5-875d-323dc2c378b1,odata:vote:44862,plenum,,,,"הצעת חוק לתיקון פקודת הבנקאות (חשבונות ללא תנועה), התשפ""ה-2024",2025-12-10 12:55:00
3041575e-d6e6-492e-baf7-19c3e90e8f67,odata:vote:44860,plenum,,,,"הצעת חוק הבנקאות (שירות ללקוח) (תיקון - ביטול פעולה מכוח הרשאה לחיוב בשל היעדר יתרה מספקת בחשבון והגבלת עמלות בשל הרשאה לחיוב), התשפ""ה-2025",2025-12-10 12:53:00
dff27faf-05fd-4fa9-a823-b6f09dddbd60,odata:vote:44859,plenum,,,,"הצעת חוק העונשין (תיקון - תקיפת עיתונאים), התשפ""ה-2024",2025-12-10 12:46:00
c6c8ac2c-9d0e-479a-aa31-5f04df2e5086,odata:vote:44858,plenum,,,,"הצעת חוק מניעת חרמות במערכת החינוך, התשפ""ה-2025",2025-12-10 12:19:00
1b7c70a5-236a-497e-8a4f-3a38b2d94854,odata:vote:44857,plenum,,,,"הצעת חוק לשיקום מהיר של מבנים שניזוקו במלחמת עם כלביא (תיקוני חקיקה), התשפ""ה-2025",2025-12-10 12:06:00
33aa3d77-83e5-43e5-be6e-e5b5c562a9e6,odata:vote:44855,plenum,,,,"הצעת חוק המאבק בארגוני פשיעה (תיקון - הכרזה על ארגון פשיעה כארגון טרור), התשפ""ה-2025",2025-12-10 11:52:00
ff732f5a-c39c-4641-b34e-ef13a7935f4e,odata:vote:44854,plenum,,,,"הצעת חוק שמירה על גבולות המדינה (תיקוני חקיקה), התשפ""ה-2025",2025-12-10 11:37:00
3cd7b210-4110-42a6-9f18-4ca16b5f7aab,odata:vote:44852,plenum,,,,"הצעת חוק זכויות הסטודנט (תיקון - התאמות בהשכלה גבוהה לסטודנטים עקב מחלה קשה), התשפ""ה-2025",2025-12-10 11:30:00
471acc44-7d6e-41bd-b631-f6e018f03e35,odata:vote:44851,plenum,,,,"הצעת חוק עיון במרשמי המקרקעין ביהודה והשומרון, התשפ""ה-2025",2025-12-10 11:27:00
e6f2ae38-d0e2-4eed-83ee-b16283f0a772,odata:vote:44850,plenum,,,,"הצעת חוק משפחות חיילים שנספו במערכה (תגמולים ושיקום) (תיקון - שעת הורות בעבודה לאלמן או לאלמנה בשנת האבל הראשונה), התשפ""ה-2025",2025-12-10 10:13:00
fb1f6159-d3f8-42a4-9f53-6a0d1564af1c,odata:vote:44848,plenum,,,,"הצעת חוק קבלת ילד של משרת מילואים למעון יום והשתתפות המדינה בעלות שכר הלימוד בו, התשפ""ה-2025",2025-12-10 10:06:00
ba1605d0-7509-4ed6-bdea-cab29fc2bd6a,odata:vote:44847,plenum,,,,"הצעת חוק זכויות הסטודנט (תיקון - איסור הפסקת לימודים בשל שירות מילואים), התשפ""ו-2025",2025-12-10 09:34:00
fa490df2-fd2b-406a-abb3-4f6ff108742f,odata:vote:44877,plenum,,,,"הצעת חוק סדר הדין הפלילי (תיקון - מניעת ניגודי עניינים בחקירת היועץ המשפטי לממשלה ופרקליט המדינה), התשפ""ה-2024",2025-12-09 22:00:00
ff402e62-083b-4b8d-810c-e69b578864b1,odata:vote:44879,plenum,,,,הצעת חוק-יסוד: שכר נושאי משרה ברשויות השלטון (תיקוני חקיקה),2025-12-09 22:00:00
76555976-a4c6-4f9b-91aa-ddadead6ff62,odata:vote:44840,plenum,,,,"הצעת חוק שירות הקבע בצבא הגנה לישראל (גמלאות) (תיקון - קצבאות שאירים - תיקונים שונים), התשפ""ה-2025",2025-12-08 21:32:00
48396c2d-ea3e-408c-abed-d2a1e602b093,odata:vote:44841,plenum,,,,"הצעת חוק קצבאות שאירים של משרתי שירות הקבע ושירות המדינה וגמלאיהם (תיקוני חקיקה), התשפ""ה-2025",2025-12-08 21:31:00
d0cee16f-3bd3-4f0a-8f59-762658670236,odata:vote:44837,plenum,,,,"הודעת הממשלה בהתאם לסעיף 31(ב) לחוק-יסוד: הממשלה להעביר לראש הממשלה את הסמכות הנתונה לשר הפנים לפי סעיף 23א לחוק שירות המדינה (מינויים), התשי""ט-1959, לעניין הטלת תפקיד ראש רשות האוכלוסין וההגירה ולעניין הטלת תפקיד יו""ר הוועדה המחוזית לתכנון ובנייה מחוז תל אביב",2025-12-08 19:07:00
a75bbf78-f28f-46ab-a3f0-a84ab5071ab2,odata:vote:44836,plenum,,,,"דיון בהשתתפות ראש הממשלה על פי בקשתם של 40 חברי כנסת - ""קריסת מעמדה הבינלאומי של ישראל""",2025-12-08 16:22:00
d4cde69d-7b4f-48cf-b150-dac179f4fbb3,odata:vote:44831,plenum,,,,"הצעת חוק לתיקון דיני הראיות (הגנת ילדים) (תיקון מס' 20), התשפ""ו-2025",2025-12-03 16:31:00
9c6ff762-a8a4-486a-8c55-3962c07fba08,odata:vote:44830,plenum,,,,הצעה דחופה לסדר היום בנושא: עלייה במקרי אובדנות בקרב ילדים ובני נוער ברקע תת התקצוב של התוכנית הלאומית למניעת אובדנות,2025-12-03 16:01:00
6f4720c0-abc5-4c2d-b9ff-8118c61880eb,odata:vote:44829,plenum,,,,הצעה דחופה לסדר היום בנושא: היעדר פסיכולוגים חינוכיים בבתי הספר בנגב,2025-12-03 15:38:00
024ddb72-96ec-46a0-8294-f8c897541e5d,odata:vote:44828,plenum,,,,הצעה דחופה לסדר היום בנושא: גיבוש מדיניות ישראלית למניעת התחזקות טורקיה במרחב,2025-12-03 15:16:00
714ae950-04dd-4689-8945-44393ef26c29,odata:vote:44827,plenum,,,,"הצעה רגילה לסדר היום בנושא: ""פגיעה בתקציבי החברה הערבית על ידי שרה החשודה בהפרת אמונים""",2025-12-03 14:44:00
64ef2644-b089-40ea-9eaf-4ccceb6342f1,odata:vote:44826,plenum,,,,הצעה רגילה לסדר היום בנושא: ריסוק מוסדות השלטון ושחיקת אמון הציבור,2025-12-03 13:50:00
0cdc315a-ad39-4e2a-ab26-a9556c3d9f07,odata:vote:44825,plenum,,,,הצעה רגילה לסדר היום בנושא: עיכוב מתמשך בהנפקה ובשליחה של תגי חניה לנכים,2025-12-03 13:39:00
f37236a4-40e4-43bc-82b7-6f50747bd952,odata:vote:44824,plenum,,,,"הצעת חוק התכנון והבנייה (תיקון - הצללת המרחב הציבורי), התשפ""ה-2025",2025-12-03 13:00:00
e863cc82-9aa6-4494-8b98-1965e39a00ac,odata:vote:44823,plenum,,,,"הצעת חוק הטבות לניצולי שואה (תיקון - זכאות למענק הטבות שנתי לבן זוג של ניצול שואה שנפטר), התשפ""ג-2022",2025-12-03 12:25:00
ff964984-af4c-4df3-a3f5-237d49635c46,odata:vote:44821,plenum,,,,"הצעת חוק משק החשמל (תיקון - תעריף מופחת לבתי חולים בפריפריה), התשפ""ג-2023",2025-12-03 12:17:00
f119fded-b1c8-4ec3-92e0-5dcbbe1ee677,odata:vote:44819,plenum,,,,הצעת חוק-יסוד: הכנסת (תיקון - ייצוג מינימלי לשני המינים ברשימת מועמדים לכנסת),2025-12-03 11:41:00
dcccbfae-235e-4936-9bb7-3d839ce397fb,odata:vote:44818,plenum,,,,"הצעת חוק שירות ביטחון (תיקון - מתווה בן-גוריון לדחייה ופטור משירות מטעמי לימודי דת), התשפ""ו-2025",2025-12-03 10:59:00
1e0f3612-322a-4213-98e4-3c2084d90181,odata:vote:44817,plenum,,,,"הצעת חוק לתיקון פקודת מס הכנסה (פטור ממס למשרת מילואים פעיל) (הוראת שעה - חרבות ברזל), התשפ""ה-2025",2025-12-03 10:36:00
a7d26e8f-c558-4d1b-9a6a-90709d6beb6f,odata:vote:44816,plenum,,,,"הצעת חוק לתיקון דיני הראיות (הגנת ילדים) (תיקון - הרחבת ההסדרים הקבועים בחוק לילדים אשר עברו את גיל 14 במועד העדות), התשפ""ג-2023",2025-12-03 10:09:00
81e74a8f-b07c-4a06-8bb3-84d6d934a4ae,odata:vote:44833,plenum,,,,הצעה רגילה לסדר היום בנושא: הכנסת מאמצת את תוכנית עשרים הנקודות של נשיא ארצות הברית דונאלד טראמפ,2025-12-02 22:00:00
75449553-0ac9-43bd-80a1-a2677bea9a95,odata:vote:44812,plenum,,,,"הצעת חוק בתי המשפט (תיקון מס' 106), התשפ""ו–2025",2025-12-02 15:38:00
58a7f2e7-a18c-422f-a2b0-32ecbcc5717e,odata:vote:44810,plenum,,,,"הצעת חוק הסיוע המשפטי (תיקון מס' 30), התשפ""ה–2025",2025-12-02 15:28:00
507a1d09-62cd-4c57-bda4-430006d7caca,odata:vote:44809,plenum,,,,"הצעת חוק שיקום נזקי מלחמה בדרך של התחדשות עירונית, התשפ""ו-2025",2025-12-02 15:18:00
364fb4bd-f188-4ce2-b11d-13c5cfe59be0,odata:vote:44802,plenum,,,,"המלצת הוועדה המשותפת של ועדת החוץ והביטחון וועדת החוקה, חוק ומשפט בעניין הארכת תוקף ההכרזה על מצב חירום",2025-12-01 21:13:00
7a443baa-aac9-488a-ae06-ca87899a522d,odata:vote:44801,plenum,,,,"הודעת הממשלה בהתאם לסעיף 31(ב) לחוק יסוד: הממשלה להעביר לשר עמיחי אליהו את הסמכויות הנתונות לשר המשפטים לפי סעיפים 3, 18, 20א וכן 24א לחוק ההסגרה התשי""ד-1954",2025-12-01 20:52:00
aa15c7d4-08e0-4018-860e-970a3f120adf,odata:vote:44800,plenum,,,,"הצעה להביע אי אמון בממשלה מטעם סיעות רע""מ וחד""ש-תע""ל בנושא: ""ניסיונות ראש הממשלה להשפיע על תוצאות הבחירות הבאות באמצעות הסתה, תעמולה שקרית ודה-לגיטימציה של האוכלוסייה הערבית ונציגיה בכנסת""",2025-12-01 15:20:00
9ca2fe7d-c446-44a6-9e37-bdf1dd321d20,odata:vote:44798,plenum,,,,"הצעה להביע אי אמון בממשלה מטעם סיעות סיעות העבודה, כחול לבן – המחנה הממלכתי וישראל ביתנו בנושא: ""ממשלה שמטייחת את מחדלי אירועי ה-7 באוקטובר""",2025-12-01 15:19:00
d549b414-468a-4294-8424-be9d9a851afd,odata:vote:44805,plenum,,,,"הקמת ועדה לדיון בהצעת חוק התקשורת (שידורים), התשפ""ו-2025 (מ/1898), בהתאם לסעיף 108 לתקנון הכנסת",2025-11-30 22:00:00
2df60887-6012-4afb-89a9-724884b491c8,odata:vote:44793,plenum,,,,"הצעת חוק המאבק בטרור (תיקון מס' 9 והוראת שעה) (תיקון), התשפ""ו-2025",2025-11-26 15:37:00
8d8c75f1-4721-43f5-9fda-fa0b0335e889,odata:vote:44792,plenum,,,,"הצעת חוק הדיור הציבורי (זכויות רכישה), התשפ""ו–2025",2025-11-26 15:22:00
eef004e1-9fcf-478f-903d-1beaeb3b6abf,odata:vote:44791,plenum,,,,הצעה רגילה לסדר היום בנושא: השלכות אי־מינוי שר בריאות קבוע במשך למעלה מארבעה חודשים על בריאות הציבור,2025-11-26 14:05:00
68270467-3aef-4ba9-b6ad-d48fd27b038c,odata:vote:44790,plenum,,,,הצעה רגילה לסדר היום בנושא: תחזית הגירעון המדאיגה של הביטוח הלאומי,2025-11-26 13:40:00
efe22348-eeea-47af-abf5-f1f1df3291d9,odata:vote:44789,plenum,,,,"הצעת חוק שירותי אבטחה, התשפ""ה-2025",2025-11-26 11:52:00
600e5fcc-84b4-498e-bd93-09834cb9dc2e,odata:vote:44787,plenum,,,,"הצעת חוק מענק לחטוף ששב מן השבי או למשפחתו של חטוף שנרצח בשבי וגופתו הושבה בעקבות מתקפת 7 באוקטובר, התשפ""ה-2025",2025-11-26 11:27:00
9754f8c4-be89-442c-8e38-3b72ba86f245,odata:vote:44788,plenum,,,,"הצעת חוק איסור הפליה במוצרים, בשירותים ובכניסה למקומות בידור ולמקומות ציבוריים (תיקון - הגדלת סכום הפיצוי בלא הוכחת נזק), התשפ""ה-2024",2025-11-26 11:26:00
4416daf0-614b-4bee-b5d9-4b72ea3c8b2e,odata:vote:44786,plenum,,,,"הצעת חוק מניעת פגיעת גוף שידורים זר בביטחון המדינה (הוראת שעה - חרבות ברזל) (תיקון - מניעת שידורים), התשפ""ד-2024",2025-11-26 10:58:00
18105427-8edc-494b-8ea5-16e9478b199c,odata:vote:44785,plenum,,,,"הצעת חוק לימוד חובה (תיקון - הפחתת תקציב בשל אי-גיוס בוגרים), התשפ""ה- 2025",2025-11-26 10:32:00
9903c419-d908-4dd2-acc7-177d61e0e32c,odata:vote:44784,plenum,,,,"הצעת חוק איסור אלימות בספורט (תיקון - החמרת ענישה על יידוי אמצעי פירוטכני באירוע ספורט), התשפ""ה-2025",2025-11-26 10:07:00
884a4a74-9ba3-46c9-9e91-c891be48c49e,odata:vote:44783,plenum,,,,"הצעת חוק אומנה לילדים (תיקון - העלאת גיל אומן), התשפ""ה-2025",2025-11-26 10:03:00
04a2576e-2494-428b-a4f7-169d12faf403,odata:vote:44795,plenum,,,,הצעה רגילה לסדר היום בנושא: הצורך בהקמת ועדת חקירה פרלמנטרית לכשלון הממשלה במאבק ביוקר המחייה,2025-11-25 22:00:00
00808fd3-974e-4067-973e-292c90071b7e,odata:vote:44779,plenum,,,,"הצעת חוק הסדרים במשק המדינה (תיקוני חקיקה להשגת יעדי התקציב) (תיקון מס' 20), התשפ""ה–2025",2025-11-25 15:33:00
729c5614-1ea0-4c4a-b7b1-41e4d99b2820,odata:vote:44774,plenum,,,,"הודעת הממשלה בהתאם לסעיף 31(א) לחוק-יסוד: הממשלה, בעניין מינויו של השר יריב לוין לתפקיד שר העבודה, השר לשירותי דת ושר ירושלים ומסורת ישראל, נוסף על תפקידו כשר המשפטים",2025-11-24 19:39:00
2abc535c-8ebe-422e-80a1-db24d6972fd1,odata:vote:44775,plenum,,,,"הודעת הממשלה בהתאם לסעיף 31(א) לחוק-יסוד: הממשלה, בעניין מינויו של השר חיים כץ לתפקיד שר הבריאות ושר הרווחה והביטחון החברתי, נוסף על תפקידיו כשר התיירות ושר הבינוי והשיכון",2025-11-24 19:38:00
126d1411-970a-4e60-b1b6-d0a62e7e4f76,odata:vote:44771,plenum,,,,הצעה להביע אי אמון בממשלה מטעם סיעת יש עתיד בנושא: ״רצון העם בהקמת ועדת חקירה ממלכתית״,2025-11-24 15:28:00
aad86567-779d-400c-aa23-c89bf69df723,odata:vote:44769,plenum,,,,"הצעת חוק לתיקון פקודת מס הכנסה (מס' 283), התשפ""ו-2025",2025-11-19 15:20:00
3c5583e7-b650-4f06-911f-45f23ad9d226,odata:vote:44766,plenum,,,,"הצעת חוק להפסקת פעילות אונר""א (תיקון - אי-הספקת חשמל ומים וסמכות תפיסת חזקה במקרקעין), התשפ""ו-2025",2025-11-19 15:05:00
82927789-b294-4cb4-8b40-083037d9e01e,odata:vote:44764,plenum,,,,"הצעת חוק להפסקת פעילות אונר""א בשטח מדינת ישראל (תיקון - תפיסת חזקה בכל שטח שהוחזק בידי אונר""א), התשפ""ה-2025",2025-11-19 15:04:00
5f0984c5-dac2-4b66-b631-02654bd77e0f,odata:vote:44763,plenum,,,,"הצעה דחופה לסדר היום בנושא: בצל רעידת האדמה שהורגשה בשבוע שעבר: כ-810,000 דירות ישנות עלולות להיפגע כשהאדמה תרעד",2025-11-19 13:59:00
96e7eda4-9377-4daf-8f8c-ce3893c78cfa,odata:vote:44762,plenum,,,,הצעה דחופה לסדר היום בנושא: תקצוב מכינות אופק,2025-11-19 13:45:00
24d366ff-8734-412a-823f-62a62676ab6c,odata:vote:44761,plenum,,,,הצעה דחופה לסדר היום בנושא: הזיהום החמור הנגרם משרפות הפסולת הבלתי-מוסדרות ביהודה ושומרון והשלכותיו על בריאות תושבי מרכז הארץ,2025-11-19 13:26:00
d215cd09-abc2-4ca0-95d3-285b9ac96923,odata:vote:44760,plenum,,,,"הצעה רגילה לסדר היום בנושא: שיתוק מערכות חיוניות בשל היעדר שרים במשרדי הבריאות, הרווחה והפנים",2025-11-19 13:00:00
4fd2d02b-3a42-4ff6-b315-4cddcb728343,odata:vote:44759,plenum,,,,"הצעה רגילה לסדר היום בנושא: ציון יום הסיגד בכנסת ועיגונו בחקיקה בשבוע בו מצויין יום הסיגד (כ""ט בחשוון)",2025-11-19 12:35:00
24672194-002c-46ba-91b6-0fb20cf86bb1,odata:vote:44758,plenum,,,,הצעה רגילה לסדר היום בנושא: הקמת ועדת חקירה פרלמנטרית לפשיעה ואלימות בחברה הערבית,2025-11-19 12:02:00
9f5592ce-89ca-43be-b2de-4bf96e814a11,odata:vote:44757,plenum,,,,"הצעת חוק קיום דיונים בהיוועדות חזותית לאסירים ביטחוניים, התשפ""ו-2025",2025-11-19 11:36:00
183baf10-20a5-40c4-9401-54edc326eafd,odata:vote:44756,plenum,,,,"הצעת חוק החובה למתן חינוך בלתי פורמאלי לילדים ולנוער, התשפ""ג-2023",2025-11-19 11:21:00
38918570-65aa-4d2e-a470-6b347b14567e,odata:vote:44755,plenum,,,,"הצעת חוק ביטוח בריאות ממלכתי (תיקון - הוספת זכאות לכיסאות גלגלים ממונעים הניתנים לשליטה מרחוק), התשפ""ה-2025",2025-11-19 10:53:00
fc5ceaed-0a8c-41a2-b3de-cd8d64ba61c3,odata:vote:44753,plenum,,,,"הצעת חוק הפעלת תחבורה ציבורית בשבת, התשפ""ג-2023",2025-11-19 10:49:00
3aa46fb1-74be-43fa-93a3-df0021d4fbd5,odata:vote:44754,plenum,,,,"הצעת חוק הפעלת תחבורה ציבורית בשבת, התשפ""ג-2022",2025-11-19 10:48:00
ce7ff3d6-f8a5-4565-ba09-79dbd45947fb,odata:vote:44752,plenum,,,,"הצעת חוק קליטת חיילים משוחררים (תיקון - מענק דמי מחייה ללוחמות משוחררות), התשפ""ה-2024",2025-11-19 10:15:00
0087511a-363f-4bf6-b461-3a2e931ee0e6,odata:vote:44751,plenum,,,,"הצעת חוק שירות המילואים, התשפ""ה-2025",2025-11-19 10:09:00
945c830a-0fd3-43cb-bcc6-930179a01049,odata:vote:44748,plenum,,,,"הצעת חוק הכניסה לישראל (תיקון מס' 43 והוראת שעה - חרבות ברזל), התשפ""ה-2025",2025-11-18 15:25:00
e81dcc1e-21e5-4f0e-aaff-3ac69aebc79d,odata:vote:44744,plenum,,,,"הצעת חוק שירות לאומי-אזרחי (תיקון מס' 8), התשפ""ו-2025",2025-11-17 22:15:00
2aa1432f-86f7-45ec-a169-b9f15fc9e170,odata:vote:44700,plenum,,,,"הצעת חוק שיפוט בתי דין רבניים (נישואין וגירושין) (תיקון מס' 6 - הוראת שעה), התשפ""ו-2025",2025-11-17 20:54:00
a6c89de2-14e8-4a9f-8446-256dcd7f9c64,odata:vote:44675,plenum,,,,הודעת הממשלה בהתאם לסעיף 31(ב) לחוק-יסוד: הממשלה להעביר לראש הממשלה את הסמכויות הנתונות לשר העבודה לפי מספר חוקים,2025-11-17 16:26:00
b3b5d9e1-364d-4b09-b93e-c910f1c65fa5,odata:vote:44673,plenum,,,,"הצעה להביע אי אמון בממשלה מטעם סיעות רע""ם וחד""ש-תע""ל בנושא: ""ממשלה רשלנית שמזניחה את החברה הערבית""",2025-11-17 15:25:00
93342c29-976c-43f3-9730-e295793569fb,odata:vote:44671,plenum,,,,"הצעה להביע אי אמון בממשלה מטעם סיעות סיעות העבודה, כחול לבן – המחנה הממלכתי וישראל ביתנו בנושא: ""הצבעת אי אמון בממשלת ישראל בשל פגיעה חמורה בעצמאות הלאומית ובאינטרסים האסטרטגיים של מדינת ישראל""",2025-11-17 15:24:00
6ff3a772-2be1-4ff8-b3a5-062d27606703,odata:vote:44667,plenum,,,,"הצעת חוק הטבות מס ליישובים (תיקוני חקיקה), התשפ""ו-2025",2025-11-12 15:38:00
32d29965-04cf-4552-b70d-3cdb8f2169ba,odata:vote:44666,plenum,,,,הצעה דחופה לסדר היום בנושא: אי מינוי הוועדה הציבורית של סל הבריאות,2025-11-12 14:04:00
8d531f92-b57e-41e1-b499-e8a925ac3d07,odata:vote:44665,plenum,,,,הצעה דחופה לסדר היום בנושא: סכנה לכשירות צה”ל: אובדן שטחי האש ביהודה ושומרון,2025-11-12 13:49:00
a90717ce-db9c-4f83-9e09-76b308eee754,odata:vote:44664,plenum,,,,"הצעת חוק הביטוח הלאומי (תיקון - הגדלת קצבת אזרח ותיק והצמדתה לשכר הממוצע), התשפ""ה-2024",2025-11-12 13:29:00
c4ee044f-2ed6-4fe5-8d6d-d9c887ce29c5,odata:vote:44663,plenum,,,,"הצעת חוק לעידוד השקעות הון (תיקון - הטבות למפעל מתחרה בשוק ריכוזי), התשפ""ה-2025",2025-11-12 13:04:00
05c94ec8-3891-4759-b5cd-c23201b81f30,odata:vote:44662,plenum,,,,"הצעת חוק לתיקון פקודת הראיות (חיסיון עיתונאי), התשפ""ה-2025",2025-11-12 12:41:00
38ee63f0-9344-43cb-96ef-7d202606ec2a,odata:vote:44660,plenum,,,,"הצעת חוק הקמת ועדת חקירה ממלכתית למחדלי 7 באוקטובר, התשפ""ד-2024",2025-11-12 12:06:00
9a9963b7-be18-4961-a645-df51e7dd31ae,odata:vote:44661,plenum,,,,"הצעת חוק הקמת ועדת חקירה ממלכתית לאירועי 7 באוקטובר, התשפ""ה-2025",2025-11-12 12:05:00
7658f6ff-cc4f-4994-8e33-b142b99f77ed,odata:vote:44659,plenum,,,,"הצעת חוק העונשין (תיקון - איסור על עינויים ועל יחס אכזרי, בלתי אנושי ומשפיל), התשפ""ג-2023",2025-11-12 11:22:00
7764ab35-ff35-4e29-89f9-96775e412578,odata:vote:44658,plenum,,,,"הצעת חוק לתיקון פקודת מס הכנסה (הטבות במס ליישוב מאוים באזור), התשפ""ה-2025",2025-11-12 10:58:00
7191ed2e-92bd-4bb3-b86c-5080ef0270a0,odata:vote:44657,plenum,,,,"הצעת חוק עידוד יישוב עירוני מעורב, התשפ""ה-2025",2025-11-12 10:37:00
6a777d63-b7dc-4f21-b3da-dd16d90e1828,odata:vote:44656,plenum,,,,"הצעת חוק חינוך ממלכתי (תיקון - לימוד מורשת יהודי ברית המועצות לשעבר), התשפ""ג-2023",2025-11-12 10:22:00
90ebc01c-0964-41ac-9400-7b84dbedccb5,odata:vote:44655,plenum,,,,"הצעת חוק הביטוח הלאומי (תיקון - תוספת לחייל מילואים בהפקדות לחיסכון ארוך טווח לילד) (הוראת שעה - חרבות ברזל), התשפ""ד-2024",2025-11-12 09:57:00
89445753-e416-48e3-8a3f-72ae023092a8,odata:vote:44648,plenum,,,,"הצעת חוק העונשין (תיקון מס' 160) (עונש מוות למחבלים), התשפ""ו-2025",2025-11-10 21:11:00
47647585-3c08-4502-bfa7-54db7e50bde3,odata:vote:44649,plenum,,,,"הצעת חוק העונשין (תיקון - עונש מוות למחבלים), התשפ""ג-2023",2025-11-10 21:10:00
24d53e3d-f70b-40ba-91fb-5356b6b2bab0,odata:vote:44647,plenum,,,,"הצעת חוק העונשין (תיקון מס' 159) (עונש מוות למחבלים), התשפ""ו-2025",2025-11-10 21:09:00
170dd7b3-51b9-4b19-8d7c-a875595ed39b,odata:vote:44646,plenum,,,,"הצעת חוק מניעת פגיעת גוף שידורים זר בביטחון המדינה (הוראת שעה – חרבות ברזל) (תיקון מס' 4) (הפיכת הוראת השעה להוראת קבע והרחבת סמכויות), התשפ""ו–2025",2025-11-10 19:24:00
22e0046f-f4dc-4016-8b53-9a042af72b47,odata:vote:44645,plenum,,,,"דיון בהשתתפות ראש הממשלה על פי בקשתם של 40 חברי כנסת - ""הקמת ועדת חקירה ממלכתית לבדיקת ה-7 באוקטובר""",2025-11-10 16:19:00
aeef0f40-b894-4228-bf4a-fba53cd8db55,odata:vote:44642,plenum,,,,"הצעה רגילה לסדר היום: ""מנסיגה דמוקרטית לנפילה חופשית - התחייבות הכנסת לדאוג לקיומן של בחירות חופשיות והוגנות""",2025-11-05 14:19:00
e63d9a2a-dafd-49fd-91c7-5f65a6d65072,odata:vote:44641,plenum,,,,הצעה דחופה לסדר היום בנושא: פגיעה בזכות לפטור מהמתנה בתור לאנשים עם מוגבלות בבתי מרקחת,2025-11-05 13:28:00
27df9c0b-da0d-40d9-99a9-d3f44ac0fb1f,odata:vote:44640,plenum,,,,הצעה דחופה לסדר היום בנושא: התפרצות מחלות קטלניות בישראל והירידה בשיעורי ההתחסנות,2025-11-05 13:20:00
511d9b80-9ccd-49b0-a127-e1874ccc8bee,odata:vote:44639,plenum,,,,"הצעה רגילה לסדר היום בנושא: ""רפורמה משפטית בהסכמה- ותשקוט הארץ""",2025-11-05 12:51:00
425d26af-4f92-408c-85c8-ee72fefb219e,odata:vote:44638,plenum,,,,הצעה רגילה לסדר היום בנושא: חלוקת כספי ציבור ללא בקרה לאור חוסר יעילות הפיקוח על החינוך החרדי,2025-11-05 12:19:00
a33afea6-b825-4aaf-99d9-e91d2fb95f0b,odata:vote:44637,plenum,,,,"הצעה רגילה לסדר היום בנושא: הקמת ועדת חקירה פרלמנטרית על בעיית שיטור היתר, הפרופיילינג והאלימות המשטרתית כלפי ישראלים ממוצא אתיופי",2025-11-05 12:03:00
fa5dc815-2f16-4961-b104-a7d3e03f6b91,odata:vote:44636,plenum,,,,הצעת חוק-יסוד: כבוד האדם וחירותו (תיקון - הוספת סעיף שוויון),2025-11-05 11:40:00
be2a461a-9d99-4c86-b748-e8b78fb8adfd,odata:vote:44635,plenum,,,,"הצעת חוק לתיקון פקודת התעבורה (זמינות קווי שירות לאוטובוסים בלילה), התשפ""ה-2025",2025-11-05 11:15:00
99a6c8ff-da66-42b4-ac94-25591d1d7a4b,odata:vote:44634,plenum,,,,"הצעת חוק איסור הלבנת הון (תיקון - הוספת עבירת סחר לא חוקי בערכי טבע מוגנים), התשפ""ה-2025",2025-11-05 10:49:00
9fd0791e-fef4-472c-b491-e772a02261ed,odata:vote:44633,plenum,,,,הצעת חוק-יסוד: הכנסת (תיקון - התניית הצבעה בשירות צבאי או לאומי),2025-11-05 10:17:00
603e8119-4e23-43b1-b679-b29e43ad642d,odata:vote:44627,plenum,,,,"הצעת חוק סדר הדין הפלילי (תיקון מס' 100), התשפ""ה-2025",2025-11-03 22:17:00
ac6359b8-7809-47a9-a264-71a0254c16d9,odata:vote:44624,plenum,,,,הצעה להביע אי אמון בממשלה מטעם סיעת יש עתיד בנושא: ״ממשלה המקדמת השתמטות חוקית ומגדילה את העול על הרוב העובד והמשרת״,2025-11-03 15:17:00
95299a54-ca06-4878-a931-50fada66a509,odata:vote:44629,plenum,,,,"הצעת חוק שיפוט בתי דין דתיים (בוררות), התשפ""ה–2025",2025-11-02 22:00:00
787f63f8-a28e-4c57-9b0b-cb9b441a3586,odata:vote:44610,plenum,,,,"הצעה רגילה לסדר היום בנושא: ""התחייבות הממשלה והקואליציה לציית לפסיקת בג""ץ""",2025-10-29 18:08:00
b91f087f-07ee-4093-a7e2-29adc1c5b97e,odata:vote:44609,plenum,,,,הצעה דחופה לסדר היום בנושא: קריאה דחופה להשהיית הרפורמה להתפתחות הילד,2025-10-29 17:19:00
efa2faa4-ee1a-4363-9de9-83d7c70cf854,odata:vote:44608,plenum,,,,"הצעה דחופה לסדר היום בנושא: אלפי מבנים בלתי חוקיים ביו""ש בצמוד לצירים מרכזיים",2025-10-29 17:02:00
cf95f93d-bdba-455a-bdd4-efdab91edc6d,odata:vote:44607,plenum,,,,"הצעה דחופה לסדר היום בנושא: חיזוק התעשייה הישראלית ומתן עדיפות לתוצרת מקומית על פני יבוא מחו""ל",2025-10-29 16:46:00
d0e4937d-e4f1-4a78-9b0d-221a45d1134d,odata:vote:44606,plenum,,,,הצעה רגילה לסדר היום בנושא: בקשה להקמת ועדת חקירה פרלמנטרית לבדיקת כישלון ההתמודדות עם אירועי האלימות במגרשי הספורט.,2025-10-29 16:33:00
5537c5b6-3d5c-431f-bcba-67591cf66d07,odata:vote:44605,plenum,,,,"הצעת חוק האקלים, התשפ""ג-2023",2025-10-29 14:54:00
bc2aee88-52fa-4969-9a99-e3a1ac0f82fb,odata:vote:44604,plenum,,,,"הצעת חוק קביעת הזמן (תיקון - ביטול שעון חורף), התשפ""ג- 2022",2025-10-29 14:34:00
e0e0335a-97b3-42d1-8c44-c59dd58a32e1,odata:vote:44602,plenum,,,,"הצעת חוק הנצחת זכרם של קורבנות הטבח בכפר קאסם, התשפ""ה-2025",2025-10-29 10:32:00
3d7088fd-0f12-4838-84f7-1804fef268f9,odata:vote:44601,plenum,,,,"הצעת חוק לתיקון פקודת מס הכנסה (שלילת הכרה בעמותות המעודדות השתמטות משירות ביטחון), התשפ״ה-2025",2025-10-29 10:13:00
c4215f50-fc4f-47be-9a09-af1dafcf0e4f,odata:vote:44600,plenum,,,,"הצעת חוק קליטת חיילים משוחררים (תיקון - שמירת זכויות לחייל ששירת במילואים בתום שירות סדיר), התשפ""ה-2025",2025-10-29 09:46:00
3e4a16e6-fc79-4b4d-ac5d-d4dc6d75d853,odata:vote:44599,plenum,,,,"הצעת חוק העונשין (תיקון - קנס על החזקת נשק בלתי חוקי), התשפ""ה-2024",2025-10-29 09:23:00
85449ca4-107d-43e1-86b4-050fc9df5d5a,odata:vote:44615,plenum,,,,"הצעת חוק פיצול תפקיד היועץ המשפטי לממשלה, התשפ""ד-2024",2025-10-28 22:00:00
76a9f7e2-78c2-4310-bfce-efb28a50e0e6,odata:vote:44620,plenum,,,,"הצעת חוק התובע הכללי, התשפ""ג-2023",2025-10-28 22:00:00
911b6150-1abc-4f49-9704-667fc8a7d3a2,odata:vote:44614,plenum,,,,"הצעת חוק פיצול תפקיד היועץ המשפטי לממשלה, התשפ""ג-2023",2025-10-28 22:00:00
ab03d50b-4ed4-4e46-8b22-9cf8dd123c65,odata:vote:44619,plenum,,,,"הצעת חוק התובע הכללי, התשפ""ג-2022",2025-10-28 22:00:00
596666d1-1516-4826-9f8d-bcc87e3bd886,odata:vote:44618,plenum,,,,"הצעת חוק פיצול תפקיד היועץ המשפטי לממשלה, התשפ""ה-2025",2025-10-28 22:00:00
7cbd3c87-74bf-4193-90eb-dcf43201f7e6,odata:vote:44617,plenum,,,,"הצעת חוק פיצול תפקיד היועץ המשפטי לממשלה, התשפ""ה-2024",2025-10-28 22:00:00
4f318ef2-50d7-498e-984f-2a1575bb7e64,odata:vote:44595,plenum,,,,"החלטת ועדת החוקה חוק ומשפט בדבר פיצול הצעת חוק שיפוט בתי דין רבניים (נישואין וגירושין) (תיקון מס' 6) (סמכות כריכת מזונות ילדים), התשפ""ה-2025",2025-10-27 18:29:00
eb1cbcef-594b-433a-965c-0bcc920dfbc3,odata:vote:44593,plenum,,,,"הצעה להביע אי אמון בממשלה מטעם סיעות רע''מ וחד''ש-תע''ל בנושא: ""מחדל הממשלה בטיפול באלימות ובפשיעה הגואה בחברה הערבית""",2025-10-27 15:06:00
5afa3546-d282-4e3f-a220-97ba26305a9c,odata:vote:44594,plenum,,,,"הצעה להביע אי אמון בממשלה מטעם סיעות ישראל ביתנו, כחול לבן – המחנה הממלכתי והעבודה בנושא: ""אובדן המשילות, אלימות משתוללת, שיא במקרי רצח, אובדן הביטחון האישי, פרוקטשן, אוזלת יד מוחלטת""",2025-10-27 15:05:00
442f3b4c-e399-4885-b0db-56edcb818b0d,odata:vote:44592,plenum,,,,"הצעה להביע אי אמון בממשלה מטעם סיעת יש עתיד בנושא: ""ממשלת מיעוט בלי יכולת לחוקק, למשול ולגיטימציה להמשיך""",2025-10-27 15:04:00
0f04fba6-5388-471c-8b66-35a453faf3fe,odata:vote:44579,plenum,,,,הצעה דחופה לסדר היום בנושא: יותר מ-600 ימים להיעלמות הילדה היימנוט קסאו,2025-10-22 14:00:00
04bb598c-c01e-4b6e-bd8e-fb70ad2b76a1,odata:vote:44578,plenum,,,,הצעה דחופה לסדר היום בנושא: הצעה דחופה לסדר בנושא הטיפול בתסמינים פוסט-טראומטיים ומניעת מקרי אובדנות בקרב שורדי המסיבות בדרום,2025-10-22 13:16:00
1b1ebd71-cf29-4e4c-a706-74610fe995fa,odata:vote:44577,plenum,,,,"הצעה לסדר היום בנושא: פגיעה חוזרת בתקציב שנות השירות ע""י משרד החינוך",2025-10-22 12:53:00
6ff4c1c1-3c19-4620-8ef5-3a6c7996767b,odata:vote:44576,plenum,,,,הצעה לסדר היום בנושא: הצורך בהקמת ועדת חקירה ממלכתית לבדיקת אירועי השבעה באוקטובר,2025-10-22 12:40:00
28c5d7ac-99eb-44ec-af4f-685544e85890,odata:vote:44575,plenum,,,,"הצעת חוק החלת ריבונות על מעלה אדומים, התשפ""ה-2025",2025-10-22 12:13:00
77994b20-1328-46a9-bc58-edae39eb1b9c,odata:vote:44574,plenum,,,,"הצעת חוק מינהלת מילואים, התשפ""ה-2025",2025-10-22 11:20:00
6742d92d-a7a3-44a6-9adf-25784c8e82d4,odata:vote:44573,plenum,,,,"הצעת חוק יידוע ודיווח על מינוי יועצים חיצוניים לחברי ועדת השרים לענייני ביטחון לאומי ולראש הממשלה, התשפ""ה-2025",2025-10-22 10:30:00
2eaecfd1-d4a1-4d34-b295-45742c7c7e26,odata:vote:44572,plenum,,,,"הצעת חוק הביטוח הלאומי (תיקון - אי-זכאות לקצבת ילדים להורה שלא שירת בשירות מזכה), התשפ""ה-2025",2025-10-22 10:00:00
a1eab52b-3e3b-4f6a-820f-b1e7f17e439c,odata:vote:44571,plenum,,,,"הצעת חוק סיוע כלכלי לעידוד לומדי תורה וסטודנטים נזקקים (תיקון - קיום הוראות חוק שירות ביטחון כתנאי לסיוע), התשפ""ה-2025",2025-10-22 09:31:00
34d49172-1bb6-4df0-a963-8559ca1c224e,odata:vote:44570,plenum,,,,"הצעת חוק התניית הטבות בדיור בקיום חובות לפי חוק שירות ביטחון, התשפ""ה-2025",2025-10-22 09:06:00
9ee865d6-685a-4794-8028-781b530e70b7,odata:vote:44569,plenum,,,,"הצעת חוק הביטוח הלאומי (תיקון - קיום הוראות חוק שירות ביטחון כתנאי לתשלום דמי ביטוח לאומי מופחתים), התשפ""ה-2025",2025-10-22 08:43:00
7434413f-21c1-4814-9a88-e30c5dfbdc65,odata:vote:44580,plenum,,,,"הצעת חוק החלת הריבונות של מדינת ישראל בחבלי יהודה והשומרון, התשפ""ה-2025",2025-10-21 21:00:00
c93c2994-43bc-4cef-a3cb-6946890441eb,odata:vote:44566,plenum,,,,"הצעת חוק לתמיכה בפעולות לטובת נכים ונפגעי פעולות איבה (תיקוני חקיקה), התשפ""ו–2025",2025-10-21 14:03:00
8580ce65-71a2-4cbc-be8f-156b7eb34525,odata:vote:44562,plenum,,,,הודעת ראש הממשלה על פעילות הממשלה בתקופה שחלפה מאז המושב הקודם ועל תכניות הממשלה למושב הקרוב,2025-10-20 16:16:00
9f937688-c84f-4cae-b805-1cff1a1d8d11,odata:vote:44559,plenum,,,,"הצעה להביע אי אמון בממשלה מטעם סיעת העבודה בנושא: רמיסת הרשות השופטת על ידי הממשלה – הפרת אמונים למדינת ישראל""",2025-10-20 13:00:00
22d1a163-592c-4b59-a6bd-2a22b950b8e0,odata:vote:44560,plenum,,,,"הצעה להביע אי אמון בממשלה מטעם סיעת כחול לבן - הימין הממלכתי בנושא: ""השבת החטופים הנותרים משבי חמאס ברצועת עזה""",2025-10-20 13:00:00
c3b97237-dc58-4f1b-a256-4bc3ae938c6a,odata:vote:44561,plenum,,,,הצעה להביע אי אמון בממשלה מטעם סיעת יש עתיד בנושא: ״הריקבון והשחיתות השלטונית שמכרסמים באמון הציבור״,2025-10-20 13:00:00
d65e1cdb-0e5f-416f-b26f-6230109ab470,odata:vote:44554,plenum,,,,"הצעת חוק תקציב נוסף לשנת הכספים 2025, התשפ""ה-2025",2025-09-29 15:46:00
869ae67b-c9a2-4a8b-8f4d-7f8b02664431,odata:vote:44514,plenum,,,,"הצעת חוק הפחתת הגירעון והגבלת ההוצאה התקציבית (תיקון מס' 29), התשפ""ה - 2025",2025-09-29 15:11:00
02804ada-fb6c-4961-bae6-5dad9ad85b00,odata:vote:44556,plenum,,,,"הצעת חוק הפחתת הגירעון והגבלת ההוצאה התקציבית (תיקון מס' 29), התשפ""ה-2025",2025-09-29 14:54:00
b3e5ada9-9709-4ea8-a1e5-98e396e016ea,odata:vote:44478,plenum,,,,"הצעת ועדת הכנסת להעברה מוועדה לוועדה - הצעה דחופה לסדר היום בנושא: ""מניעת הקמת מתחם לוחמה בשטח בנוי במעיין עין-פית"" - הצבעה",2025-09-17 14:16:00
6f04b966-d8d4-417f-a1ed-f598603fa874,odata:vote:44477,plenum,,,,"הודעת הממשלה בהתאם לסעיף 31(א) לחוק-יסוד: הממשלה, בדבר מינויו של השר חיים כץ לתפקיד שר הבינוי והשיכון, נוסף על תפקידיו כשר התיירות וכממלא מקום שר הבריאות ושר הרווחה והביטחון החברתי",2025-09-17 14:11:00
aa6c1426-c628-42fb-a4ae-460ef485927a,odata:vote:44475,plenum,,,,"""הפגיעה החמורה שספג בית החולים סורוקה במהלך מבצע 'עם כלביא'""",2025-09-10 19:21:00
d031b480-9b82-4c17-a250-bd687528edae,odata:vote:44474,plenum,,,,"""התנהלות הממשלה המדרדרת את מדינת ישראל למפולת מדינית וביטחונית""",2025-09-10 18:59:00
0cf42ea1-98a8-4151-bcf0-10d0096855e2,odata:vote:44472,plenum,,,,"""השבת החטופים בקידום עסקה מיידית""",2025-09-10 18:51:00
ec445ce5-aa41-4686-8a7c-350bab5ec410,odata:vote:44473,plenum,,,,"""התנהלות הממשלה המובילה לסכנה ממשית לחיי החטופים""",2025-09-10 18:50:00
85f960a7-18bd-4d2a-bf78-5e798988ab0a,odata:vote:44448,plenum,,,,"הצעת חוק הגנה על עובדים בשעת חירום (תיקון מס' 5 והוראת שעה - חרבות ברזל) (תיקון מס' 4), התשפ""ה-2025",2025-08-13 12:20:00
54429ad1-063e-4fb8-a02f-1bde71228c00,odata:vote:44445,plenum,,,,"הצעת חוק רישוי שירותים ומקצועות בענף הרכב (תיקון מס' 13), התשפ""ה-2025",2025-08-13 11:56:00
9f395e00-10c8-492e-a5c1-7531390e96e1,odata:vote:44442,plenum,,,,"הצעת חוק התמודדות עם תקיפות סייבר חמורות במגזר השירותים הדיגיטליים ושירותי האחסון (הוראת שעה – חרבות ברזל) (תיקון מס' 3), התשפ""ה-2025",2025-08-13 11:38:00
d22dd29f-cd51-41d6-89c4-f0bd5b814b4b,odata:vote:44427,plenum,,,,הצעת ועדת הכנסת בדבר שינוי בהרכב הסיעתי של ועדת הכלכלה,2025-08-04 19:39:00
de4339bd-afaf-40eb-8dad-1c0f59462f76,odata:vote:44428,plenum,,,,המלצת ועדת הכנסת בעניין בחירת סגנים ליושב ראש הכנסת,2025-08-04 19:37:00
43f77b19-5f5d-4d33-b750-01e885370688,odata:vote:44425,plenum,,,,"הצעת חוק שירות אזרחי (תיקון מס' 7), התשפ""ה-2025 (פ/43/25)",2025-08-04 19:09:00
87b68561-63b0-42ff-a61f-fb9e7e8c5ca4,odata:vote:44424,plenum,,,,"הצעת חוק לתיקון פקודת מס הכנסה (תיקון מס' 283) (זיכוי בעד שירות מילואים כלוחם), התשפ""ה-2025",2025-08-04 18:39:00
05fd1a29-f370-4bd0-a3ea-b920afe7de8e,odata:vote:44423,plenum,,,,"""השבת החטופים וקידום עסקה מיידית לסיום המלחמה בעזה""",2025-08-04 17:22:00
d934fe0e-1590-4f51-b9ff-ac91256727d9,odata:vote:44422,plenum,,,,"""ממשלת מיעוט שמקדמת השתמטות בזמן מלחמה ומפטרת את יו״ר ועדת החוץ והביטחוןמשיקולים פוליטיים""",2025-08-04 16:49:00
2fe03d4e-b13e-4cbd-bdfd-a15d40ee603f,odata:vote:44413,plenum,,,,"""החלת הריבונות ביהודה, שומרון ובקעת הירדן""",2025-07-23 14:05:00
c34b1cb2-4949-4257-b85e-ac0f620b4115,odata:vote:44407,plenum,,,,"הצעת חוק כליאתם של לוחמים בלתי חוקיים (תיקון מס' 4 והוראת שעה - חרבות ברזל) (תיקון מס' 5), התשפ""ה-2025",2025-07-23 10:09:00
025197f7-02a4-4431-a0a7-50e70004c50e,odata:vote:44405,plenum,,,,"החלטת ועדת הכלכלה בדבר תיקון טעות בחוק להשגת יעדי התקציב וליישום המדיניות הכלכלית לשנת התקציב 2025 (תיקוני חקיקה), התשפ""ה-2025",2025-07-21 16:50:00
bfbe0588-aecf-452b-ad44-7ad23dc8fbe9,odata:vote:44404,plenum,,,,ערעור של חבר הכנסת עופר כסיף על החלטת ועדת האתיקה בהתאם לסעיף 43 לתקנון הכנסת,2025-07-21 16:28:00
ae325893-79dd-4aa2-851f-e8c9dc167a50,odata:vote:44402,plenum,,,,"הצעת חוק לתיקון פקודת בתי הסוהר (מס' 64 - הוראת שעה - חרבות ברזל) (מצב חירום כליאתי) (תיקון מס' 4), התשפ""ה-2025",2025-07-21 16:13:00
d03f878a-4e2f-4340-9b9c-ff3453b80132,odata:vote:44396,plenum,,,,"הצעת חוק התוכנית לסיוע כלכלי (הוראת שעה - חרבות ברזל), התשפ""ה-2025",2025-07-21 15:12:00
4157c0f1-40a4-4466-ad40-4c39fce92c8a,odata:vote:44385,plenum,,,,"הצעת חוק לתיקון ולהארכת תוקפן של תקנות שעת חירום (חרבות ברזל) (פגישה עם עורך דין של עצור בעבירת ביטחון) (תיקון מס' 6), התשפ""ה-2025",2025-07-21 12:50:00
89f1a060-9327-4378-9da3-e78ac8b5c29d,odata:vote:44383,plenum,,,,"הצעת חוק לתיקון ולהארכת תוקפן של תקנות שעת חירום (חרבות ברזל) (הארכת מעצר לחשוד בעבירת ביטחון) (תיקון מס' 6), התשפ""ה-2025",2025-07-21 12:13:00
342a1e63-455f-400b-8911-c559ab27c64f,odata:vote:44415,plenum,,,,"צו לקידום הבנייה במתחמים מועדפים (הוראת שעה)(הארכת תוקף), התשפ""ה-2025",2025-07-20 21:00:00
d2d486a6-2acf-486e-8459-570430aa7de7,odata:vote:44375,plenum,,,,"הצעת חוק התכנון והבנייה (תיקון מס' 163), התשפ""ה–2025",2025-07-16 15:39:00
fa556072-1af4-4f48-82eb-63bba214c3dd,odata:vote:44372,plenum,,,,"הצעת חוק תמיכה במימון פעילות ארגון נכי צה""ל ובתי הלוחם ובארגון נפגעי פעולות האיבה, התשפ""ה-2024",2025-07-16 15:28:00
ab14199b-aea3-45bd-acac-b44c57633e10,odata:vote:44373,plenum,,,,"הצעת חוק תמיכה בפעילות לטובת נכים ונפגעי פעולות איבה (תיקוני חקיקה), התשפ""ה–2025",2025-07-16 15:27:00
f7897132-4dfa-498c-be84-24b8eb43f1e2,odata:vote:44371,plenum,,,,"הצעה דחופה לסדר היום בנושא: פיקוח על מוגנותם ובטחונם של מתמודדי נפשי והלומי קרב המאושפזים במסגרות ברה״נ, לאור המקרה המזעזע בכפר שאול",2025-07-16 14:14:00
1d361d78-61b5-4e96-afd8-c4583b74cea0,odata:vote:44370,plenum,,,,הצעה דחופה לסדר היום בנושא: קריסת מרכזי החוסן והסיוע בצפון– פגיעה בקו ההגנה הנפשי והחברתי של תושבי קו-עימות,2025-07-16 13:50:00
dc8f6af1-6811-413e-a8f0-ff9035af49f8,odata:vote:44369,plenum,,,,הצעה רגילה לסדר היום בנושא: הפקרות ממשלתית מול יוקר המחיה הגואה בשוק המזון,2025-07-16 13:25:00
5fe18348-9662-415d-b4a7-deb21d936888,odata:vote:44368,plenum,,,,הצעה רגילה לסדר היום בנושא: הקמת ועדת חקירה ממלכתית לחקר מחדל 7 באוקטובר - המחדל החמור מאז קום המדינה,2025-07-16 13:04:00
a7e5faa7-c025-4243-b07c-def624709aa0,odata:vote:44367,plenum,,,,הצעה רגילה לסדר היום בנושא: חיזוק המענים לרשויות ולכפרי העדה הדרוזית בצפון הארץ שנפגעו במלחמה,2025-07-16 12:35:00
42d4a9d6-84e4-41a3-96de-e4b10ee30044,odata:vote:44366,plenum,,,,"הצעת חוק המרכז להנצחת מורשתו של הנשיא יצחק נבון, התשפ""ה-2025",2025-07-16 11:35:00
5e68b2ba-df8a-4111-8c40-8e4f02c6712f,odata:vote:44362,plenum,,,,"הצעת חוק לתיקון פקודת מס הכנסה (מיסוי קרן הון סיכון נסחרת), התשפ""ג-2022",2025-07-16 10:04:00
d80bc5a1-f6c7-4ff5-befe-ebb158001557,odata:vote:44361,plenum,,,,"הצעת חוק לתיקון פקודת מס הכנסה (נקודת זיכוי בעד שירות מילואים), התשפ""ה-2025",2025-07-16 09:40:00
5100f029-4d00-4d99-9e80-7827bcdd942e,odata:vote:44359,plenum,,,,"הצעת חוק יום המודעות למאבק במחלת הסרטן, התשפ""ה-2025",2025-07-16 09:08:00
a9d8949b-7afd-41e4-8c13-9792d10aadf5,odata:vote:44360,plenum,,,,"הצעת חוק יום המודעות למחלת הסרטן, התשפ""ה-2025",2025-07-16 09:07:00
2a574266-3d34-4571-9155-b131a6c6d8dc,odata:vote:44358,plenum,,,,"הצעת חוק חינוך ממלכתי (תיקון - איסור נשיאת דברים במוסד חינוך למורשע בעבירת טרור, גזענות או בגידה), התשפ""ה-2024",2025-07-16 08:34:00
7cdd9229-d1a5-4dfa-9464-ae2a5c28a70b,odata:vote:44356,plenum,,,,"הצעת חוק להנצחת זכרה של גולדה מאיר, התשפ""ג-2023",2025-07-16 08:22:00
4997c556-d57a-4e4d-b0d1-3e5588f56e96,odata:vote:44357,plenum,,,,"הצעת חוק להנצחת זכרה של גולדה מאיר, התשפ""ה-2024",2025-07-16 08:21:00
b3fabeda-53ff-46e8-a2b0-d3ed60e96dfc,odata:vote:44352,plenum,,,,"הצעת חוק חובת המכרזים (תיקון מס' 24 – הוראת שעה) (תיקון מס' 2), התשפ""ה–2025",2025-07-15 14:22:00
8319cb7b-4f39-4b0b-b701-03dbc374ca97,odata:vote:44351,plenum,,,,"הצעת חוק הגנה על עובדים בשעת חירום (תיקון מס' 5 הוראת שעה - חרבות ברזל) (תיקון מס' 4), התשפ""ה-2025",2025-07-15 14:06:00
17177966-fc8a-41c1-a648-50f8b326de1d,odata:vote:44345,plenum,,,,"הצעת חוק חובת המכרזים (תיקון מס' 24 – הוראת שעה) (תיקון מס' 2) (הארכת הוראת השעה), התשפ""ה–2025",2025-07-14 21:01:00
cd733926-3043-4ece-bd98-9316be64fd1e,odata:vote:44343,plenum,,,,"הצעת חוק לתיקון ולהארכת תוקפן של תקנות שת חירום (חרבות ברזל) (פגישה עם עורך דין של עצור בעבירת ביטחון) (תיקון מס' 6), התשפ""ה-2025",2025-07-14 20:49:00
c7b5c365-b94e-4811-9a61-4ab5ada284fd,odata:vote:44342,plenum,,,,"הצעת חוק לייעול האכיפה והפיקוח העירוניים ברשויות המקומיות (הוראת שעה) (תיקון מס' 18), התשפ""ה–2025",2025-07-14 20:42:00
dde4b5e2-3985-4511-940b-a0fcf939f36d,odata:vote:44335,plenum,,,,"הצעה להביע אי אמון בממשלה מטעם סיעת העבודה בנושא: ""ממשלה המקדשת מלחמה על פני חיילים וחטופים""",2025-07-14 15:06:00
bfcfaac3-fac4-44a4-a03c-98d9ebd6328f,odata:vote:44338,plenum,,,,"הצעה להביע אי אמון בממשלה מטעם סיעות חד""ש ורע""מ בנושא: ""החברה הערבית תחת איומים מפשיעה מאורגנת משתוללת, צווי הריסה וממשלה שמתירה את דמה""",2025-07-14 15:05:00
02009d36-f80b-48ae-996c-3ffb97ac6443,odata:vote:44336,plenum,,,,"הצעה להביע אי אמון בממשלה מטעם סיעת ישראל ביתנו בנושא: ""ממשלה שמקדמת חוקי השתמטות בזמן מלחמה, היא ממשלה לא לגיטימית""",2025-07-14 15:05:00
8b528fd5-a5e7-401d-9cbc-0b5153eb179a,odata:vote:44337,plenum,,,,"הצעה להביע אי אמון בממשלה מטעם סיעת כחול לבן - המחנה הממלכתי בנושא: ""התקדמות חוק גיוס שמכשיר השתמטות, כשלוחמינו בשוחות""",2025-07-14 15:05:00
08efbea0-9672-434b-ae3b-4299af3c185e,odata:vote:44334,plenum,,,,"הצעה להביע אי אמון בממשלה מטעם סיעת יש עתיד בנושא: ""השבת החטופים וקידום עסקה מיידית לסיום המלחמה בעזה""",2025-07-14 15:04:00
d87e96c9-9c81-476c-a6ea-138ec64c748e,odata:vote:44354,plenum,,,,"הצעת ועדת הכנסת בדבר הפסקת חברותו בכנסת של חה""כ איימן עודה לפי סעיף 42א(ג) לחוק-יסוד: הכנסת",2025-07-13 21:00:00
a8a04dc9-0a71-410e-812b-8029ad32676c,odata:vote:44332,plenum,,,,"הצעה רגילה לסדר היום בנושא: ""היערכות הממשלה ליישום מנגנון להבטחת ייצוג שיוויוני של נשים במשרות מנכ""לות משרדי הממשלה ותפקידים בכירים בממשלה""",2025-07-09 16:08:00
eec380d6-9a2b-48a2-a859-b1af2b8a2112,odata:vote:44330,plenum,,,,"הצעת חוק איסור שהייה וישיבה בישראל שלא כדין (תיקוני חקיקה), התשפ""ה-2025",2025-07-09 15:10:00
19857abf-e697-4c3a-b72a-9427acd0177d,odata:vote:44323,plenum,,,,"הצעה דחופה לסדר היום בנושא: ""מניעת הקמת מתחם לוחמה בשטח בנוי במעיין עין-פית""",2025-07-09 13:58:00
db9d0c4c-0e95-4954-b7f2-174e31ec9297,odata:vote:44322,plenum,,,,"הצעה דחופה לסדר היום בנושא: ""מפונים מבאר שבע, שבתיהם נפגעו מטילים איראניים וטרם שופצו, נדרשו לעזוב את המלונות""",2025-07-09 13:44:00
eac2673a-4dec-4c19-93bb-78b62fb4016b,odata:vote:44321,plenum,,,,"הצעה רגילה לסדר היום בנושא: ""עלייה חדה בפשיעה הלאומנית ביהודה ושומרון""",2025-07-09 13:23:00
681471ab-2b8b-4401-a93f-05fae4ad8f9c,odata:vote:44320,plenum,,,,"הצעה רגילה לסדר היום בנושא: ""חוסר תקנים לפסיכולוגים בשירות הציבורי לאחר הסכם השכר החדש""",2025-07-09 13:09:00
1a266a81-5763-4179-9d52-50258cbef902,odata:vote:44318,plenum,,,,"הצעה רגילה לסדר היום בנושא: ""אפליה עדתית בקבלת תלמידות לסמינרים חרדיים בירושלים""",2025-07-09 12:22:00
5f90fc58-5d04-4605-ab1c-6dc1d4c411dd,odata:vote:44317,plenum,,,,"הצעת חוק חובת המכרזים (תיקון מס' 24 - הוראת שעה) (תיקון - הארכת הוראת השעה), התשפ""ה-2025",2025-07-09 11:56:00
3fa041df-b8bc-4b31-be91-c8a20a7aa2c5,odata:vote:44316,plenum,,,,"הצעת חוק התגמולים לנפגעי פעולות איבה (תיקון - קבורה בחלקה לבחירת המשפחה), התשפ""ה-2025",2025-07-09 11:42:00
6db771bf-362b-4fb6-ae79-6dd7a44e85bf,odata:vote:44313,plenum,,,,"הצעת חוק השבות (תיקון - זכויות בני משפחה), התשפ""ג-2023",2025-07-09 10:30:00
cf8b04ae-0814-4584-924a-4dec396932bf,odata:vote:44312,plenum,,,,"הצעת חוק משק החשמל (תיקון - הוזלת תעריפי החשמל בימי שבת), התשפ""ה-2025",2025-07-09 09:47:00
e71dfb4b-5563-42cb-8a93-5a482b71fd6b,odata:vote:44311,plenum,,,,"הצעת חוק הבחירות לכנסת (תיקון - הצבעת אנשי צוות אוויר), התשפ""ג-2023",2025-07-09 09:25:00
bc14e922-8155-4250-8f95-d072a4a196e3,odata:vote:44310,plenum,,,,"הצעת חוק זכויות הסטודנט (תיקון - הוראת שעה - חרבות ברזל) (מימון שכר לימוד למשרתי מילואים), התשפ״ד-2024",2025-07-09 09:01:00
9c35f395-f518-4ad2-ba01-4da86b575199,odata:vote:44302,plenum,,,,"הצעת חוק התכנון והבנייה (תיקון מס' 162 - הוראת שעה), התשפ""ה-2025",2025-07-02 13:09:00
eb97fb36-3255-4ca7-bee6-71fcd89a81bf,odata:vote:44299,plenum,,,,"הצעה דחופה לסדר היום בנושא: ""שיפוי אזרחים ששהו בחו""ל ללא יכולת לחזור ארצה במהלך מלחמת 'עם כלביא'""",2025-07-02 12:18:00
ba380ab4-aead-438b-8df7-59b621ed841c,odata:vote:44298,plenum,,,,"הצעה דחופה לסדר היום בנושא: ""תקנים לרפואה במדינת ישראל""",2025-07-02 12:06:00
dc61fda8-7ddc-4d60-b56e-548c0d3d80cb,odata:vote:44297,plenum,,,,"הצעה רגילה לסדר היום בנושא: ""מינוף תוצאות 'עם כלביא' לטובת כינון דחוף של הסכם להשבת החטופים""",2025-07-02 11:39:00
8ea9195a-c70f-40a9-bacf-47c4157f35d8,odata:vote:44296,plenum,,,,"הצעת חוק הביטוח הלאומי (תיקון - דמי אבטלה לעצמאים), התשפ""ה-2025",2025-07-02 11:22:00
5acc071a-9438-4c80-bc20-cafd32d8c806,odata:vote:44295,plenum,,,,"הצעת חוק ביטוח בריאות ממלכתי (תיקון - הפחתה בדמי ביטוח בריאות לתושבי הפריפריה), התשפ""ד-2024",2025-07-02 11:02:00
810ef48a-e091-4633-9e89-c4d8697f3df1,odata:vote:44292,plenum,,,,"הצעת חוק טיפול בכתות פוגעניות, התשפ""ה-2025",2025-07-02 10:34:00
a306bbcf-f6e6-4966-bf07-4ad4a6c0a981,odata:vote:44291,plenum,,,,"הצעת חוק לתיקון פקודת העיריות (ועדת מכרזים), התשפ""ג-2023",2025-07-02 10:34:00
f4617eac-52c5-4550-b215-2d4a836a0782,odata:vote:44294,plenum,,,,"הצעת חוק טיפול בכתות פוגעניות, התשפ""ג-2023",2025-07-02 10:32:00
21629a15-8e37-4186-9b42-5531ee8fc7d1,odata:vote:44289,plenum,,,,"הצעת חוק שירות ביטחון (תיקון - סיוע טיפולי לבוגרי השירות הצבאי), התשפ""ה-2025",2025-07-02 09:37:00
f970d739-5a09-46d3-88ac-e4b7e64fd4ed,odata:vote:44287,plenum,,,,"הצעת חוק העונשין (תיקון - תקיפת חייל צה""ל), התשפ""ה-2024",2025-07-02 09:13:00
3203a5a1-872c-4dc3-bb5f-06951389bdb0,odata:vote:44283,plenum,,,,"הצעת חוק ניוד מידע רפואי (תיקון מס' 2), התשפ""ה–2025",2025-07-01 14:58:00
cece40c8-df79-4751-9ddf-5477905cdb0d,odata:vote:44282,plenum,,,,"הצעת חוק התכנון והבנייה (תיקון מס' 164) (שינוי גודל מרחב מוגן דירתי), התשפ""ה–2025",2025-07-01 14:39:00
b3a008b6-a565-45e8-928b-7f27b1b09e85,odata:vote:44280,plenum,,,,"הצעת חוק המרכז להנצחת זכרו של דוד לוי, התשפ""ה–2025",2025-07-01 14:28:00
c09e2e7d-8ed2-417a-8442-ca4543aa8cb5,odata:vote:44275,plenum,,,,"הצעת חוק איסור צריכת זנות (הוראת שעה ותיקון חקיקה) (תיקון), התשפ""ה-2025",2025-06-30 19:08:00
13919b1a-46e2-46d7-a6a4-d880e827d1ef,odata:vote:44274,plenum,,,,"הצעת חוק לתיקון פקודת בתי הסוהר (מס' 69) (מתנדבים בשירות בתי הסוהר), התשפ""ה–2025",2025-06-30 18:25:00
6a2b47c1-6022-4724-a980-9da1d0e5adaa,odata:vote:44273,plenum,,,,"הצעת חוק הנוטריונים (תיקון מס' 12) (ביטול דרישת יפוי כוח נוטריוני לתאגיד בנקאי בעסקת משכנתה), התשפ""ה-2025",2025-06-30 18:15:00
76fe18c7-08bb-4a2d-bfae-c7c61b406989,odata:vote:44271,plenum,,,,"הצעת חוק לתיקון פקודת סדר הדין הפלילי (מעצר וחיפוש) (מס' 18), התשפ""ה-2025",2025-06-30 17:16:00
1dbe17ed-05ed-4329-9cc7-77c45425cc4b,odata:vote:44269,plenum,,,,"הצעת חוק לייעול האכיפה והפיקוח העירוניים ברשויות המקומיות (הוראת שעה) (תיקון מס' 17), התשפ""ה-2025",2025-06-30 17:03:00
78e1ab9f-b9ab-4348-897a-2f23fe893df4,odata:vote:44263,plenum,,,,"הצעה להביע אי אמון בממשלה מטעם סיעת העבודה בנושא: ""כישלון ההפקרה – ממשלה בלי מנדט מוסרי וציבורי""",2025-06-30 14:58:00
ae79f7c1-4ccb-4950-b968-eafb514aef0f,odata:vote:44264,plenum,,,,"הצעה להביע אי אמון בממשלה מטעם סיעת ישראל ביתנו בנושא: ""כישלון ממשלת ישראל בניהול סיום המלחמה – החמצת הישגים אסטרגטיים והותרת איום גרעיני מצד איראן""",2025-06-30 14:58:00
1b44ef1d-aef9-48fc-adda-55cf6b3304b7,odata:vote:44266,plenum,,,,"הצעה להביע אי אמון בממשלה מטעם סיעות רע""מ וחד""ש-תע""ל בנושא: ""הממשלה מפקירה את החברה הערבית – אזרחים ללא מיגון בנגב וביישובים הערביים""",2025-06-30 14:57:00
143bf987-eeab-40f3-8568-7bbb9cbee58d,odata:vote:44265,plenum,,,,"הצעה להביע אי אמון בממשלה מטעם סיעת המחנה הממלכתי בנושא: ""חיזוק האחדות והסולידריות בעם, ומניעת פילוג ושיסוי""",2025-06-30 14:57:00
687570c8-f8e5-4eaa-9ac7-68c4041a66eb,odata:vote:44267,plenum,,,,הצעה להביע אי אמון בממשלה מטעם סיעת יש עתיד בנושא: ״השבת כל החטופים וסיום המלחמה בעזה״,2025-06-30 14:56:00
3f037c81-f54b-4d75-a74b-d6214913e7ae,odata:vote:44268,plenum,,,,"החלטת הוועדה לביטחון לאומי בדבר פיצול הצעת חוק לייעול האכיפה והפיקוח העירוניים ברשויות המקומיות (הוראת שעה) (תיקון מס' 14), התשפ""ה-2025",2025-06-30 13:00:00
0531bf34-8b25-463b-acf5-3e88b4ad7d9c,odata:vote:44260,plenum,,,,"הצעת חוק שירות לאומי-אזרחי (תיקון מס' 7), התשפ""ה-2025",2025-06-25 09:53:00
790b7728-671d-41b3-9e0c-68cdab1a8bb4,odata:vote:44258,plenum,,,,"הצעת חוק הסמכת צבא הגנה לישראל ושירות הביטחון הכללי לביצוע חדירה לחומר מחשב המשמש להפעלת מצלמה נייחת ופעולה בו (הוראת שעה - חרבות ברזל) (תיקון מס' 4), התשפ""ה-2025",2025-06-25 09:37:00
896592d4-e107-4abb-b6b3-2146c95aa518,odata:vote:44257,plenum,,,,"הצעה דחופה לסדר היום בנושא: ""זמן התרעות לירי רקטות בישראל והשלכותיו על הצלת חיי אדם""",2025-06-25 08:59:00
5acbccfe-b793-408d-92e8-ebaed916f2ad,odata:vote:44256,plenum,,,,"הצעה דחופה לסדר היום בנושא: ""הצורך בהפעלת תוכנית חירום לפינוי קשישים בודדים ואזרחים עם מוגבלויות חמורות חסרי נגישות למרחבים מוגנים""",2025-06-25 08:42:00
07c6f0a3-64da-4e93-955e-46d60e50a3a2,odata:vote:44246,plenum,,,,"הצעת חוק הסיוע המשפטי (תיקון מס' 30) (סיוע לאזרחים ותיקים שנפגעו מעוקץ או ניצול כלכלי), התשפ""ה-2025",2025-06-22 21:00:00
4c0e528a-29c7-4fa0-8410-34f2c10d5a52,odata:vote:44248,plenum,,,,"הצעת חוק להשתתפותם של העובדים ובעלי תפקיד בשירות הציבורי, בצעדים לייצוב המצב הפיסקלי במדינה במהלך השנים 2025 ו-2026 (הוראת שעה) (תיקון מס' 2), התשפ""ה-2025",2025-06-22 21:00:00
3d097744-0847-4269-9068-921b551065ed,odata:vote:44244,plenum,,,,"הצעת חוק לתיקון פקודת סדר הדין הפלילי (מעצר וחיפוש) (תיקון מס' 18), התשפ""ה-2025",2025-06-22 21:00:00
832323ab-b2a0-49d1-8cde-e049d2501688,odata:vote:44249,plenum,,,,"הצעת חוק משק החשמל (תיקון מס' 20), התשפ""ה-2025",2025-06-22 21:00:00
c3dec846-4db1-4075-b1a6-280264535b91,odata:vote:44241,plenum,,,,"""מתווה פיצויים לעסקים נוכח המלחמה מול איראן""",2025-06-17 21:00:00
286acc88-bfed-4c1a-89c8-b96b3b80a11b,odata:vote:44242,plenum,,,,"""פתיחת שירותי שב""ס מב""ן לנשים אסירות""",2025-06-17 21:00:00
2e2247c1-25ef-445a-a922-ac4ff7ef3925,odata:vote:44229,plenum,,,,"הצעה להביע אי אמון בממשלה מטעם סיעות חד""ש-תע""ל ורע""מ בנושא: ""ממשלה שמובילה מדיניות של מלחמת נצח וסיפוח השטחים ללא אופק מדיני""",2025-06-15 21:00:00
b12a3dda-c44a-4f2c-8989-e6f3b8b02c00,odata:vote:44233,plenum,,,,"הצעת חוק הכללת אמצעי זיהוי ביומטריים ונתוני זיהוי ביומטריים במסמכי זיהוי ובמאגר מידע (הוראת שעה), התשפ""ג-2023",2025-06-15 21:00:00
9b8b8430-4a74-48b6-91f2-74a227f265e6,odata:vote:44236,plenum,,,,"הצעת חוק להגדלת היצע הדיור ברשויות מקומיות (תיקוני חקיקה), התשפ""ה-2025",2025-06-15 21:00:00
d71771ab-d817-4396-9a37-ec66ac1e9168,odata:vote:44239,plenum,,,,"הצעת חוק הבעת עמדה של נפגע או נפגעת עבירה בנוגע לשחרור על־תנאי ממאסר (תיקוני חקיקה), התשפ""ה–2025",2025-06-15 21:00:00
ddfd786f-eb2d-44c5-bd23-af69bcc0d137,odata:vote:44230,plenum,,,,"החלטת הוועדה למיזמים ציבוריים בעניין תיקון טעות בחוק תקשורת דיגיטלית עם גופים ציבוריים (תיקון מס' 4), התשפ""ה-2025",2025-06-15 21:00:00
7133f7f9-cb6a-4449-95b6-b879c90a48ce,odata:vote:44232,plenum,,,,"הצעת חוק הביטוח הלאומי (תיקון מס' 258), התשפ""ה-2025",2025-06-15 21:00:00
5f81ad7b-2473-4d9e-bc70-b0773f6dd198,odata:vote:44220,plenum,,,,"הצעת חוק להשתתפותם של העובדים ובעלי תפקיד בשירות הציבורי, בצעדים לייצוב המצב הפיסקלי במדינה במהלך השנים 2025 ו-2026 (הוראת שעה) (תיקון מס' 2) (הסדר הפחתת משכורת לעובד שאין במקום עבודתו ארגון עובדים יציג), התשפ""ה-2025",2025-06-12 01:19:00
e47ef50f-9b63-4042-925a-24565b38f680,odata:vote:44217,plenum,,,,"הצעת חוק הכניסה לישראל (תיקון מס' 42), התשפ""ה–2025",2025-06-12 01:09:00
81f10bcf-80a7-44a8-8bb6-15a0b8fe45d8,odata:vote:44215,plenum,,,,"הצעת חוק התקשורת (בזק ושידורים) (תיקון מס' 82 – הוראת שעה), התשפ""ה–2025",2025-06-12 00:53:00
ac0c3213-1134-4d5c-9e44-dc7d76506866,odata:vote:44210,plenum,,,,"הצעת חוק התפזרות הכנסת העשרים וחמש, התשפ""ד-2024",2025-06-12 00:48:00
c1ceacfa-40a9-477f-add8-e6075c05cb3b,odata:vote:44208,plenum,,,,"הצעת חוק סיוע למשפחות אזרחים נעדרים, התשפ""ד-2024",2025-06-11 23:31:00
c817e8ff-0f5b-4912-af9e-7cd6979b6a88,odata:vote:44207,plenum,,,,"הצעת חוק הוועדה לטיפול במשפחות נעדרים אזרחיים, התשפ""ד-2024",2025-06-11 23:31:00
4a0ba835-12e5-48a5-8d32-4eb592ef2782,odata:vote:44225,plenum,,,,"הצעת חוק תמיכה במימון פעילות ארגון נכי צה""ל ובתי הלוחם ובארגון נפגעי פעולות האיבה, התשפ""ה-2025",2025-06-10 21:00:00
50ce0dae-ed5b-49f1-bcbf-f8a24c4230de,odata:vote:44228,plenum,,,,"הצעת חוק חובת פרסום שמותיהם של אסירים ביטחוניים ששוחררו ממאסר, התשפ""ה-2025",2025-06-10 21:00:00
acfc80ae-3ab6-41f1-a9f1-288e591dabbd,odata:vote:44223,plenum,,,,"הצעת חוק הנוער (שפיטה, ענישה ודרכי טיפול) (תיקון - נוכחות עורך דין בחקירת קטין) (הוראת שעה), התשפ""ד-2024",2025-06-10 21:00:00
a0fbdaa9-b4d9-4be3-84c7-a6f0ede62289,odata:vote:44224,plenum,,,,"הצעת חוק שירותי תעופה (פיצוי וסיוע בשל ביטול טיסה או שינוי בתנאיה) (תיקון - הודעה לגבי ביטול טיסה או שינוי במועד טיסה), התשפ""ה-2025",2025-06-10 21:00:00
92558fe0-e646-4a23-ae24-e55a36c15a08,odata:vote:44240,plenum,,,,"הצעת חוק להקפאת כספים ששילמה הרשות הפלסטינית בזיקה לטרור מהכספים המועברים אליה מממשלת ישראל (תיקון - הקפאה וקיזוז כספים ששילמה הרשות הפלסטינית לארגון הטרור חמאס), התשפ""ה-2025",2025-06-10 21:00:00
12a94861-2ca5-48ca-b477-21c3e5d7fd72,odata:vote:44222,plenum,,,,"הצעת חוק הרשויות המקומיות (זכויות וחובות של חברי מועצה), התשפ""ג-2023",2025-06-10 21:00:00
411e3756-f18a-4f08-a4b0-93ef7628193e,odata:vote:44204,plenum,,,,"הצעת חוק הנוטריונים (תיקון מס' 11), התשפ""ה-2025",2025-06-10 15:20:00
44db71f6-5128-42bb-80a5-09fbcfdc80ef,odata:vote:44203,plenum,,,,"הצעת חוק הסדרים במשק המדינה (תיקוני חקיקה להשגת יעדי התקציב) (תיקון מס' 20) (הנחה בארנונה בעד בן משפחה נכה), התשפ""ה–2025",2025-06-10 15:14:00
a399d70c-9b9d-448d-8e90-7cf311fa867e,odata:vote:44202,plenum,,,,"הצעת חוק רישוי עסקים (תיקון מס' 40 – הוראת שעה), התשפ""ה–2025",2025-06-10 15:04:00
f7603f65-5cba-435e-8fea-c5dc91e98105,odata:vote:44200,plenum,,,,"הצעת חוק אסטרטגיית הביטחון הלאומי, התשפ""ה–2025",2025-06-10 14:52:00
de63a4d9-808d-4920-82f9-8e39da6b8b32,odata:vote:44196,plenum,,,,"הצעת חוק לשכת עורכי הדין (תיקון מס' 46), התשפ""ה-2025",2025-06-09 17:44:00
713a2379-80fc-44bb-a133-90e940dea5e3,odata:vote:44195,plenum,,,,"הצעת חוק העונשין (תיקון מס' 156) (החמרת הענישה בעבירה של כניסה למקום צבאי), התשפ""ה–2025",2025-06-09 17:35:00
9ea06fed-d3a3-4aee-a732-b658a896e511,odata:vote:44194,plenum,,,,"הצעת חוק שירות אזרחי (תיקון מס' 7), התשפ""ה-2025",2025-06-09 16:31:00
520ebd58-a8c4-4e7d-8805-584d5360afbb,odata:vote:44193,plenum,,,,הצעה להביע אי אמון בממשלה מטעם סיעת יש עתיד בנושא: ״ממשלה כושלת שמפקירה את אזרחיה במלחמה הארוכה מקום המדינה״,2025-06-09 14:12:00
5e3d2425-c37c-4b19-972c-166d12e7af81,odata:vote:44192,plenum,,,,"הצעה להביע אי אמון בממשלה מטעם סיעות ישראל ביתנו, המחנה הממלכתי והעבודה בנושא: ""ממשלה שמקדמת חוקי השתמטות בזמן מלחמה, היא ממשלה לא לגיטימית""",2025-06-09 14:12:00
4c19a028-723d-4c3a-bd8d-2ad017539988,odata:vote:44186,plenum,,,,"הצעת חוק כלי הירייה (תיקון מס' 26), התשפ""ה–2025",2025-06-04 13:55:00
6bd3f472-f5df-4a14-9d75-7855640bb981,odata:vote:44184,plenum,,,,"הצעת חוק הירושה (תיקון מס' 22) (הרחבת הזכות להסתלקות), התשפ""ה–2025",2025-06-04 13:40:00
7807d198-fa04-46c2-bf4a-32dffd142604,odata:vote:44183,plenum,,,,"הצעה דחופה לסדר היום בנושא: ""גל האלימות השוטף את המדינה""",2025-06-04 13:15:00
4c1368fb-e323-4e10-b798-570703a9f20e,odata:vote:44182,plenum,,,,"הצעה דחופה לסדר היום בנושא: ""הכרזה על ""שנת בצורת"" והענקת סיוע כלכלי מיידי לחקלאים""",2025-06-04 13:07:00
2d682b33-044c-4c72-95ac-4097d4684333,odata:vote:44181,plenum,,,,"הצעה דחופה לסדר היום בנושא: ""הקטל בדרכים עולה, וכמה זה עולה לנו?""",2025-06-04 12:56:00
ffe03aeb-18da-4830-b35c-6c78186fa708,odata:vote:44180,plenum,,,,"הצעה רגילה לסדר היום בנושא: ""'הדברת' כלבים באמצעות היתר שימוש ברעל מסוכן""",2025-06-04 12:35:00
190514a5-a43d-4e3d-a657-b5192d0a85d0,odata:vote:44179,plenum,,,,"הצעת חוק ביטוח בריאות ממלכתי (תיקון - הפחתה בדמי ביטוח בריאות לתושבי העוטף וקו העימות) (הוראת שעה - חרבות ברזל), התשפ""ה-2024",2025-06-04 12:17:00
8311441b-9ef8-4ef8-882b-34e51b0e43d6,odata:vote:44178,plenum,,,,"הצעת חוק איסור הפליה במוצרים, בשירותים ובכניסה למקומות בידור ולמקומות ציבוריים (תיקון - איסור הפליה בדיור), התשפ""ד-2023",2025-06-04 12:00:00
70824545-7429-4e5a-96d9-b5481ced436a,odata:vote:44177,plenum,,,,"הצעת חוק לתיקון פקודת מס הכנסה (ניכוי הוצאות כיבוד לפגישה מחוץ למקום העיסוק), התשפ""ג-2022",2025-06-04 11:41:00
9b8732a7-1281-451e-88f6-420e297ab75f,odata:vote:44176,plenum,,,,"הצעת חוק הקמת יישוב עירוני חדש לאוכלוסייה הדרוזית, התשפ""ה-2024",2025-06-04 11:16:00
8793cc55-8983-4930-9849-ff6d9bd4794a,odata:vote:44175,plenum,,,,"הצעת חוק הרשות הלאומית לתרבות ולשפה המרוקאית יהודית, התשפ""ג-2023",2025-06-04 10:51:00
e6a0b575-3574-4042-a0f6-b9126faa87e8,odata:vote:44174,plenum,,,,"הצעת חוק הביטוח הלאומי (תיקון - שלילת קצבת ילדים ממשפחות פוליגמיות), התשפ""ג-2023",2025-06-04 10:29:00
0fdfb9a4-50c8-4606-aa48-4abac9896490,odata:vote:44172,plenum,,,,"הצעת חוק גירוש משפחות מחבלים (תיקון - הרחבת והבניית שיקול הדעת), התשפ""ה-2024",2025-06-04 09:43:00
5967d2aa-d96f-4f06-867c-9f993521424e,odata:vote:44173,plenum,,,,"הצעת חוק הביטוח הלאומי (תיקון - הארכת הזכאות לדמי אבטלה למשרתי מילואים), התשפ""ה-2024",2025-06-04 08:00:00
5814347b-0232-41bf-84b8-4467b11ef178,odata:vote:44189,plenum,,,,"הצעת חוק הנכים (תגמולים ושיקום) (תיקון - קביעת זכאויות נוספות לנכים), התשפ""ד-2024",2025-06-03 21:00:00
80f0507f-0711-4f88-b96c-e9cc957c3fff,odata:vote:44167,plenum,,,,"הצעת חוק עזרה משפטית בין מדינות (תיקון מס' 12), התשפ""ה-2025",2025-06-03 18:24:00
d0d47d8d-a2ee-4485-9abb-88043dda630b,odata:vote:44169,plenum,,,,"הצעת חוק קידום התחרות בענפי המזון והפארם (תיקון - היקף מחזור המכירות של קמעונאי פארם גדול), התשפ""ה-2025",2025-06-03 18:21:00
fd81443f-7686-433d-a58e-2a4a3c588e40,odata:vote:44170,plenum,,,,"הצעת חוק קידום התחרות בענפי המזון והפארם (תיקון מס' 9) (היקף מחזור המכירות של קמעונאי פארם גדול), התשפ""ה–2025",2025-06-03 18:20:00
d2d6fd01-cade-4e7b-a2c0-2f1b0f0df351,odata:vote:44165,plenum,,,,"הצעת חוק ההתייעלות הכלכלית (תיקוני חקיקה להשגת יעדי התקציב לשנות התקציב 2023 ו-2024) (תיקון מס' 2), התשפ""ה-2025",2025-06-03 16:51:00
4be53eca-1401-4823-bd50-f4306e0a7009,odata:vote:44162,plenum,,,,"הצעה להביע אי אמון בממשלה מטעם סיעות רע""מ וחד""ש-תע""ל בנושא: ""כישלון הממשלה בטיפול בסוגיית היישובים הלא מוכרים בנגב""",2025-06-03 13:00:00
2ecb3bd3-717b-48f2-81eb-daded25c4f8f,odata:vote:44157,plenum,,,,"צו הכללת אמצעי זיהוי ביומטריים ונתוני זיהוי ביומטריים במסמכי זיהוי ובמאגר מידע (תיקון והוראת שעה) (הארכת תקופת הוראה שעה) (מס' 2), התשפ""ה-2025",2025-05-28 15:57:00
965c2b8b-10b8-4131-b87d-1a0616781e25,odata:vote:44156,plenum,,,,"הצעה דחופה לסדר היום בנושא: ""החלת הריבונות ביהודה, שומרון ובקעת הירדן""",2025-05-28 15:53:00
7ae6f633-2c87-4f49-bb65-7d44901e0b2c,odata:vote:44155,plenum,,,,"הצעה דחופה לסדר היום בנושא: ""ממצאי דוח הפיקוח על הבנקים לשנת 2024 - כשלי רגולציה, פגיעה בציבור והשלכות על הכלכלה הישראלית""",2025-05-28 15:41:00
532b1507-1441-4235-91f3-adcba93d7f4a,odata:vote:44154,plenum,,,,"הצעה דחופה לסדר היום בנושא: ""סכנה להשעיית הספורט הישראלי מהזירה הבינלאומית - פגיעה אסטרטגית חמורה במדינת ישראל""",2025-05-28 15:20:00
30fef7d7-97eb-4c24-9a2b-fd97f25d4951,odata:vote:44153,plenum,,,,"הצעה רגילה לסדר היום בנושא: ""מקרון נשיא המדינה הכובשת צרפת תוקף את ישראל והאנטשימיות בצרפת זינקה ב-185%""",2025-05-28 15:14:00
1ec320a7-ba38-4491-9144-356c6984bfd3,odata:vote:44152,plenum,,,,"הצעה רגילה לסדר היום בנושא: ""הרפורמה בתקשורת מחריפה את הקיטוב בחברה הישראלית ומסכנת את חופש הביטוי והתקשורת""",2025-05-28 14:56:00
5dae6bfc-eef3-476c-8e85-a4118f9bac53,odata:vote:44151,plenum,,,,"הצעה רגילה לסדר היום בנושא: ""שוב התגוללות על דוכן תפילין שהקימו תלמידים והפעם בבית הספר דרור בלב-השרון""",2025-05-28 14:37:00
b9dd80ec-416d-4652-894e-ddd286e57753,odata:vote:44150,plenum,,,,"הצעה רגילה לסדר היום בנושא: ""מוכנות ישראל לעידן הבינה המלאכותית (AI)""",2025-05-28 14:19:00
3739e552-87f9-4ddf-a276-8c7807907588,odata:vote:44149,plenum,,,,"דיון בהשתתפות ראש הממשלה על פי בקשתם של 40 חברי כנסת - ""כשלון מוחלט של הממשלה בהשגת יעדי המלחמה: השבת כל החטופים ומיטוט החמאס ופגיעה חמורה בשוויון בנטל""",2025-05-28 13:47:00
35992599-9d56-43d8-8890-f4816237c406,odata:vote:44148,plenum,,,,"הצעת חוק ביטול הצנזורה על סרטים, התשפ""ה-2025",2025-05-28 11:50:00
de6bdf8d-82a8-47fa-8924-9833c2390c9c,odata:vote:44147,plenum,,,,"הצעת חוק גנים לאומיים, שמורות טבע, אתרים לאומיים ואתרי הנצחה (תיקון - שמירה על מעמד האתרים הלאומיים), התשפ""ה-2024",2025-05-28 11:30:00
f3b663cd-c742-4266-ab24-f662072e25da,odata:vote:44146,plenum,,,,"הצעת חוק בית המשפט לענייני משפחה (תיקון - ביטול האגרה עבור הורה בבקשת מינוי כאפוטרופוס), התשפ״ד-2024",2025-05-28 11:02:00
58916596-1425-4e8f-a1d9-a70271ebd87e,odata:vote:44145,plenum,,,,"הצעת חוק שירות המילואים (תיקון - הפחתת שיעור המס שחל על תגמולים למשרתי מילואים), התשפ""ה-2025",2025-05-28 10:36:00
cb01312a-6cd8-4203-b029-9d24c8b73898,odata:vote:44144,plenum,,,,"הצעת חוק כליאתם והעמדתם לדין של המשתתפים באירועי 7 באוקטובר, התשפ""ה-2024",2025-05-28 09:35:00
3fc2160c-dab9-4500-a30d-12597325e07e,odata:vote:44158,plenum,,,,"הצעת חוק החיילים המשוחררים (החזרה לעבודה) (תיקון - הרחבת תקופת הגנה מפני פיטורים למשרתים במילואים), התשפ""ה-2025",2025-05-27 21:00:00
41c58b53-d2ed-4e12-893f-aa844af81164,odata:vote:44139,plenum,,,,"הצעת חוק לתיקון פקודת התעבורה (מס' 140 - הוראת שעה) (נסיעת רכב ביטחון בנתיב תחבורה ציבורית), התשפ""ה-2025",2025-05-27 14:00:00
804fd521-fd0a-41a5-876a-22b37585d4b9,odata:vote:44138,plenum,,,,"הצעת חוק תשלומים לפדויי שבי ולחטופים ששוחררו (תיקון - העלאת דרגת הנכות ל-100% לחטופים ששוחררו), התשפ""ה-2025",2025-05-27 13:55:00
1d9f9ec7-78ff-44d3-ae90-80162472e8ee,odata:vote:44137,plenum,,,,"הצעת חוק תשלומים לפדויי שבי ולחטופים ששוחררו (תיקון מס' 7), התשפ""ה-2025",2025-05-27 13:54:00
c03123a3-d783-452b-8740-537dc53ce8f9,odata:vote:44136,plenum,,,,"הצעת חוק הכניסה לישראל (תיקון מס' 44 והוראת שעה - חרבות ברזל), התשפ""ה-2025",2025-05-27 13:45:00
a550192d-aa0f-4429-b3f9-a1ec23c495ed,odata:vote:44133,plenum,,,,"העברת הצעת חוק יישום הסכם הביניים בדבר הגדה המערבית ורצועת עזה (הגבלת פעילות) (תיקון – איסור פעילות הרשות הפלסטינית בתחומי מדינת ישראל, אכיפה ועונשין), התשפ""ה-2024 (פ/5011/25), של חבר הכנסת יצחק קרויזר, מוועדת החוץ והביטחון לוועדה לביטחון לאומי",2025-05-26 18:26:00
1f333459-ef3a-4692-bbab-6cb57c8698c0,odata:vote:44131,plenum,,,,"הצעת חוק להקפאת כספים ששילמה הרשות הפלסטינית בזיקה לטרור מהכספים המועברים אליה מממשלת ישראל (תיקון) (ניכוי כספים בשל נזקי טרור), התשפ""ה–2025",2025-05-26 18:18:00
459ef4d9-67b0-4832-98a6-aaad0d72fe76,odata:vote:44130,plenum,,,,"הצעת חוק להסדרת עסקאות איגוח, התשפ""ה-2025",2025-05-26 17:44:00
517655c5-af91-4476-9b8d-4540cf2b385c,odata:vote:44129,plenum,,,,"הצעת חוק המועצה לענף הלול (ייצור ושיווק) (תיקון מס' 18 והוראת שעה) (תיקון) (דחיית ביטול התכנון בענף ההטלה), התשפ""ה–2025",2025-05-26 17:12:00
423d9111-9cc1-4509-bf16-245a08e177d3,odata:vote:44128,plenum,,,,המלצת ועדת הכנסת בעניין בחירת סגנית ליושב ראש הכנסת,2025-05-26 16:06:00
fbae8e06-2610-4115-853e-2f2d941098f5,odata:vote:44126,plenum,,,,"הצעה להביע אי אמון בממשלה מטעם סיעות העבודה והמחנה הממלכתי בנושא: ""ממשלה שמדרדרת ומבודדת את ישראל בעולם ופוגעת ביחסים הבינלאומיים""",2025-05-26 13:54:00
d1355870-1c4a-408f-b56a-c8f0109d1eb7,odata:vote:44127,plenum,,,,הצעה להביע אי אמון בממשלה מטעם סיעת יש עתיד בנושא: ״כישלון מדיני מתמשך״,2025-05-26 13:53:00
8b35ceea-bba0-4737-a5b9-0bff46c91097,odata:vote:44119,plenum,,,,"הצעת חוק מניעת פגיעת גוף שידורים זר בביטחון המדינה (הוראה שעה - חרבות ברזל) (תיקון מס' 3), התשפ""ה-2025",2025-05-21 13:15:00
57771922-74ae-4b38-bdd2-032d955b2c1b,odata:vote:44117,plenum,,,,"הצעת חוק התכנון והבנייה (תיקון מס' 161), התשפ""ה–2025",2025-05-21 12:59:00
212b01de-373c-4078-8190-804907464782,odata:vote:44115,plenum,,,,"הצעה דחופה לסדר היום בנושא: ""מתן מענים ייחודיים (הטבות דיור, לימודים תעסוקה ועוד) לצרכים של נפגעי הראש בעקבות מלחמת חרבות ברזל""",2025-05-21 12:53:00
7cfebe4f-8069-48b1-8de9-45b54e611bc7,odata:vote:44114,plenum,,,,"הצעה דחופה לסדר היום בנושא: ""חיזוק מוסדות חרדים התומכים בגיוס""",2025-05-21 12:34:00
bff6b330-a72b-47d8-8732-e2b44e6b0138,odata:vote:44113,plenum,,,,"הצעה רגילה לסדר היום בנושא: ""מורים בישראל נאלצים לעבוד כשליחים כדי לשרוד – פגיעה חמורה במעמד המורה ובמערכת החינוך""",2025-05-21 12:14:00
faf7584d-4530-422b-bf24-812deb1aad8f,odata:vote:44112,plenum,,,,"הצעה רגילה לסדר היום בנושא: ""כישלון מדיני של ממשלת ישראל: הסלמה מסוכנת על חשבון פתרון אזורי וביטחון ארוך טווח""",2025-05-21 11:53:00
81275a79-6626-457e-81e4-6179f4dd27db,odata:vote:44111,plenum,,,,"הצעה רגילה לסדר היום בנושא: ""ממצאים ממשלתיים מדאיגים בהתמודדות ישראל עם משבר האקלים""",2025-05-21 11:28:00
1240355b-2524-4167-b171-98eb38d73801,odata:vote:44110,plenum,,,,"הצעה רגילה לסדר היום בנושא: ""המשמעות התקציבית של הרחבת הלחימה ברצועת עזה""",2025-05-21 10:54:00
cb4671d8-fdea-459d-bc84-bc6ffd12e5d5,odata:vote:44109,plenum,,,,"הצעת חוק ציון שירות צבאי או שירות לאומי בהשכלה הגבוהה ובשירות המדינה (תיקוני חקיקה), התשפ""ה-2025",2025-05-21 10:31:00
3f0c9578-c339-46c8-8968-ebc040ff10b1,odata:vote:44108,plenum,,,,"הצעת חוק תגמול משפחות על תרומתן לשירות בצבא הגנה לישראל, התשפ""ה-2025",2025-05-21 10:05:00
49d3ea66-c2d8-4ab6-a993-d8229ca8ab45,odata:vote:44107,plenum,,,,"הצעת חוק פיקוח על מחירי מצרכים ושירותים (תיקון - פיקוח על מחירי לחם מלא, דגנים, כוסמין ושיפון), התשפ""ה-2024",2025-05-21 09:42:00
10d066b0-8c6e-4154-8255-4ed3acf75b39,odata:vote:44106,plenum,,,,"הצעת חוק לתיקון פקודת המשטרה (ביטול הכפיפות לשר וסמכותו להתוות מדיניות), התשפ""ה-2024",2025-05-21 09:19:00
a7397a29-3c2c-4859-9dc7-7f4d72739c0f,odata:vote:44105,plenum,,,,"הצעת חוק איסור הכחשת הנכבה, התשפ""ה-2025",2025-05-21 08:53:00
67683bdf-1923-4c9a-ab30-91705e38f2e3,odata:vote:44101,plenum,,,,"הצעת חוק הבנקאות (שירות ללקוח) (תיקון מס' 38), התשפ""ה–2025",2025-05-20 14:00:00
afe85452-1bb6-4d9e-83f3-1eb8119d1e5f,odata:vote:44100,plenum,,,,"הצעת חוק העונשין (תיקון מס' 133 – הוראת שעה) (תיקון מס' 3), התשפ""ה-2025",2025-05-20 13:55:00
617b346f-820a-4806-9f75-6b5cf1d3cc1f,odata:vote:44086,plenum,,,,"הצעת חוק לתיקון פקודת בתי הסוהר (תיקון מס' 66 - הוראת שעה - חרבות ברזל) (חופשה מיוחדת לאסיר) (תיקון מס' 3), התשפ""ה-2025",2025-05-19 19:16:00
765e73e1-3d77-4071-93ff-734bac6bafd6,odata:vote:44084,plenum,,,,"הצעת חוק להשתתפותם של העובדים ובעלי תפקיד בשירות הציבורי, בצעדים לייצוב המצב הפיסקלי במדינה במהלך השנים 2025 ו-2026 (הוראת שעה) (תיקון), התשפ""ה-2025",2025-05-19 19:09:00
ee510967-8b24-44e0-a577-4d8ea9e77c14,odata:vote:44082,plenum,,,,"הצעת חוק התכנון והבנייה (תיקון מס' 163 - הוראת שעה) (הרחבת הסמכות של ועדות מקומיות), התשפ""ה-2025",2025-05-19 17:59:00
06226390-f44f-4d1f-a277-4204e6594796,odata:vote:44081,plenum,,,,"הצעת חוק זכויות הסטודנט (תיקון מס' 10) (מסלולי לימוד נפרדים בתארים מתקדמים), התשפ""ה–2025",2025-05-19 16:45:00
e2fe3cdd-93c4-4fb0-a72d-96995010cdb4,odata:vote:44078,plenum,,,,"הצעה להביע אי אמון בממשלה מטעם סיעות חד""ש-תע""ל-רע""מ בנושא: ""ממשלה שפוגעת בדמוקרטיה בחסות מלחמה הרסנית""",2025-05-19 14:02:00
446cee2a-242a-4465-89c7-c3dcb6c8b169,odata:vote:44079,plenum,,,,"הצעה להביע אי אמון מטעם סיעות ישראל ביתנו, המחנה הממלכתי והעבודה בנושא: ""ממשלה שמקדמת חוקי השתמטות בזמן מלחמה, היא ממשלה לא לגיטימית""",2025-05-19 14:02:00
3bd68a1f-79a0-4187-9507-d748bc55fd3d,odata:vote:44080,plenum,,,,"הצעה להביע אי אמון בממשלה מטעם סיעת יש עתיד בנושא: ""כישלון מדיני מתמשך""",2025-05-19 14:01:00
e3c5d6cc-f7cb-4cf2-b001-0876c088b8d9,odata:vote:44065,plenum,,,,"הצעה דחופה לסדר היום בנושא: ""משבר בענף התעופה: דרושה תוכנית מיידית לשעת חירום""",2025-05-14 12:55:00
760fcf97-bc31-4674-8e20-9d7a12672d01,odata:vote:44063,plenum,,,,"הצעה רגילה לסדר היום בנושא: ""היערכות ממשלת ישראל למניעת קריאות אנטישמיות והבטחת ביטחון המשלחת הישראלית לאירוויזיון""",2025-05-14 11:50:00
0b5408c9-d59b-4602-8117-2dc40e2d1b00,odata:vote:44062,plenum,,,,"הצעה רגילה לסדר היום בנושא: ""סימנים להידרדרות במערכת היחסים עם ארה""ב - איום על ביטחונה ומעמדה האסטרטגי של ישראל""",2025-05-14 11:42:00
8f97c614-419f-4239-b970-3bbca83bbaf2,odata:vote:44061,plenum,,,,"הצעה רגילה לסדר היום בנושא: ""חשש לתקצוב בלתי חוקי של מוסדות הפטור החרדיים דרך רשת החינוך העצמאי – ללא פיקוח, ללא שקיפות, בניגוד לחוק ולתקנות משרד החינוך""",2025-05-14 11:22:00
4b4df124-2b12-4bcf-a1de-f0389e5269cc,odata:vote:44059,plenum,,,,"הצעת חוק שירותי אבטחה, התשפ""ג-2023",2025-05-14 10:47:00
6948a261-9031-4a14-bda6-8aad1858fca2,odata:vote:44060,plenum,,,,"הצעת חוק לתיקון פקודת מס הכנסה (ניכוי בגין הוצאות טיפול בילדים), התשפ""ה-2025",2025-05-14 10:46:00
7608962f-c90c-4a9f-8bf6-48347c48f88a,odata:vote:44058,plenum,,,,"הצעת חוק זכויות החולה (תיקון - מניעת טיפול רפואי למחבלים במערכת הבריאות הציבורית), התשפ""ה-2025",2025-05-14 10:26:00
391148fe-b3ee-43b8-944a-98bd360dc711,odata:vote:44057,plenum,,,,"הצעת חוק שירות המילואים (תיקון - שיקום נפשי וטיפול זוגי) (הוראת שעה), התשפ""ה-2025",2025-05-14 10:02:00
e9ad672b-2ba2-43a9-81f4-afab5dad995b,odata:vote:44056,plenum,,,,"הצעת חוק שירות המדינה (מינויים) (תיקון - חובת פרסום שאלון לאיתור חשש לניגוד עניינים), התשפ""ג-2023",2025-05-14 09:45:00
4d7e3615-6b15-4091-9a61-fa5b8e24b77b,odata:vote:44053,plenum,,,,"הצעת ועדת הכנסת להעברה מוועדה לוועדה - הצעת חוק הכללת אמצעי זיהוי ביומטריים ונתוני זיהוי ביומטריים במסמכי זיהוי ובמאגר מידע (הוראת שעה), התשפ""ג-2023",2025-05-13 15:14:00
1268b6b5-8ec2-442e-8ea4-77336e7cff05,odata:vote:44054,plenum,,,,הצעת ועדת הכנסת בדבר שינוי בהרכב הסיעתי של ועדות הכנסת,2025-05-13 15:11:00
de259496-2c9d-4725-95a5-cb55340f68f9,odata:vote:44051,plenum,,,,"הצעת חוק הבנקאות (שירות ללקוח) (תיקון מס' 39), התשפ""ה–2025",2025-05-13 15:01:00
c9acefb3-5bef-47a7-8f86-82c045ea9889,odata:vote:44049,plenum,,,,"הצעת חוק זכויות מבצעים ומשדרים (תיקון מס' 10), התשפ""ה–2025",2025-05-13 14:45:00
87353c16-2f96-420b-8b8b-fb306972d55f,odata:vote:44043,plenum,,,,"הצעת חוק המידע הפלילי ותקנת השבים (תיקון מס' 8) (רישום פלילי של עבירות טרור), התשפ""ה–2025",2025-05-12 19:49:00
48b99d87-52e5-46b8-9813-076511288d16,odata:vote:44044,plenum,,,,"הצעת חוק להשתתפותם של העובדים ובעלי תפקיד בשירות הציבורי, בצעדים לייצוב המצב הפיסקלי במדינה במהלך השנים 2025 ו-2026 (הוראת שעה) (תיקון) (הארכת התקופה לחתימה על הסכם קיבוצי), התשפ""ה-2025",2025-05-12 19:45:00
853e244c-5b8e-456a-b514-18c5b8e23fb0,odata:vote:44042,plenum,,,,"הצעת חוק הכניסה לישראל (תיקון מס' 43), התשפ""ה-2025",2025-05-12 19:31:00
e4316705-49f1-41a1-be65-81bf51cd8403,odata:vote:44039,plenum,,,,"הצעת חוק איסור צריכת זנות, התשפ""ה-2025",2025-05-12 18:57:00
5812b7e7-98bb-43b6-98e8-fffd39a93f89,odata:vote:44040,plenum,,,,"הצעת חוק איסור צריכת זנות, תשפ""ה-2025",2025-05-12 18:56:00
c5108cbe-b5b3-48b5-b988-5cbd65c92858,odata:vote:44041,plenum,,,,"הצעת חוק איסור צריכת זנות (הוראת שעה ותיקון חקיקה) (תיקון - עיגון כהוראת קבע), התשפ""ד-2024",2025-05-12 18:55:00
6070b90f-196f-4360-b40f-c69ca908cfea,odata:vote:44037,plenum,,,,"הצעת חוק הממשלה (תיקון מס' 14), התשפ''ה–2025",2025-05-12 17:10:00
5c85e928-b526-4670-8527-6226c7361704,odata:vote:44034,plenum,,,,הצעת חוק-יסוד: הממשלה (תיקון מס' 13),2025-05-12 16:32:00
95493ded-2fb4-469a-8281-4eb37a4dcda9,odata:vote:44032,plenum,,,,"הצעה להביע אי אמון בממשלה מטעם סיעות המחנה הממלכתי, ישראל ביתנו והעבודה בנושא: ""ממשלה שפוגעת באחדות העם וחוסנו הלאומי""",2025-05-12 14:48:00
57be82e5-6e43-4f8e-a02e-83490d4d0cae,odata:vote:44031,plenum,,,,"הצעה להביע אי אמון בממשלה מטעם סיעות רע""מ וחד""ש-תע""ל בנושא: ""מדיניות ממשלתית כושלת: הזנחת החברה הערבית בכל תחומי החיים""",2025-05-12 14:48:00
8397ec88-f406-45e4-9f6b-8f632738a7f7,odata:vote:44020,plenum,,,,"הצעה דחופה לסדר היום בנושא: ""העלאות מחירים תכופות מצד תאגידי המזון והצריכה בתקופת חירום כלכלית""",2025-05-07 11:58:00
f912b25c-0683-4c98-bc73-081fa6018911,odata:vote:44019,plenum,,,,"הצעה רגילה לסדר היום בנושא: ""היעדר אכיפת צווי גיוס בקרב הציבור החרדי והשפעתם על המאמץ המלחמתי והסולידריות הישראלית""",2025-05-07 11:29:00
ccc03657-db7a-4526-9623-f4e25691d9ee,odata:vote:44018,plenum,,,,"הצעה רגילה לסדר היום בנושא: ""הפוגרום בבית הכנסת הרפורמי ברעננה בטקס יום הזיכרון""",2025-05-07 10:53:00
d4b7548d-7943-4e6e-8945-fab26ce110cb,odata:vote:44016,plenum,,,,"הצעת חוק פיקוח הכנסת על העברת סיוע הומניטרי מכספי המדינה, התשפ""ה-2025",2025-05-07 09:43:00
7c2eeb31-067f-4163-a4ad-dfb20f06dc69,odata:vote:44015,plenum,,,,"הצעת חוק משפחות חיילים שנספו במערכה (תגמולים ושיקום) (תיקון - תקופת הסתגלות כלכלית לאלמנה), התשפ""ד-2024",2025-05-07 08:00:00
e0c6a214-8e99-4800-8660-1186cf6d280e,odata:vote:44012,plenum,,,,"הצעת חוק חדלות פירעון ושיקום כלכלי (תיקון מס' 4 - הוראת שעה - נגיף הקורונה החדש) (תיקון מס' 3), התשפ""ה-2025",2025-05-06 14:38:00
dc486152-3834-49b4-bf34-20230e2c5dee,odata:vote:44011,plenum,,,,"הצעת חוק משק החשמל (תיקון מס' 20) (תשלום מופחת), התשפ""ה-2025",2025-05-06 14:27:00
16439c8b-f3e8-4ca2-a845-ae5313864ba1,odata:vote:44005,plenum,,,,"הצעת חוק למניעת מפגעי אסבסט ואבק מזיק (תיקון מס' 5), התשפ""ה-2025",2025-05-05 19:30:00
196f25c8-e1c9-46b5-8fa8-01bd351cbace,odata:vote:44002,plenum,,,,"הצעת חוק כלי הירייה (תיקון מס' 27) (שינוי ברירת המחדל לעניין הרשאה לשאת ולהחזיק כלי ירייה המשמש לשירותי שמירה), התשפ""ה–2025",2025-05-05 18:22:00
91524bc6-b24d-422f-9aac-c59e8599282f,odata:vote:44001,plenum,,,,"הצעת חוק שירות מידע פיננסי (תיקון מס' 3 והוראת שעה), התשפ""ה-2025",2025-05-05 17:00:00
2a4c2b01-9263-48eb-bd7f-4048a4776892,odata:vote:44000,plenum,,,,"הצעה להביע אי אמון בממשלה מטעם סיעות העבודה, ישראל ביתנו והמחנה הממלכתי בנושא: ""ממשלה שמפלגת ומקטבת את הציבור הישראלי""",2025-05-05 14:45:00
b7b1b5c3-4e42-478a-8a60-6dc97aef666b,odata:vote:43999,plenum,,,,"הצעה להביע אי אמון בממשלה מטעם סיעות חד""ש-תע""ל ורע""מ בנושא: ""ממשלה שמסלימה את הלחימה בעזה ומסכלת את המשך הסכם הפסקת האש""",2025-05-05 14:45:00
4007f4cc-45a8-478d-b9b8-0901dc7698ab,odata:vote:43998,plenum,,,,"הצעה להביע אי אמון בממשלה מטעם סיעת יש עתיד בנושא: ״ממשלה כושלת המעודדת השתמטות, פוגעת במעמד הביניים ומפקירה את החטופות והחטופים בעזה״",2025-05-05 14:44:00
e79807eb-76b4-44b3-85b6-a332cd9460a7,odata:vote:44004,plenum,,,,"הצעת חוק לשכת עורכי הדין (תיקון מס' 47) (תקופת ההתמחות), התשפ""ה-2025",2025-05-05 13:00:00
9e3bf2ec-55bb-47b3-9d03-39a64e650e53,odata:vote:43969,plenum,,,,"הודעת הממשלה על העברת הסמכויות הנתונות לשר הנגב, הגליל והחוסן הלאומי לפי סעיף 5 (ז) בחוק הרשות לפיתוח הנגב (תיקון מס' 4) (תיקון), לפי חוק התכנון והבנייה, התשכ""ה-1965, למעט הסמכויות למנות נציגים לחברי מוסד תכנון ולפי חוק יישום תוכנית ההתנתקות, התשס""ה-2005, לשר החקלאות וביטחון המזון, בהתאם לסעיף 31(ב) לחוק-יסוד: הממשלה",2025-03-31 22:14:00
9463625d-e52e-4549-8934-9e2f2feb6c61,odata:vote:43968,plenum,,,,"הצעת חוק הגנת הצרכן (תיקון מס' 72) (איסור התניית תשלום באמצעות כרטיס חיוב בסכום רכישה מזערי), התשפ""ה–2025",2025-03-31 22:05:00
3e9aa10b-1892-4314-b350-98aee4c5d9fb,odata:vote:43965,plenum,,,,"הצעת חוק עבודת נשים (תיקון - הארכת תקופת הלידה וההורות להורי פעוט עם מוגבלות מורכבת), התשפ""ה-2024",2025-03-31 21:59:00
6910a8b0-ee41-4ebd-af2e-304305ba26f6,odata:vote:43966,plenum,,,,"הצעת חוק עבודת נשים (תיקון מס' 66) (הארכת תקופת הלידה וההורות להורי פעוט עם מוגבלות מורכבת), התשפ""ה–2025",2025-03-31 21:58:00
a5e67e59-c3e6-4481-856e-34e20be94c71,odata:vote:43962,plenum,,,,"הצעת חוק התקשורת (בזק ושידורים) (תיקון מס' 81), התשפ""ה–2025",2025-03-31 21:36:00
21c29158-9541-4fd5-bb94-8b6aa1b09fc3,odata:vote:43960,plenum,,,,"הצעת חוק גיל פרישה (הורה שילדו נפטר) (הוראת שעה) (תיקון מס' 3), התשפ""ה–2025",2025-03-31 21:27:00
a47b96a1-ba1d-4533-a0d4-3e5d9bc17bec,odata:vote:43958,plenum,,,,"הצעת חוק הספורט (תיקון מס' 18 והוראת שעה), התשפ""ה–2025",2025-03-31 21:15:00
57224040-67bb-48f8-9419-50bfdc86ae0f,odata:vote:43955,plenum,,,,"הצעת חוק למניעת הפליה ברישוי מחמת מצב בריאותי (תיקוני חקיקה), התשפ""ה–2025",2025-03-31 21:08:00
f1b27707-60e7-4daa-b98f-0473d7285673,odata:vote:43953,plenum,,,,"הצעת חוק המים (תיקון מס' 31), התשפ""ה–2025",2025-03-31 20:58:00
d9b72779-e176-47f2-b31a-e930baf106ff,odata:vote:43952,plenum,,,,"הצעת חוק להפחתת סכום הפיצוי הכספי בשל נסיעה ללא תיקוף כרטיס בתחבורה הציבורית (תיקוני חקיקה), התשפ""ה–2025",2025-03-31 20:41:00
2ff5f9eb-55a2-486a-b023-37e1a3f6248f,odata:vote:43950,plenum,,,,"הצעת חוק ניוד מידע רפואי (תיקון - הוספת גופים ציבוריים), התשפ""ה-2025",2025-03-31 20:37:00
9154efcd-f388-4a90-b8b9-da46c6b19536,odata:vote:43951,plenum,,,,"הצעת חוק ניוד מידע רפואי (תיקון מס' 2) (הוספת גופים ציבוריים), התשפ""ה–2025",2025-03-31 20:36:00
7f48bbc0-6a0b-47ff-bd01-1d58f99edd88,odata:vote:43949,plenum,,,,"הצעת חוק התכנון והבנייה (תיקון מס' 162) (הגדלת חיבור החשמל), התשפ""ה–2025",2025-03-31 20:28:00
54f671a6-cdb8-47ca-8b80-07f33ddd9d44,odata:vote:43948,plenum,,,,"הצעת חוק תוספות לתגמולים ולהטבות לבני משפחה של חטופים ונעדרים (תיקוני חקיקה), התשפ""ה-2025",2025-03-31 20:22:00
ed8959aa-5050-4a97-991c-bfead5b50c14,odata:vote:43945,plenum,,,,"הצעת חוק הכשרות המשפטית והאפוטרופסות (תיקון מס' 22 והוראת שעה), התשפ""ה–2025",2025-03-31 19:56:00
37a87b94-2b51-4371-9320-87b384f7e928,odata:vote:43943,plenum,,,,"הצעת חוק הצבת מכשירי החייאה במקומות ציבוריים (תיקון מס' 3), התשפ""ה–2025",2025-03-31 19:41:00
8551e3b6-4a3e-4809-89b8-354564b9b45b,odata:vote:43940,plenum,,,,"הצעת חוק להנצחת זכרו של מנחם בגין (תיקון מס' 4), התשפ""ה–2025",2025-03-31 19:37:00
c98bad86-b6bd-401a-98c7-c68f71c484fc,odata:vote:43938,plenum,,,,"הצעת חוק התכנון והבנייה (תיקון מס' 160 והוראות שעה), התשפ""ה-2025",2025-03-31 19:19:00
ad372264-4009-4cd5-a97b-66b03bfedd10,odata:vote:43936,plenum,,,,"הצעת חוק להסדרת אירוע הילולת רבי שמעון בר יוחאי בהר מירון (הוראת שעה), התשפ""ה-2025",2025-03-31 18:46:00
21c9c794-635d-44f9-bb32-9e6055137c5a,odata:vote:43933,plenum,,,,"הצעת חוק כלי הירייה (תיקון - הודעה בגין חשש לחיי אדם מצד המגיש בקשה להחזיק בכלי ירייה), התשפ""ה-2025",2025-03-31 18:29:00
b7f3e985-2dba-457d-b714-c01774c972bc,odata:vote:43935,plenum,,,,"הצעת חוק כלי הירייה (תיקון מס' 26) (דיווח על מגיש בקשה להחזיק בכלי ירייה), התשפ""ה–2025",2025-03-31 18:28:00
727c7f31-c3bd-4e34-9607-9e5913b18e18,odata:vote:43931,plenum,,,,"הצעת חוק הקולנוע (תיקון מס' 7) (ביטול מאגר הלקטורים), התשפ""ה-2025",2025-03-31 17:50:00
4d113c00-4903-456a-865d-5848b06ac9bc,odata:vote:43930,plenum,,,,"הצעת חוק השידור הציבורי הישראלי (תיקון מס' 10) (דיווח שנתי לוועדת הכלכלה של הכנסת), התשפ""ה–2025",2025-03-31 16:52:00
6e8f2646-8964-462c-a789-4bb9ed2af2f6,odata:vote:43929,plenum,,,,"הצעת חוק לתיקון מונחים בחקיקה (יהודה והשומרון), התשפ""ה-2025",2025-03-31 16:20:00
68bd4cb8-7712-45e2-957f-1d7d406a6c25,odata:vote:43928,plenum,,,,"הצעת חוק שימוש במונח יהודה והשומרון, התשפ""ה–2025",2025-03-31 16:19:00
ead48c4a-929a-4819-9385-2297e12e365b,odata:vote:43927,plenum,,,,"הצעת חוק העונשין (תיקון מס' 152), התשפ""ה–2025",2025-03-31 15:49:00
1e482fc3-b03f-4768-ac0c-40c04a4f3b75,odata:vote:43924,plenum,,,,"החלטת ועדת הפנים והגנת הסביבה בדבר פיצול הצעת חוק הרשויות המקומיות (בחירות) (תיקון – הגבלת הזכות להיבחר), התשפ""ג-2022",2025-03-31 14:43:00
22f48744-a2a7-4f4c-a122-874d90e538e4,odata:vote:43922,plenum,,,,"הצעת חוק הרשויות המקומיות (מימון בחירות) (תיקון מס' 19), התשפ""ה–2024",2025-03-31 14:22:00
f92b7936-6c11-4dee-85d3-1e4c3c965ad1,odata:vote:43921,plenum,,,,"הצעת חוק הרשות הלאומית למאבק בעוני, התשפ""ה-2025",2025-03-31 13:20:00
2f92a637-ecd8-4dd7-bda4-160638702efe,odata:vote:43915,plenum,,,,"הצעת חוק הפצת שידורים באמצעות תחנות שידור ספרתיות (תיקון מס' 7 – הוראת שעה) (תיקון), התשפ""ה-2025",2025-03-31 12:13:00
35c5b361-fdb6-4b63-aaa8-b12dd8e45ba6,odata:vote:43901,plenum,,,,"הצעת חוק שיקום נרחב לחבל התקומה כאזור מיקוד לאומי וסיוע ליישובים הסמוכים אליו, התשפ""ה–2025",2025-03-31 09:33:00
8850984e-a39f-4e3c-821b-fb30b8d40877,odata:vote:43898,plenum,,,,"חוק לייעול האכיפה והפיקוח העירוניים ברשויות המקומיות (הוראת שעה) (תיקון מס' 16), התשפ""ה–2025",2025-03-31 07:47:00
3b8cace9-ba2f-4ed9-8564-debd902e7ded,odata:vote:43896,plenum,,,,"הצעת חוק הכללת אמצעי זיהוי ביומטריים ונתוני זיהוי ביומטריים במסמכי זיהוי ובמאגר מידע (תיקון מסק 7- הוראת שעה), התשפ""ה-2025",2025-03-31 07:40:00
b43e2e8e-7137-48f7-b69b-03cb44bdde28,odata:vote:43893,plenum,,,,"הצעת חוק כליאתם של לוחמים בלתי חוקיים (תיקון מס' 4 והוראת שעה – חרבות ברזל) (תיקון מס' 4), התשפ""ה-2025",2025-03-31 07:27:00
d6666cd7-2090-4503-88de-142dc72ab4e3,odata:vote:43891,plenum,,,,"הצעת חוק הביטוח הלאומי (תיקון מס' 256), התשפ""ה–2025",2025-03-31 07:14:00
d90b7b36-4223-4e26-8954-287582ec55de,odata:vote:43889,plenum,,,,"הצעת חוק התמודדות עם תקיפות סייבר חמורות במגזר השירותים הדיגיטליים ושירותי האחסון (הוראת שעה – חרבות ברזל) (תיקון מס' 2), התשפ""ה-2025",2025-03-31 06:54:00
43965320-eba3-4edc-964c-bc60015a560d,odata:vote:43887,plenum,,,,"הצעת חוק יום הוקרה ממלכתי לפצועי מערכות ישראל ופעולות האיבה, התשפ""ה–2025",2025-03-31 06:19:00
21564bdf-6e59-469b-bf00-a0c3a5635350,odata:vote:43874,plenum,,,,"הצעת חוק בתי המשפט (תיקון מס' 105), התשפ""ה-2025",2025-03-27 07:25:00
a0e6e02b-f250-46e9-8544-a86e4a4202fc,odata:vote:43884,plenum,,,,הצעת חוק-יסוד: השפיטה (תיקון מס' 4),2025-03-27 05:36:00
244fb629-c372-4124-9ab4-c76194242d57,odata:vote:43637,plenum,,,,"דיון בהשתתפות ראש הממשלה על פי בקשתם של 40 חברי כנסת - ""הפשיעה הגואה בחברה הערבית והפקרת חיי האזרחים""",2025-03-26 10:34:00
2d7a93df-f7a7-4157-9c27-d6db1e1b352d,odata:vote:43634,plenum,,,,"הצעת חוק משפחות חיילים שנספו במערכה (תגמולים ושיקום) (תיקון מס' 47), התשפ""ה-2025",2025-03-25 14:33:00
927da915-46f0-4c06-a58d-52af763f181f,odata:vote:43622,plenum,,,,"הצעת חוק התקציב לשנת הכספים 2025, התשפ""ה-2025",2025-03-25 11:52:00
bc39fde4-018e-48f6-88c1-3b6f130076d6,odata:vote:43512,plenum,,,,"הצעת חוק הכללת אמצעי זיהוי ביומטריים ונתוני זיהוי ביומטריים במסמכי זיהוי ובמאגר מידע (הוראה שעה) (בקשה מקוונת להנפקת תעודת זהות), התשפ""ה-2025",2025-03-24 12:16:00
11f30dd1-4aa2-4ce8-8ff6-e81d0be9fe0e,odata:vote:43511,plenum,,,,"הצעת חוק שיפוט בתי דין רבניים (נישואין וגירושין) (תיקון מס' 6) (סמכות כריכת מזונות ילדים), התשפ""ה-2025",2025-03-24 11:26:00
6d2e26bb-4b61-4da5-93cb-aa5dbad7cd30,odata:vote:43495,plenum,,,,הצעה לסדר בנוגע להסדרה עם ארגון הטרור חיזבאללה,2025-03-20 03:53:00
4c013f45-5eea-4272-8994-2ef99c7d7f02,odata:vote:43494,plenum,,,,הסמכת ועדת הכנסת לבחירת נציג הכנסת בוועדה לבחירת נציב תלונות הציבור על שופטים,2025-03-20 03:21:00
cf105443-8c29-4f66-aa7f-e3e4ba637576,odata:vote:43492,plenum,,,,"הצעת חוק התחשבנות בין בתי חולים לקופות חולים (בריאות הנפש), התשפ""ה-2025",2025-03-20 03:11:00
96edc617-5821-40f4-8c57-d6584c36103d,odata:vote:43481,plenum,,,,"הצעת חוק מסגרות תקציב המדינה (הוראות מיוחדות לשנת 2025) (תיקוני חקיקה), התשפ""ה-2025",2025-03-20 03:09:00
3f464511-670e-4f0d-92ec-f15137aef494,odata:vote:43515,plenum,,,,"הצעת חוק להשגת יעדי התקציב וליישום המדיניות הכלכלית לשנת התקציב 2025 (תיקוני חקיקה), התשפ""ה–2025",2025-03-20 02:39:00
44303d8f-106c-4f66-9673-3d0cea385b9d,odata:vote:43389,plenum,,,,"הודעת הממשלה על מינויו של השר איתמר בן גביר לתפקיד השר לביטחון לאומי, מינויו של השר עמיחי אליהו לתפקיד שר המורשת ומינויו של השר יצחק וסרלאוף לתפקיד שר הנגב, הגליל והחוסן הלאומי, כולם במקומו של השר חיים כץ שמילא תפקידים אלו במילוי מקום, בהתאם לסעיף 31(א) לחוק-יסוד: הממשלה",2025-03-19 18:34:00
2d19e49e-df4e-404b-b1eb-073a1ee53fff,odata:vote:43497,plenum,,,,"הודעת הממשלה על צירופם של חברי הכנסת איתמר בן גביר, עמיחי אליהו ויצחק וסרלאוף כשרים בממשלה, לפי סעיף 15 לחוק-יסוד: הממשלה",2025-03-19 18:25:00
585f0851-6815-4a50-b2ee-c80c5b18b52c,odata:vote:43388,plenum,,,,"הצעה דחופה לסדר היום בנושא: ""ההידרדרות בביטחון הכלכלי של משקי הבית בישראל והוויתור על צרכים בסיסיים""",2025-03-19 16:12:00
c505ffcc-a395-4997-90c0-43fe24363136,odata:vote:43387,plenum,,,,"הצעה דחופה לסדר היום בנושא: ""הגדרת תקינה למספר תיקים המטופלים על ידי כל עובד סוציאלי""",2025-03-19 16:04:00
90a6e77e-d17f-494e-b412-de6cdfc23ae6,odata:vote:43385,plenum,,,,"הצעת חוק בתי קברות צבאיים (תיקון מס' 5) (תיקון - תחולה למפרע), התשפ""ד-2024",2025-03-19 14:55:00
a128050b-e904-45b1-81ae-91eaa08f40b2,odata:vote:43382,plenum,,,,"הצעת חוק ועדות חקירה (תיקון - אירועי חובה להקמת ועדת חקירה ממלכתית), התשפ""ה-2025",2025-03-19 14:38:00
d2c54cad-e9dc-47c9-9539-ceb4ea21d6a9,odata:vote:43381,plenum,,,,"הצעת חוק העונשין (תיקון - עבירות זיוף עמוק), התשפ""ה-2025",2025-03-19 14:13:00
f1252829-9631-455d-af5d-8913134825e8,odata:vote:43380,plenum,,,,"הצעת חוק החברות (תיקון - מכסות ייצוג לנשים בדירקטוריונים של חברות ציבוריות), התשפ""ד-2024",2025-03-19 13:58:00
6d943a0a-9e97-4330-8a25-81ce9926be78,odata:vote:43379,plenum,,,,"הצעת חוק משפחות חיילים שנספו במערכה (תגמולים ושיקום) (תיקון - זכויות הסתגלות לאחים שכולים), התשפ""ד-2024",2025-03-19 13:17:00
9633c717-c5dc-4d50-b33c-ad5ec295d6e6,odata:vote:43378,plenum,,,,"הצעת חוק המועצה להשכלה גבוהה (תיקון - פטור משכר לימוד לסטודנטים מתחת לקו העוני), התשפ""ג-2022",2025-03-19 12:52:00
a1d1640d-f5e8-4166-a8bb-f9c477a8140e,odata:vote:43377,plenum,,,,"הצעת חוק הרשויות המקומיות (ניהול סיכונים תאגידי), התשפ""ג-2023",2025-03-19 12:30:00
9328018c-4f3c-40dd-b655-a8c1eff323c1,odata:vote:43375,plenum,,,,"הצעת חוק להקפאת כספים ששילמה הרשות הפלסטינית בזיקה לטרור מהכספים המועברים אליה מממשלת ישראל (תיקון - קיזוז כספים בגין פיצוי על נזקי גניבת רכבים), התשפ""ה-2025",2025-03-19 12:11:00
d9cffac9-a795-42ad-96db-1cf54f8e7a2b,odata:vote:43376,plenum,,,,"הצעת חוק להקפאת כספים ששילמה הרשות הפלסטינית בזיקה לטרור מהכספים המועברים אליה מממשלת ישראל (תיקון - קיזוז כספים בגין פיצוי על נזקי גניבת רכבים), התשפ""ה-2024",2025-03-19 12:10:00
eef802b9-b4ec-4603-adae-ab07eac12c29,odata:vote:43374,plenum,,,,"הצעת חוק הריסת בתי מחבלים, התשפ""ה-2024",2025-03-19 11:49:00
ee3fac69-f22a-4209-af73-3414a1055acc,odata:vote:43372,plenum,,,,"הצעת חוק תשלומים לפדויי שבי ולחטופים ששוחררו (תיקון - העלאת דרגת הנכות בשנה הראשונה לשחרור), התשפ""ה-2025",2025-03-19 11:31:00
d3c77833-d17f-45b2-b094-9c8e48a9f28b,odata:vote:43371,plenum,,,,"הצעת חוק תשלומים לפדויי שבי ולחטופים ששוחררו (תיקון - הרחבת הזכאויות לחטופים ששוחררו), התשפ""ה-2025",2025-03-19 11:29:00
752a595c-bba0-4dcd-a8a1-57c9c1198f28,odata:vote:43370,plenum,,,,"הצעת חוק-יסוד: כניסה, הגירה ומעמד בישראל",2025-03-19 10:55:00
e1bd352a-d9f6-4212-a829-3d5dd4c6581d,odata:vote:43368,plenum,,,,"הצעת חוק הכניסה לישראל (תיקון - החמרת ענישה בעבירה של כניסה בלתי חוקית), התשפ""ה-2025",2025-03-19 10:18:00
ecb81aee-2c82-435e-8acc-ea1109d53378,odata:vote:43367,plenum,,,,"הצעת חוק קידום התחרות בענפי המזון והפארם (תיקון - תיקונים שונים), התשפ""ה-2025",2025-03-19 09:47:00
c8ecc6ae-5a2c-42af-a6af-3681e0c825db,odata:vote:43366,plenum,,,,"הצעת חוק יום בריאות הלב, התשפ""ה-2025",2025-03-19 09:38:00
7bca2986-f6dc-4dda-9cfa-c5bec49b71d1,odata:vote:43365,plenum,,,,"הצעת חוק התוכנית הכלכלית (תיקוני חקיקה ליישום המדיניות הכלכלית לשנות התקציב 2017 ו-2018) (תיקון - הארכת הוראת המעבר), התשפ""ה-2025",2025-03-19 09:25:00
4f6401b2-8ec5-4b08-af68-f08bf5c8418f,odata:vote:43386,plenum,,,,"הצעה רגילה לסדר היום בנושא: ""כוונת ראש הממשלה לפטר את ראש השב""כ רונן בר""",2025-03-19 09:00:00
600e6cf2-dd11-4da4-bc27-c166bc230f88,odata:vote:43356,plenum,,,,הצעה להביע אי אמון בממשלה מטעם סיעת יש עתיד בנושא: ״ממשלה כושלת שמעדיפה לממן משתמטים על חשבון לוחמי המילואים״,2025-03-16 22:00:00
096611ba-6849-447f-a816-dbc2671b75db,odata:vote:43357,plenum,,,,"הצעה להביע אי אמון בממשלה מטעם סיעות המחנה הממלכתי, ישראל ביתנו והעבודה בנושא: ""השבת 59 החטופים הנותרים משבי חמאס ברצועת עזה""",2025-03-16 22:00:00
b05dda8e-04d8-46ed-bbfa-48e8f5821ca4,odata:vote:43360,plenum,,,,"הצעה להביע אי אמון בממשלה מטעם סיעות רע""מ וחד""ש-תע""ל בנושא: ""ממשלת ישראל ממשיכה להפלות את החברה הערבית בתקציבים""",2025-03-16 22:00:00
350f0dee-010c-4b05-9265-f0ec01d7e67c,odata:vote:43334,plenum,,,,"הצעת חוק להסדרת מגורים בשטחי מרעה, התשפ""ה–2025",2025-03-12 18:17:00
993494b0-94b2-4d31-8fc9-57739e2ff7cb,odata:vote:43310,plenum,,,,"הצעה דחופה לסדר היום בנושא: ""חשד להגשת נתונים דמוגרפיים מסולפים ע""י רשויות מקומיות למנהל התכנון""",2025-03-12 16:35:00
014599d3-ebee-4c2c-b7ff-1c32373ec0ee,odata:vote:43309,plenum,,,,"הצעה דחופה לסדר היום בנושא: ""המחיר הכלכלי של מגפת ההשמנה בישראל והשפעתה על ילדים ובני נוער""",2025-03-12 16:15:00
eaa324ed-44e8-4302-9aa5-52dfa724d5d1,odata:vote:43308,plenum,,,,"הצעה דחופה לסדר היום בנושא: ""התאמת פעילות המרב""ד: הפרדת סמכויות לשיפור השירות והיעילות""",2025-03-12 15:47:00
019ba425-f310-4131-a4dd-90294ab1e116,odata:vote:43307,plenum,,,,"הצעה רגילה לסדר היום בנושא: ""חלוקת הכספים הקואליציוניים בתקציב 2025 והשלכותיה""",2025-03-12 15:31:00
91ad27e9-0975-4b32-b3b1-4823e0b6484d,odata:vote:43306,plenum,,,,"הצעה רגילה לסדר היום בנושא: ""כהונת שר ביטחון לאומי ברבע משרה בזמן גל טרור גואה""",2025-03-12 15:17:00
2cd1c18f-f9ba-4dfe-9e91-c6cb03b4f838,odata:vote:43305,plenum,,,,"הצעת חוק השתתפות המדינה בעלות שכר הלימוד במעון יום למשרתי מילואים, התשפ""ה-2024",2025-03-12 14:35:00
24fa3c31-997d-49c5-ad65-16823ae6acce,odata:vote:43303,plenum,,,,"הצעת חוק סדר הדין הפלילי (תיקון - הגבלת משך זמן החקירה המשטרתית וטיפול התביעה בתיק החקירה עד להגשת כתב אישום), התשפ""ה-2024",2025-03-12 13:51:00
fa0d9a84-e6db-4cf7-ad48-5d047437c527,odata:vote:43302,plenum,,,,"הצעת חוק בתי המשפט (תיקון - תקופת צינון למינוי שופט שכיהן כפרקליט), התשפ""ג- 2023",2025-03-12 13:29:00
4a8086d0-8772-4b70-8463-ecc2fb1e6f21,odata:vote:43301,plenum,,,,"הצעת חוק להנחלת מורשתו של הרבי מלובביץ' ושל שושלת תנועת חב""ד, התשפ""ה-2025",2025-03-12 13:02:00
24cb6334-b012-4de6-a20d-eb367ac480a9,odata:vote:43299,plenum,,,,"הצעת חוק משק החשמל (תיקון - טעינת רכב חשמלי באמצעות יישומון תשלום אחוד), התשפ""ה-2025",2025-03-12 12:36:00
9c8c93cc-87f6-4d4c-aa09-9df8e88d0029,odata:vote:43296,plenum,,,,"הצעת חוק הרשויות המקומיות (גמול השתתפות בישיבות והחזר הוצאות לחברי מועצה), התשפ""ג-2023",2025-03-12 12:17:00
1aca0325-27c2-4bb6-8786-ade9d7fbaf85,odata:vote:43297,plenum,,,,"הצעת חוק לתיקון פקודת העיריות (גמול השתתפות בישיבות והחזר הוצאות לחברי מועצה), התשפ""ג-2023",2025-03-12 12:16:00
8564f6ac-4bd4-4f05-b852-36b6bc615021,odata:vote:43295,plenum,,,,"הצעת חוק מיסוי מקרקעין (שבח ורכישה) (תיקון - שווי רכישה), התשפ""ה-2025",2025-03-12 11:50:00
47e24232-dcaf-44c0-8718-20240fe0f853,odata:vote:43294,plenum,,,,"הצעת חוק מיסוי מקרקעין (שבח ורכישה) (תיקון - שווי רכישה), התשפ""ה-2024",2025-03-12 11:49:00
162cee7c-82be-4448-86bb-db97b1557588,odata:vote:43293,plenum,,,,"הצעת חוק לתיקון פקודת המשטרה (תיעוד חזותי של השימוש באמצעים לפיזור הפגנות), התשפ""ד-2023",2025-03-12 11:40:00
70893aae-27cd-47b1-a366-47609d0e783f,odata:vote:43290,plenum,,,,"הצעת חוק לתיקון פקודת המשטרה (תיעוד חזותי של השימוש באמצעים לפיזור הפגנות), התשפ""ג-2023",2025-03-12 11:39:00
97df6028-9aa3-4ac0-a14b-e8416c1de3b1,odata:vote:43291,plenum,,,,"הצעת חוק לתיקון פקודת המשטרה (תיעוד חזותי של השימוש במכת""זית), התשפ""ג-2022",2025-03-12 11:38:00
9ccb2bba-a666-43b2-a831-d0ed7783e3db,odata:vote:43292,plenum,,,,"הצעת חוק לתיקון פקודת המשטרה (הסדרת הפעלת מכת""זית ותיעוד חזותי של ההפעלה), התשפ""ד-2024",2025-03-12 11:37:00
36d88084-1971-4aab-82a6-4a29b7cbe061,odata:vote:43289,plenum,,,,"הצעת חוק למניעת חרם חברתי בבתי ספר, התשפ""ד-2024",2025-03-12 11:15:00
6dd890b4-d711-4963-853f-b65e855cd62c,odata:vote:43285,plenum,,,,"הצעת חוק העונשין (תיקון - קביעת עונש מינימום לעבירות יידוי אבנים), התשפ""ג-2023",2025-03-12 10:50:00
8da5d772-fd40-43e7-889a-6e37e3c3a3be,odata:vote:43283,plenum,,,,"הצעת חוק בתי המשפט (תיקון - חובת ביקור שופט בבתי סוהר), התשפ""ג-2022",2025-03-12 10:37:00
7abefbdc-e250-47c0-9f78-4410a2afdd49,odata:vote:43277,plenum,,,,"הצעת חוק הקמת שדה תעופה בנבטים, התשפ""ה-2025",2025-03-11 17:28:00
96c4b5b7-ff05-45d4-aa97-1cb13e177c65,odata:vote:43278,plenum,,,,"הצעת חוק הקמת שדה תעופה בנבטים (הוראות מיוחדות), התשפ""ה–2025",2025-03-11 17:27:00
10ce6e54-bf3e-43f0-a6ff-bc765ddc867e,odata:vote:43276,plenum,,,,"הצעת חוק סדר הדין הפלילי (תיקון מס' 100) (שינוי תקופת תוקפו של סימן ב'1: היוועדות חזותית - הוראת שעה), התשפ""ה-2025",2025-03-11 16:22:00
91528ce1-27b4-4b01-a840-091f38dc70f5,odata:vote:43266,plenum,,,,"הצעת חוק כלי הירייה (תיקון מס' 25), התשפ""ה–2025",2025-03-10 21:08:00
72d39e9f-b719-44af-9db1-51ea265c3f02,odata:vote:43265,plenum,,,,"החלטת ועדת החוקה, חוק ומשפט בדבר פיצול הצעת חוק חדלות פירעון ושיקום כלכלי (תיקון מס' 9) (צו עיכוב הליכים זמני בהליך לאישור הסדר חוב), התשפ""ה-2024",2025-03-10 21:03:00
8e496ab2-8d42-4a29-a95a-c78171d3210c,odata:vote:43264,plenum,,,,"הצעת חוק נוכחות עורך דין בחקירת אוכלוסיות שונות (תיקוני חקיקה) (הוראת שעה), התשפ""ה-2025",2025-03-10 20:09:00
6b7e1826-1934-4625-b2e3-be4402e89117,odata:vote:43262,plenum,,,,"הצעה להביע אי אמון בממשלה מטעם סיעות ישראל ביתנו, המחנה הממלכתי והעבודה בנושא: ""ממשלה שמקדמת חוקי השתמטות בזמן מלחמה, היא ממשלה לא לגיטימית""",2025-03-10 15:17:00
d2510c68-e3a5-43ba-b615-fe63b19ff3a2,odata:vote:43261,plenum,,,,"הצעה להביע אי אמון מטעם סיעות חד""ש-תע""ל ורע""מ בנושא ""הפשיעה המאורגנת בחברה הערבית משתוללת והממשלה מפקירה את חיי האזרחים""",2025-03-10 15:17:00
cea0cf03-2557-464a-a045-a83495e9835d,odata:vote:43263,plenum,,,,"הצעה להביע אי אמון מטעם סיעת יש עתיד בנושא: ""ממשלה שפוגעת בנשות ישראל""",2025-03-10 15:16:00
50fc562c-cc14-4ca1-8b9c-2ae1aae9c595,odata:vote:43270,plenum,,,,"בקשת הממשלה להאריך בצו את תוקפו של חוק האזרחות והכניסה לישראל (הוראת שעה), התשפ""ב-2022",2025-03-09 22:00:00
3b90a104-e24f-4cb0-b1f6-43bb98c227e2,odata:vote:43253,plenum,,,,המלצת ועדת הכנסת לבחירת סגן ליושב ראש הכנסת,2025-03-05 16:34:00
45d94b45-fd53-4291-a4a4-f09a294634f0,odata:vote:43254,plenum,,,,"החלטת הוועדה לביטחון לאומי בדבר פיצול הצעת חוק לייעול האכיפה והפיקוח העירוניים ברשויות המקומיות (הוראת שעה) (תיקון מס' 14), התשפ""ה-2024",2025-03-05 16:31:00
74206198-1b84-4a6c-838b-6707dbfb83f7,odata:vote:43252,plenum,,,,"הצעה דחופה לסדר היום בנושא: ""החרמת תפילין מתלמיד בבית הספר - פגיעה חמורה בזהות היהודית""",2025-03-05 16:20:00
66cd40b6-b62b-44c8-b5b0-d372e455752e,odata:vote:43251,plenum,,,,"הצעה דחופה לסדר היום בנושא: ""הקמת ועדת הייעול הממשלתית הישראלית""",2025-03-05 15:55:00
a0154405-a770-49d3-bf55-13f5c66ac5a8,odata:vote:43250,plenum,,,,"הצעה דחופה לסדר היום בנושא: ""המשך תכנית הסיוע לערים המעורבות בשנת התקציב 2025""",2025-03-05 15:21:00
d7d3b272-06e0-4821-b2ef-3fada5cc891c,odata:vote:43249,plenum,,,,"הצעה רגילה לסדר היום בנושא: ""למרות החלטת בנק ישראל להשאיר את הריבית ללא שינוי, בנקים הורידו את הריבית המוצעת ללקוחות על הפיקדונות""",2025-03-05 15:06:00
596c9e22-7ff0-4416-8179-a7b5402a3fd8,odata:vote:43247,plenum,,,,"הצעת חוק הביטוח הלאומי (תיקון מס' 255), התשפ""ה–2025",2025-03-05 14:00:00
93df944b-f527-421b-97da-2681e313c9a2,odata:vote:43245,plenum,,,,"הצעת חוק זכויות הסטודנט (תיקון מס' 10) (איסור הסתה לטרור ופעילות בלתי חוקית במסגרת פעילות ציבורית מאורגנת של סטודנטים), התשפ""ה–2025",2025-03-05 13:53:00
1d1d6a9a-f487-4407-9de6-7ec4e0b5c550,odata:vote:43244,plenum,,,,"הצעת חוק הכניסה לישראל (תיקון מס' 42) (הרחקתם מישראל של מסתננים התומכים בממשל מדינתם), התשפ""ה–2025",2025-03-05 13:17:00
6f7e9ed8-3bfb-481b-85ea-41f099d348a7,odata:vote:43243,plenum,,,,"הצעת חוק זכויות החולה (תיקון - טיפול בזמן סביר), התשפ""ג-2023",2025-03-05 11:45:00
3d582d46-4b95-494f-ae42-d2a924734b36,odata:vote:43241,plenum,,,,"הצעת חוק הסדרת השימוש בקנאביס למטרות רפואיות, התשפ""ג-2022",2025-03-05 11:22:00
48bfdaf3-1330-414b-b329-95fa4ab6a703,odata:vote:43240,plenum,,,,"הצעת חוק לתיקון פקודת התעבורה (נסיעת אמבולנס בנתיב תחבורה ציבורית), התשפ""ה- 2024",2025-03-05 10:24:00
80a2bca7-00bb-456a-9464-2094857fbcee,odata:vote:43237,plenum,,,,"הצעת חוק הבנקאות (שירות ללקוח) (תיקון מס' 38) (הפקדת כספים במערכת סגורה – ניוד פיקדונות), התשפ""ה–2025",2025-03-04 15:56:00
b3516d4b-bf2f-4848-8eec-7de0214672a4,odata:vote:43236,plenum,,,,"הצעת חוק הכשרות המשפטית והאפוטרופסות (תיקון מס' 22) (שלילת האפוטרופסות מהורה בשל עבירת חבלה בכוונה מחמירה כלפי בן משפחה), התשפ""ה–2025",2025-03-04 15:36:00
8da1b28d-1ad6-4daf-bc89-99d81feb94a9,odata:vote:43232,plenum,,,,"הצעת חוק נציב תלונות הציבור על שופטים (תיקון מס' 6), התשפ""ה–2025",2025-03-04 03:30:00
97f03364-3eb8-4671-949b-5179618f90e6,odata:vote:43239,plenum,,,,"""הקמת ועדת חקירה ממלכתית למחדל השבעה באוקטובר"" - דיון בהשתתפות ראש הממשלה על פי בקשתם של 40 חברי כנסת",2025-03-02 22:00:00
f718714b-2507-4554-b59d-7f7c2ff055e9,odata:vote:43167,plenum,,,,"צו הכללת אמצעי זיהוי ביומטריים ונתוני זיהוי ביומטריים במסמכי זיהוי ובמאגר מידע (תיקון והוראת שעה) (הארכת תקופת הוראה שעה), התשפ""ה-2025",2025-02-26 12:01:00
fd4f4e41-36f9-4d42-9092-6330e56f2824,odata:vote:43166,plenum,,,,הצעת ועדת הכנסת בעניין הקמת הוועדה המיוחדת לפיקוח על תהליכי הסרת חסמים,2025-02-26 11:53:00
c1b0736f-6755-4697-91f8-afe3c96f0b38,odata:vote:43165,plenum,,,,"הצעה דחופה לסדר היום בנושא: ""תיקון המדיניות המוטעית של צה״ל בכל הנוגע לאוכלוסיה הערבית ביהודה ושומרון""",2025-02-26 11:24:00
feecf2a5-8c14-4a53-8ddc-99820f2f9628,odata:vote:43164,plenum,,,,"הצעה רגילה לסדר היום בנושא: ""חילוץ ילדי כת 'לב טהור' מגואטמלה""",2025-02-26 11:16:00
42503e9b-4654-4f47-a36e-f8a5c143d055,odata:vote:43163,plenum,,,,"הצעה רגילה לסדר היום בנושא: ""הכרזת סכסוך עובדה ע""י ארגון המורים""",2025-02-26 10:51:00
763ccf8f-e3a5-468d-a2a4-9be8c0ec9451,odata:vote:43162,plenum,,,,"הצעה רגילה לסדר היום בנושא: ""להשיב את אבני הכותל הקדושות למקומן לאלתר""",2025-02-26 10:42:00
91039e30-be95-4f27-ab82-f418bc9cc481,odata:vote:43161,plenum,,,,"הצעה רגילה לסדר היום בנושא: ""שלילת זכויות פיננסיות ממפוני הצפון""",2025-02-26 10:31:00
7bc7beb1-5339-44c7-b6a3-aa10faa9ae6c,odata:vote:43160,plenum,,,,"הצעה רגילה לסדר היום בנושא: ""אי טיפול ממשלת ישראל בתאונות הדרכים למרות הנתונים הקטלניים של ינואר 2025""",2025-02-26 10:18:00
7cefbdfe-9081-4cf5-974c-65df21f4cbb7,odata:vote:43159,plenum,,,,"הצעה רגילה לסדר היום בנושא: ""הצורך בהקמת ועדת חקירה פרלמנטרית לעניין בדיקת קיומם של שיקולים פוליטיים בקבלה או דחיה של הסכם לשחרור החטופים""",2025-02-26 09:58:00
b7e54f85-12bf-41fa-bb2b-f408318ddbc3,odata:vote:43158,plenum,,,,"הצעת חוק גירוש מסתננים תומכי המשטר במדינת אריתריאה ומסתננים שביצעו עבירות במדינת ישראל, התשפ""ה-2025",2025-02-26 09:35:00
012d9a3f-eda4-47d4-aab2-41882803c357,odata:vote:43157,plenum,,,,"הצעת חוק גירוש מסתננים תומכי המשטר במדינת אריתריאה ומסתננים שביצעו עבירות במדינת ישראל, התשפ""ה-2024",2025-02-26 09:34:00
0b4dbfb9-4f59-4e95-b550-f03cf0e1d806,odata:vote:43144,plenum,,,,"הצעת חוק יום לציון מכתב 18 המשפחות היהודיות מגאורגיה, התשפ""ה–2025",2025-02-25 14:52:00
e6f2921c-0a4c-474f-9347-98d56b9900da,odata:vote:43143,plenum,,,,"החלטת ועדת החינוך, התרבות והספורט בדבר פיצול הצעת חוק תגמול למשרתים בשירות צבאי או אזרחי באקדמיה, התשפ""ה-2024",2025-02-25 14:47:00
df5967a9-10f2-4bd2-a2c3-061e045e8af6,odata:vote:43142,plenum,,,,סיכומיה והצעותיה של הוועדה לענייני ביקורת המדינה בכנס הקיץ של המושב השני של הכנסת העשרים וחמש,2025-02-25 14:44:00
74071301-97f7-4b99-9d31-4a97b368516b,odata:vote:43139,plenum,,,,"הצעת חוק איסור הפליה ברישוי מחמת מצב בריאותי (תיקוני חקיקה), התשפ""ה-2024",2025-02-25 14:21:00
89c303c6-9018-402b-bbcb-d8416dbd043c,odata:vote:43129,plenum,,,,"הצעת חוק הביטוח הלאומי (תיקון מס' 252) (מענק לימודים), התשפ""ה-2024",2025-02-24 19:44:00
903a7328-68ad-44a3-bc0d-58d6fefbc158,odata:vote:43128,plenum,,,,"הצעת חוק לתיקון דיני הקניין הרוחני (מועד ערעור על החלטות הרשם), התשפ""ה-2024",2025-02-24 19:37:00
c820834b-f66f-45d1-bb2e-02cf0d298b4e,odata:vote:43127,plenum,,,,"הצעת חוק השיפוט הצבאי (תיקון מס' 82) (הארכת משך תחולת החוק לגבי עבירות מין), התשפ""ה-2025",2025-02-24 19:34:00
d5270efc-8059-49a8-b067-fdcbe101894d,odata:vote:43126,plenum,,,,"החלטת ועדת החינוך, התרבות והספורט בדבר פיצול הצעת חוק זכויות הסטודנט (תיקון – הרחקת סטודנטים תומכי טרור ממוסד לימור ופירוק תאים תומכי טרור), התשפ""ג-2023",2025-02-24 19:19:00
92fa7fee-f286-4f20-b55d-2bf4dacee270,odata:vote:43123,plenum,,,,"הצעה להביע אי אמון מטעם סיעות העבודה, ישראל ביתנו והמחנה הממלכתי בנושא: ""ממשלה ללא אמון ציבורי""",2025-02-24 15:46:00
2e1d3377-d9bd-4cbd-a532-2f5f6b89cc9d,odata:vote:43122,plenum,,,,"הצעה להביע אי אמון בממשלה מטעם סיעות רע""מ וחד""ש-תע""ל בנושא: ""כישלון הממשלה בטיפול בחברה הערבית בדואית בנגב""",2025-02-24 15:46:00
497cdaf4-687d-4b34-a8d6-7deb6880886a,odata:vote:43110,plenum,,,,"הצעת חוק הכניסה לישראל (תיקון מס' 40), התשפ""ה–2025",2025-02-19 15:39:00
782d8d49-2eb4-4403-86f4-44a61c6b6754,odata:vote:43108,plenum,,,,"הצעה דחופה לסדר היום בנושא: ""התמודדות מערכת הביטחון עם שחרור מחבלים לתוך שטח מדינת ישראל""",2025-02-19 15:23:00
efbf8c96-1e64-433e-839c-ad70648e040d,odata:vote:43107,plenum,,,,"הצעה דחופה לסדר היום בנושא: ""הצורך בהערכות למניעת אסונות לקראת גל הקור שבפתח""",2025-02-19 15:06:00
061cc00f-8aa9-47cb-ba82-869b6f0e9f23,odata:vote:43106,plenum,,,,"הצעה רגילה לסדר היום בנושא: ""זעקתו של ""אבא של איציק"" בשם רבבות אוטיסטים ובני משפחותיהם""",2025-02-19 14:28:00
697f07bb-0eda-4df5-b478-05838d4f7d9d,odata:vote:43104,plenum,,,,"הצעה רגילה לסדר היום בנושא: ""קשרי יועצים בכירים עם גורמים עוינים והשלכותיהם על ביטחון המדינה""",2025-02-19 14:07:00
0cd71676-3f36-4ff0-ad8e-4df843c8b4b5,odata:vote:43103,plenum,,,,"הצעת חוק לא תעמוד על דם רעך (תיקון - חובה לפעול להחזרת החטופים), התשפ""ה-2024",2025-02-19 13:22:00
d6d65c79-2593-4ebb-b76c-e1d8c0122830,odata:vote:43102,plenum,,,,"הצעת חוק ביטוח בריאות ממלכתי (תיקון - החזר דמי נסיעה באמבולנס למי שהגיע לגיל פרישה), התשפ""ג-2023",2025-02-19 13:01:00
e34428b7-26e7-4acb-87d5-5495f75fad30,odata:vote:43101,plenum,,,,"הצעת חוק לתיקון פקודת הנמלים (פרק הזמן המרבי למתן שירות מקדים לפריקת מטען מאוניות), התשפ""ג-2023",2025-02-19 12:32:00
b6761835-8ee1-4b20-b1ba-840c99a2e847,odata:vote:43098,plenum,,,,"הצעת חוק הבנקאות (שירות ללקוח) (תיקון - ריבית על יתרת זכות), התשפ""ג-2023",2025-02-19 12:14:00
78feb404-b47e-4dc1-a333-6addc73783a5,odata:vote:43097,plenum,,,,"הצעת חוק יישום הסכם הביניים בדבר הגדה המערבית ורצועת עזה (הגבלת פעילות) (תיקון - איסור פעילות הרשות הפלסטינית בתחומי מדינת ישראל, אכיפה ועונשין), התשפ""ה-2024",2025-02-19 11:57:00
c911a97e-f388-41af-af19-c30e2e7ba8d7,odata:vote:43096,plenum,,,,"הצעת חוק להגנה על אנשי ציבור ישראלים מפני פעילות של בית הדין הפלילי הבין-לאומי בהאג כנגד מדינת ישראל, התשפ""ד-2024",2025-02-19 11:41:00
add6c961-bb3f-4f2c-bcc1-7d7d3ff39407,odata:vote:43095,plenum,,,,"הצעת חוק המאבק בטרור (תיקון - החמרה בענישה בשל עבירה שהיא מעשה טרור), התשפ""ד-2024",2025-02-19 11:25:00
e00c085e-060d-4049-96da-7e210fad7e50,odata:vote:43093,plenum,,,,"הצעת חוק העמותות (תיקון - תרומה מישות מדינית זרה), התשפ""ה-2024",2025-02-19 11:06:00
e39c9920-fe73-4ba9-bc42-f87bea2de0df,odata:vote:43092,plenum,,,,"הצעת חוק מיסוי מקרקעין (שבח ורכישה) (תיקון - ייצוג נישום על ידי רואה חשבון ויועץ מס מייצג), התשפ""ה-2024",2025-02-19 10:45:00
552597b3-ed26-45ed-9b40-704e00bfc675,odata:vote:43091,plenum,,,,"הצעת חוק משפחות חיילים שנספו במערכה (תגמולים ושיקום) (תיקון - עדכון הסיוע וההטבות לאלמנה), התשפ""ה-2025",2025-02-19 10:39:00
7e310133-279d-49d9-96a9-00a050f6a7f6,odata:vote:43090,plenum,,,,"הצעת חוק איסור פרסומת והגבלת השיווק של מוצרי טבק ועישון (תיקון - איסור על ייצור ושיווק של חומר מילוי בטעם או בריח מובחן), התשפ""ה-2024",2025-02-19 10:32:00
80d9ccd8-1169-48e6-89a6-1522c666b744,odata:vote:43089,plenum,,,,"הצעת חוק כלי הירייה (תיקון - הודעה בגין חשש לחיי אדם מצד המגיש בקשה להחזיק בכלי ירייה), התשפ""ה-2024",2025-02-19 10:21:00
708ac856-51e5-4101-a6e0-1e6a649c519b,odata:vote:43087,plenum,,,,"הצעת חוק שירות אזרחי (תיקון - הארכת גיל הזכאות של נכה נפש לשרת במסגרת שירות לאומי או התנדבות קהילתית), התשפ""ג-2022",2025-02-19 10:03:00
048d74fa-fc35-4cbd-96af-d946bd3a317e,odata:vote:43084,plenum,,,,"הצעת חוק לייעול האכיפה והפיקוח העירוניים ברשויות המקומיות (הוראת שעה) (תיקון מס' 15), התשפ""ה–2025",2025-02-18 16:31:00
6431afd1-6db0-452a-9687-639c13b5e528,odata:vote:43083,plenum,,,,"הצעת חוק גיל פרישה (הורה שילדו נפטר) (הוראת שעה) (תיקון מס' 3) (הפיכה להוראת קבע), התשפ""ה–2025",2025-02-18 16:25:00
69c652ab-c9d1-400a-a6f2-4ac8b0cfa631,odata:vote:43081,plenum,,,,"הצעת חוק הגנת השכר (תיקון - איסור ניכוי חוב או קנס), התשפ""ג-2023",2025-02-18 16:06:00
85912f52-ddb7-4f64-8f95-278eba3c5b4f,odata:vote:43082,plenum,,,,"הצעת חוק הגנת השכר (תיקון מס' 32) (הגברת האכיפה – ניכויים משכר עבודה), התשפ""ה–2025",2025-02-18 16:05:00
50900732-1824-4fc6-ae38-4c4bcc49e4a1,odata:vote:43080,plenum,,,,"הצעת חוק הנוטריונים (תיקון מס' 11) (התליית רישיון מרצון), התשפ""ה-2025",2025-02-18 15:55:00
dc1375c5-5725-4e03-a4a2-657610b5a1a5,odata:vote:43077,plenum,,,,"הצעת חוק להסדרה של הצבת כוורות, האבקה וייצור דבש, התשפ""ה–2025",2025-02-17 19:40:00
aab4f7cb-e209-4d33-979b-a1e514eca46b,odata:vote:43067,plenum,,,,"הצעת חוק הביטוח הלאומי (תיקון מס' 258) (שלילת גמלאות בגלל הרשעה בעבירות טרור), התשפ""ה–2025",2025-02-17 18:44:00
04eee9fc-5e6b-4742-aaf7-9997a3fee55d,odata:vote:43063,plenum,,,,"הצעה להביע אי אמון בממשלה מטעם סיעות חד""ש-תע""ל ורע""מ בנושא ""תמיכת הממשלה והקואליציה בהצהרות טראמפ הובילה לסיכול עסקת החטופים והסכם הפסקת האש""",2025-02-17 15:41:00
323323b7-c028-48c2-a2e6-d5ffbd87e927,odata:vote:43052,plenum,,,,"הצעה דחופה לסדר היום בנושא: ""התמודדות מערכת החינוך עם תופעת החרם והשיימינג בקרב תלמידים""",2025-02-12 13:55:00
dbe76ba8-3bfa-481c-82a4-5a944fb89d99,odata:vote:43051,plenum,,,,"הצעה רגילה לסדר היום בנושא: ""קול מחאה ודרישה לפעילות נחושה: בתי כנסת בישראל נפרצים ונבזזים, ספרי תורה מחוללים""",2025-02-12 13:32:00
545a8eb3-beed-49f3-9c45-8ad6f645bfba,odata:vote:43050,plenum,,,,"הצעה רגילה לסדר היום בנושא: ""אישור הכנסת את עסקת החטופים עד החטוף האחרון""",2025-02-12 12:43:00
48851a25-0191-49e9-b73d-a06e2c52f972,odata:vote:43048,plenum,,,,"הצעת חוק חסינות חברי הכנסת, זכויותיהם וחובותיהם (תיקון - כינוס ועדת האתיקה וסמכויותיה בקשר למסירת מידע לכנסת על ידי שרים), התשפ""ה-2024",2025-02-12 11:49:00
a250612e-193a-4969-89d9-d19032188224,odata:vote:43047,plenum,,,,"הצעת חוק גירוש מיידי של מסתננים התומכים במשטר מדינתם, התשפ""ה-2024",2025-02-12 10:49:00
ee4795dd-c461-4b1b-b189-c494109b4ba1,odata:vote:43038,plenum,,,,"הצעת חוק בתי דין רבניים (הקדשות רבניים), התשפ""ד-2024",2025-02-12 10:29:00
5b4688c8-2f3e-4d72-97d1-0d47c943f1c2,odata:vote:43036,plenum,,,,"הצעת חוק העונשין (תיקון - שימוש במשבש תדרים), התשפ""ד-2024",2025-02-12 10:08:00
5a46626b-c64c-417f-93c1-1cca0c5209fc,odata:vote:43037,plenum,,,,"הצעת חוק העונשין (תיקון - שימוש במשבש תדרים), התשפ""ה-2024",2025-02-12 10:06:00
b9225c55-91cd-4399-a1af-0d9e8a501b8a,odata:vote:43035,plenum,,,,"הצעת חוק לתיקון מונחים בחקיקה (יהודה והשומרון), התשפ""ה-2024",2025-02-12 09:54:00
e277f39a-cc09-4b56-959e-89df7e0e7706,odata:vote:43034,plenum,,,,"הצעת חוק הכרה בתרומתם של כלבים בשירות ביטחון, התשפ""ד-2024",2025-02-12 09:33:00
c811f64b-78ba-4bf6-a6e2-7d307a1032ed,odata:vote:43033,plenum,,,,"הצעת חוק הסדרים במשק המדינה (תיקוני חקיקה להשגת יעדי התקציב) (תיקון - הנחה בארנונה בעד בן משפחה נכה), התשפ""ג-2022",2025-02-12 09:26:00
bdb97762-5d65-4021-a320-78c1093011f4,odata:vote:43056,plenum,,,,"הצעת חוק התכנון והבנייה (תיקון - הקמת ועדה מיוחדת לקידום והסדרת התכנון ביישובים הדרוזים) (הוראת שעה), התשפ""ג-2023",2025-02-11 22:00:00
e0d86099-7900-40ad-a0b6-f083b6bfe564,odata:vote:43055,plenum,,,,"הצעת חוק אזור סחר חופשי באילת (פטורים והנחות ממסים) (תיקון - אזור קו עימות) (הוראת שעה - חרבות ברזל), התשפ""ה-2024",2025-02-11 22:00:00
5ef2c5ab-6f74-46ff-8dfe-70e8eb327dcc,odata:vote:43031,plenum,,,,"הצעת חוק העונשין (תיקון מס' 155) (איחוד עבירת האינוס ועבירת מעשה סדום), התשפ""ה–2025",2025-02-11 15:30:00
b6e62c94-00b5-4625-b5ed-84e15398d9b6,odata:vote:43030,plenum,,,,"הצעת חוק הביטוח הלאומי (תיקון מס' 257) (חישוב תגמול מילואים למשוחרר משירות קבע), התשפ""ה–2025",2025-02-11 15:16:00
9a365403-9313-4cfd-879f-479c8bdb3b6a,odata:vote:43029,plenum,,,,"הצעת חוק להנצחת זכרו של מנחם בגין (תיקון מס' 4) (יום להנצחת זכרו), התשפ""ה–2025",2025-02-11 15:08:00
8c9f6786-5f6f-4151-a1d3-750fb46e90aa,odata:vote:43017,plenum,,,,"הצעת חוק שירותי תעופה (פיצוי וסיוע בשל ביטול טיסה או שינוי בתנאיה) (תיקון מס' 2 והוראת שעה – חרבות ברזל), התשפ""ה–2025",2025-02-10 18:58:00
01cb3a4b-fcce-40e6-9694-6494373b25c6,odata:vote:43014,plenum,,,,"הצעת חוק לתיקון פקודת סימני מסחר (מס' 9), התשפ""ה–2025",2025-02-10 18:41:00
f91b2d6a-6ea1-4467-a755-dc5c11940845,odata:vote:43013,plenum,,,,"הצעת חוק התכנון והבנייה (תיקון מס' 161), התשפ""ה-2025",2025-02-10 18:00:00
21916f77-a3ad-4a56-a1d4-5d32ee2988e6,odata:vote:43010,plenum,,,,"הצעה להביע אי אמון בממשלה מטעם סיעות רע""מ וחד""ש-תע""ל בנושא: ""עליית הפשיעה והאלימות בחברה הערבית – כישלון ממשלתי חמור ומתמשך""",2025-02-10 15:49:00
c96ebf49-97ca-4051-aae5-f6fd54d7454d,odata:vote:42990,plenum,,,,"הצעת חוק הגנה על עובדים בשעת חירום (תיקון מס' 5 והוראת שעה – חרבות ברזל) (תיקון מס' 3), התשפ""ה–2025",2025-02-05 14:24:00
ff6abf02-bc35-4130-a84d-1a84bae3f0a8,odata:vote:42986,plenum,,,,"הצעת חוק לתיקון ולהארכת תוקפן של תקנות שעת חירום (חרבות ברזל) (הארכת מעצר לחשוד בעבירת ביטחון) (תיקון מס' 5), התשפ""ה-2025",2025-02-05 14:19:00
f60b038d-e745-46f2-a6e1-20e74eb7d1f6,odata:vote:42987,plenum,,,,"הצעת חוק לתיקון ולהארכת תוקפן של תקנות שעת חירום (חרבות ברזל) (פגישה עם עורך דין של עצור בעבירת ביטחון) (תיקון מס' 5), התשפ""ה-2025",2025-02-05 14:17:00
5bfbf193-3ad8-46ed-9d59-bd94b80516a1,odata:vote:42984,plenum,,,,"הצעה דחופה לסדר היום בנושא: ""הצורך בתיעדוף אכיפה כנגד הקמת תשתיות בלתי חוקיות ביהודה ושומרון""",2025-02-05 14:14:00
64343efe-5d9d-41b7-99b9-a1cddd6c109b,odata:vote:42983,plenum,,,,"הצעה דחופה לסדר היום בנושא: ""חשיפת מקרי הטרדה ותקיפה של חיילות צה""ל במתקן הכליאה בשדה תימן""",2025-02-05 14:03:00
b2b40f36-4f33-46e6-950b-98284d461079,odata:vote:42982,plenum,,,,"הצעה דחופה לסדר היום בנושא: ""הקלת הנגישות לקנאביס רפואי עבור נפגעי טראומה וחולים כרוניים בעקבות השבעה באוקטובר""",2025-02-05 13:40:00
fa6d1c38-eb14-48a7-a1e6-13248918f694,odata:vote:42981,plenum,,,,"הצעה דחופה לסדר היום בנושא: ""עיכוב בפרסום דו""ח חמור על תמותה ממזהמים על ידי המשרד להגנת הסביבה""",2025-02-05 13:21:00
2c2abb84-200d-49c0-b78d-25f41b869f11,odata:vote:42980,plenum,,,,"הצעה דחופה לסדר היום בנושא: ""הנוסע הישראלי מבזבז כתשע שעות בממוצע בחודש על המתנה לאוטובוס""",2025-02-05 13:02:00
1981b39e-83e0-42fc-a455-3d9f501865a2,odata:vote:42979,plenum,,,,"הצעת חוק החברות (תיקון - פרסום דוחות כספיים של מונופול), התשפ""ד-2024",2025-02-05 12:38:00
b5c8f5b8-2107-4f04-b88a-f6e5ee8a7a92,odata:vote:42978,plenum,,,,"הצעת חוק נכי רדיפות הנאצים (תיקון - השוואת זכאות לשורדים שעלו אחרי 1 באוקטובר 1953), התשפ""ד-2024",2025-02-05 12:34:00
1a8d8ef2-8db0-480d-bd98-fc450f90d63e,odata:vote:42977,plenum,,,,"הצעת חוק העונשין (תיקון - החמרת ענישה בעבירות החזקת נשק שלא כדין), התשפ""ג-2023",2025-02-05 12:08:00
3997d570-ab51-4d29-a637-cee82e197c6e,odata:vote:42976,plenum,,,,"הצעת חוק המרכז לגביית קנסות, אגרות והוצאות (תיקון - חובת איתור חייבים), התשפ""ה-2024",2025-02-05 11:37:00
ff9f4369-cdff-4992-9921-9d781ae7738d,odata:vote:42973,plenum,,,,"הצעת חוק המרכז להנצחת זכרו של דוד לוי, התשפ""ד-2024",2025-02-05 10:41:00
0f25b8be-535f-4779-bba3-f490599022c8,odata:vote:42972,plenum,,,,"הצעת חוק כלי הירייה (תיקון - הפיכת ברירת המחדל של נשיאת נשק המשמש לשירותי שמירה בידי מאבטחים בכל הארץ), התשפ""ה-2024",2025-02-05 10:24:00
b9c8d7f3-4bd7-43f0-bbdd-aac3915ea635,odata:vote:42971,plenum,,,,"הצעת חוק המועצה לענף הלול (ייצור ושיווק) (תיקון מס' 18 והוראת שעה) (תיקון - דחיית ביטול התכנון בענף ההטלה), התשפ""ה-2025",2025-02-05 10:05:00
ce058ba3-80c1-4b74-ac83-d0de8603f187,odata:vote:42970,plenum,,,,"הצעת חוק לתיקון פקודת הסטטיסטיקה (הפניה לאפיון הרשויות המקומיות), התשפ""ה-2024",2025-02-05 09:45:00
43f1ee27-e120-483e-9fbf-d3ad2038e6b6,odata:vote:42969,plenum,,,,"הצעת חוק שירות התעסוקה (תיקון - הגברת התחרות בסיעוד הביתי), התשפ""ג-2023",2025-02-05 09:30:00
06925d3f-4ff9-4957-bf5f-8d3487ccffb8,odata:vote:42966,plenum,,,,"העברת הצעת חוק העונשין (תיקון – הגנה על חושפי שחיתויות ומתריעים בנסיבות ביטחוניות), התשפ""ה-2024 (פ/5089/25), של חבר הכנסת שמחה רוטמן וקבוצת חברי כנסת מהוועדה שבראשותו לוועדת החוץ והביטחון",2025-02-04 15:43:00
d97c7abb-2405-4b61-b24b-d4c66391aeb5,odata:vote:42964,plenum,,,,"הצעת חוק יום לציון עליית יהודי תימן לישראל ולהנצחת זכרם של הנספים בדרך לישראל, התשפ""ה–2025",2025-02-04 15:30:00
5a7b3ff5-f31e-46ed-8d02-463361a0c982,odata:vote:42963,plenum,,,,"הצעת חוק איסור לכידת בעלי חיים באמצעות מלכודות אסורות, התשפ""ה-2025",2025-02-04 15:25:00
acff5755-037c-4760-a140-19d30921899d,odata:vote:42962,plenum,,,,"הצעת חוק הצבת מכשירי החייאה במקומות ציבוריים (תיקון מס' 3) (הצבה ברכבת ארצית), התשפ""ה–2025",2025-02-04 15:12:00
f186b37f-b462-4959-aa73-a18c97abc050,odata:vote:42961,plenum,,,,"הצעת חוק הביטוח הלאומי (תיקון מס' 254) (מועד תשלום דמי לידה), התשפ""ה-2024",2025-02-04 14:58:00
bb5d3caf-0912-43c2-816f-3e538a8b5bf3,odata:vote:42952,plenum,,,,"הצעת חוק כלי הירייה (תיקון מס' 25) (רישיון לחייל שסיים את שירותו מסיבות בריאותיות), התשפ""ה–2025",2025-02-03 19:15:00
1fbb36dc-f34c-46f2-9334-6cb67d6a32ca,odata:vote:42949,plenum,,,,"הצעת חוק איסור שהייה וישיבה בישראל שלא כדין (תיקוני חקיקה), התשפ""ה–2025",2025-02-03 18:10:00
cb478236-1099-4502-b378-3aecf57922bd,odata:vote:42927,plenum,,,,"הצעת חוק רישוי עסקים (תיקון מס' 39) התשפ""ה–2025",2025-01-29 18:23:00
5acf98f9-3bff-45ee-a13b-4f6e399353bd,odata:vote:42925,plenum,,,,"הצעה דחופה לסדר היום בנושא: ""תהלוכות תמיכה במחבלים משוחררים וערעור המשילות במזרח ירושלים""",2025-01-29 18:12:00
ba1d1ff3-1e11-414b-91d0-90c4fee73191,odata:vote:42924,plenum,,,,"הצעה דחופה לסדר היום בנושא: ""נהלי בדיקה בטחונית של תיירים מחו""ל""",2025-01-29 18:04:00
e6425154-bf0d-4d13-9da5-fa5434863c05,odata:vote:42923,plenum,,,,"הצעה דחופה לסדר היום בנושא: ""פרשיית המרגל שפגע בבטחון המדינה ב-7 באוקטובר""",2025-01-29 17:36:00
7181a56d-54d7-465e-a0a1-659c7d61a757,odata:vote:42918,plenum,,,,"הצעה לסדר היום בנושא: ""החטופות והחטופים""",2025-01-29 17:22:00
1396b7e6-29f5-4a43-a312-ed1e7c500851,odata:vote:42915,plenum,,,,"הצעת חוק תמיכה בביטחון תזונתי אצל תינוקות, התשפ""ג-2022",2025-01-29 14:23:00
4269254a-c63c-46c0-8f4b-84e0a18f35e1,odata:vote:42916,plenum,,,,"הצעת חוק תמיכה בביטחון תזונתי אצל תינוקות, התשפ""ה-2024",2025-01-29 14:22:00
ef7b54cf-2b5d-451c-be05-1118b18aa07f,odata:vote:42912,plenum,,,,"הצעת חוק שירותי רווחה (זכויות נשים ששהו במקלט לנשים מוכות) (תיקון - זכות למגורים בדיור ציבורי), התשפ""ג-2023",2025-01-29 13:49:00
fce6abc7-6699-425b-9869-20cee0315157,odata:vote:42914,plenum,,,,"הצעת חוק הסיוע המשפטי (תיקון - העמדת סיוע לנפגע פעולות איבה), התשפ""ה-2024",2025-01-29 13:45:00
e01e18c3-b3a2-4c9b-a1bb-a5d6d9fb276b,odata:vote:42911,plenum,,,,"הצעת חוק הביטוח הלאומי (תיקון - שיפוי המעסיק על הפרשות פנסיוניות בעד עובדו המשרת במילואים בנסיבות חירום) (הוראת שעה - חרבות ברזל), התשפ""ד- 2024",2025-01-29 13:22:00
3aae2f30-d143-4001-ac43-48308d5512fc,odata:vote:42910,plenum,,,,"הצעת חוק השידור הציבורי הישראלי (תיקון - דרך מינוי מועצת תאגיד השידור הישראלי), התשפ""ה-2025",2025-01-29 12:39:00
1fe19bef-23a6-46b5-85c0-dd7107ac40b6,odata:vote:42909,plenum,,,,"הצעת חוק לביטול ההפליה ברכישת מקרקעין ביהודה והשומרון, התשפ""ג-2023",2025-01-29 12:11:00
06ca8f89-1627-443c-b846-0670d961041e,odata:vote:42908,plenum,,,,"הצעת חוק לביטול הפליה ברכישת מקרקעין ביהודה והשומרון, התשפ""ה-2024",2025-01-29 12:11:00
642bb656-73b6-4f91-ac7f-f948fd869872,odata:vote:42933,plenum,,,,"הצעת חוק אומנה לילדים (תיקון - הזכות לחינוך לילדים בהשמה חוץ-ביתית), התשפ""ד-2024",2025-01-28 22:00:00
17637122-5fd6-48bf-b53e-18e06bf48b9d,odata:vote:42928,plenum,,,,"הצעת חוק לתיקון פקודת המכס (איסור השמדת טובין חבי מכס), התשפ""ג-2023",2025-01-28 22:00:00
d7456cd0-932b-48e9-95aa-06370ff73db6,odata:vote:42932,plenum,,,,"הצעת חוק יום ציון ממלכתי לוועידת סן רמו, התשפ''ג-2023",2025-01-28 22:00:00
4d681a68-6dc9-470c-a2ed-54b4727c0d6d,odata:vote:42930,plenum,,,,"הצעת חוק לתיקון פקודת המכס (איסור השמדת טובין חבי מכס), התשפ""ג-2022",2025-01-28 22:00:00
7cac7168-7d4e-4afb-8296-fded40a5f664,odata:vote:42903,plenum,,,,"הצעת חוק משפחות חיילים שנספו במערכה (תגמולים ושיקום) (תיקון מס' 46), התשפ""ה–2025",2025-01-28 16:33:00
ff769c45-a26d-4708-bf36-1929bd2b1359,odata:vote:42899,plenum,,,,"הצעת חוק לתיקון פקודת הרוקחים (מס' 38), התשפ""ה–2024",2025-01-28 16:18:00
1537fd24-a805-44c0-920e-087cdcdd2037,odata:vote:42898,plenum,,,,"הצעת חוק הכללת אמצעי זיהוי ביומטריים ונתוני זיהוי ביומטריים במסמכי זיהוי ובמאגר מידע (תיקון מס' 6), התשפ""ה-2024",2025-01-28 16:10:00
f6d6219c-99aa-4e89-bbb3-edcb9d3eec04,odata:vote:42896,plenum,,,,"הצעת חוק יום לציון מכתבן של 18 המשפחות היהודיות מגאורגיה, התשפ""ה–2024",2025-01-28 15:52:00
b6b4c475-5609-47aa-b030-150335d6d010,odata:vote:42892,plenum,,,,"הצעת חוק הבנקאות (שירות ללקוח) (תיקון מס' 38) (הודעה ללקוח על יתרת זכות בחשבון עובר ושב), התשפ""ה–2024",2025-01-27 18:54:00
ef0e400c-e6d3-4ad3-873c-3897f7b6b9df,odata:vote:42890,plenum,,,,"הצעת חוק הביטוח הלאומי (תיקון מס' 254), התשפ""ה-2025",2025-01-27 18:39:00
e644a8f4-3ea5-4e1a-8816-3bf9ef2a5b50,odata:vote:42889,plenum,,,,"הצעת חוק לתיקון פקודת בתי הסוהר (מס' 68), התשפ""ה–2024",2025-01-27 18:31:00
554984b4-69ff-428b-96c2-a4a6933a1692,odata:vote:42887,plenum,,,,"הצעת חוק התכנון והבנייה (תיקון מס' 160), התשפ""ה-2024",2025-01-27 18:16:00
a325b358-ccbf-4c8f-91ce-07d9fd8db4d4,odata:vote:42885,plenum,,,,"הצעת חוק להנצחת זכרו של מרן הרב עובדיה יוסף, התשפ""ה-2024",2025-01-27 17:45:00
742cca8e-dc8c-4c9e-9730-8a31a8b0b9c5,odata:vote:42883,plenum,,,,"הצעה להביע אי אמון בממשלה מטעם סיעות חד""ש-תע""ל ורע""מ בנושא:""מדיניות ממשלת ישראל שמונעת במתכוון כל אופק של פשרה היסטורית בין שני העמים""",2025-01-27 16:18:00
9d583b55-e87c-46f7-aa55-2a1849ced772,odata:vote:42884,plenum,,,,"הצעה להביע אי אמון בממשלה מטעם סיעות העבודה, ישראל ביתנו והמחנה הממלכתי בנושא: ""ממשלת הכישלון המוחלט""",2025-01-27 16:17:00
1badba03-9d29-404a-925d-6e442887ce0b,odata:vote:42876,plenum,,,,"החלטת הממשלה על רצונה להחיל דין רציפות על הצעת חוק הפטנטים (תיקון מס' 14) (הגברת התחרותיות), התשפ""ב–2022",2025-01-22 21:46:00
ada5a9cb-b0f5-4078-b026-9a363c6b0297,odata:vote:42865,plenum,,,,"הצעת חוק לשכת עורכי הדין (תיקון מס' 45), התשפ""ה–2025",2025-01-22 21:44:00
e13f04b8-7db4-45c0-ba52-86cc9a074c15,odata:vote:42822,plenum,,,,"הצעה דחופה לסדר היום בנושא: ""דרכים למניעת ניצול לרעה של העלאת המע""מ על ידי עסקים והשפעתה על הצרכנים בישראל""",2025-01-22 13:17:00
cb2f0fb0-fdc1-4007-a601-30aa2aee50fd,odata:vote:42821,plenum,,,,"הצעת חוק הרחבת לימודי הבסיס בחינוך שאינו ממלכתי (הוראת שעה), התשפ""ג-2023",2025-01-22 12:37:00
cab8e43c-ea1c-45ce-8ff4-b1f20f42cc19,odata:vote:42820,plenum,,,,"הצעת חוק החלת הריבונות הישראלית על בקעת הירדן, התשפ""ג-2023",2025-01-22 11:27:00
29442da9-e334-42d3-8ef2-f33e6fca2e8d,odata:vote:42819,plenum,,,,"הצעת חוק עידוד שירות צבאי, לאומי או לאומי-אזרחי במוסדות להשכלה גבוהה, התשפ""ה-2024",2025-01-22 11:01:00
265e5ee0-6c25-4ec2-96c3-529924708bc7,odata:vote:42818,plenum,,,,"הצעת חוק לתיקון פקודת מס הכנסה (קרן השתלמות לחקלאי שומר שמיטה), התשפ""ה-2024",2025-01-22 10:38:00
9c23c472-7e7f-43be-ab59-d2a51a3a7771,odata:vote:42817,plenum,,,,"הצעת חוק הכשרות המשפטית והאפוטרופסות (תיקון - סמכויות האפוטרופוס), התשפ""ד-2023",2025-01-22 10:06:00
0603730d-9071-41e5-8bd5-ad14b84f0b07,odata:vote:42815,plenum,,,,"הצעת חוק הביטוח הלאומי (תיקון מס' 255) (תשלום גמלה לשמירת היריון), התשפ""ה-2024",2025-01-21 15:21:00
08567a1d-3c59-4f91-90b9-877fe9191afb,odata:vote:42813,plenum,,,,"הצעת חוק איסור הכחשת אירועי טבח 7 באוקטובר 2023 (טבח שמיני עצרת), התשפ""ה–2025",2025-01-21 15:12:00
23cc1d89-b1f1-44ff-be36-c10be00786be,odata:vote:42811,plenum,,,,"הצעת חוק תאגידי מים וביוב (תיקון מס' 17), התשפ""ה-2025",2025-01-21 14:57:00
6c6afc6b-a3d7-409c-a861-3d4228d209c2,odata:vote:42810,plenum,,,,"הצעת חוק לתיקון פקודת סימני מסחר (מס' 9) (סימן מסחר בין-לאומי במקום סימן מסחר לאומי), התשפ""ה-2024",2025-01-21 14:51:00
82ed2070-cae6-4426-807b-e6d1b7cdbec9,odata:vote:42799,plenum,,,,"הצעת חוק הביטוח הלאומי (תיקון מס' 253 והוראות שעה), התשפ""ה-2025",2025-01-20 20:07:00
6691ccb4-f875-4164-b218-8147ca97d9e4,odata:vote:42801,plenum,,,,"הצעת חוק הגז הפחמימני המעובה (תיקון מס' 2), התשפ""ה-2025",2025-01-20 19:55:00
53648b30-fdad-4016-afe1-dece761fa700,odata:vote:42803,plenum,,,,"הצעת חוק הביטוח הלאומי (תיקון מס' 256) (הטבות מכוח הסכם לפי סעיף 9 לחוק לטובת מי שאינו תושב), התשפ""ה-2025",2025-01-20 19:48:00
e11d02bc-daf9-467a-99a0-5220a6c3736f,odata:vote:42804,plenum,,,,"הצעת חוק עקרונות האסדרה (תיקון) (בחינה תקופתית של אסדרה ואי הטלת אחריות בשל אי פרסום אסדרה) התשפ""ה-2024",2025-01-20 18:09:00
dc0254b6-05d9-4b54-8e2b-1c70e709a2bc,odata:vote:42805,plenum,,,,"הצעה להביע אי אמון בממשלה מטעם סיעות רע""מ וחד""ש-תע""ל בנושא: ""כישלון הממשלה בטיפול ביוקר המחיה""",2025-01-20 15:39:00
7a1d8fc0-30e5-4219-b59d-f9a5a7ebe872,odata:vote:42806,plenum,,,,"הצעה להביע אי אמון בממשלה מטעם סיעת יש עתיד בנושא: ""ממשלה המקדמת השתמטות חוקית ומגדילה את העול על הרוב העובד והמשרת""",2025-01-20 15:38:00
7583ba38-b37a-45c9-91c5-ce4a314edc5f,odata:vote:42793,plenum,,,,"העברת הצעת חוק רשות מקרקעי ישראל (תיקון – הקצאת קרקעות בנגב ובגליל לחיילים משוחררים), התשפ""ג-2022 (פ/569/25), של חבר הכנסת ניסים ואטורי, מוועדת הפנים והגנת הסביבה לוועדת החוץ והביטחון",2025-01-15 19:02:00
83fe3baa-860d-4c9e-8f73-67c55807867e,odata:vote:42794,plenum,,,,"העברת הצעת חוק רשות מקרקעי ישראל (תיקון – הקצאת קרקעות בנגב ובגליל לחיילים משוחררים ומשרתי שירות לאומי-אזרחי), התשפ""ג-2022 (פ/566/25), של חבר הכנסת אלי דלל, מוועדת הפנים והגנת הסביבה לוועדת החוץ והביטחון",2025-01-15 19:01:00
e1bcd536-387a-4608-8fe5-23df7f27f81a,odata:vote:42791,plenum,,,,"הצעת חוק ההתייעלות הכלכלית (תיקוני חקיקה להשגת יעדי התקציב לשנת התקציב 2025), התשפ""ה-2024",2025-01-15 18:59:00
7a942473-dfd7-4ac4-8b58-8514374b3d70,odata:vote:42792,plenum,,,,"הצעת חוק התוכנית הכלכלית (תיקוני חקיקה ליישום המדיניות הכלכלית לשנת התקציב 2025), התשפ""ה-2024",2025-01-15 18:57:00
a152946c-95c4-42a3-890e-2b8e042f8d5e,odata:vote:42789,plenum,,,,"הצעת חוק לתיקון פקודת התעבורה (מס' 137), התשפ""ה-2024",2025-01-15 18:49:00
ffa9af99-70c7-4d6e-a2e8-ca55fc1bd446,odata:vote:42788,plenum,,,,"הצעת חוק שירותי הדת היהודיים (תיקון מס' 27), התשפ""ה–2024",2025-01-15 18:40:00
c66d15b1-651d-4d2d-afbc-6938f8556a94,odata:vote:42778,plenum,,,,"הצעה דחופה לסדר היום בנושא: ""משבר הצימרים בצפון - מימון חופשות לחיילים ללא שיתוף הצימרים במתווה""",2025-01-15 13:23:00
be9fc75e-9bcb-4fd5-b310-38f1c732f627,odata:vote:42777,plenum,,,,"הצעה דחופה לסדר היום בנושא: ""יותר מ-100 מסעדות נסגרו בארץ בשנה האחרונה""",2025-01-15 13:03:00
b500b2a0-ec05-45de-8a0c-fed9747fc2d6,odata:vote:42776,plenum,,,,"הצעה דחופה לסדר היום בנושא: ""תכנית לשיקום העיר טבריה בעקבות מלחמת חרבות ברזל""",2025-01-15 12:42:00
d7259a3e-7fbc-40e0-a958-f7b3a5a30f6b,odata:vote:42775,plenum,,,,"הצעת חוק הקלות בבחינות לתלמידים וסטודנטים בעת מצב מיוחד בעורף או בשעת התקפה (תיקוני חקיקה), התשפ""ד-2024",2025-01-15 12:18:00
837f9ef7-0ffd-4dad-9ca4-cb79545b6c59,odata:vote:42774,plenum,,,,"הצעת חוק לימוד חובה (תיקון - חובת דיווח על היעדרות תלמיד), התשפ""ג-2023",2025-01-15 11:54:00
a2cd09ff-223f-413e-a409-9a8043cf9949,odata:vote:42773,plenum,,,,"הצעת חוק דחיית מועדים (הוראת שעה - חרבות ברזל) (חוזה, פסק דין או תשלום לרשות) (תיקון - דחיית תשלום משכנתה למשרת מילואים), התשפ""ד-2024",2025-01-15 11:32:00
2023086a-0390-495c-825f-01e391881ab2,odata:vote:42772,plenum,,,,"הצעת חוק הגנה על ישראלים מפני מוסדות בין-לאומיים עוינים, התשפ""ג-2023",2025-01-15 11:10:00
043ae9da-9823-423e-9699-ed36523fe263,odata:vote:42796,plenum,,,,"הצעת חוק לתיקון פקודת בתי הסוהר (העסקת מתנדבים), התשפ""ד-2024",2025-01-14 22:00:00
4fd87958-1a1e-46e0-b9ea-d5c13af8e402,odata:vote:42797,plenum,,,,"הצעת חוק העונשין (תיקון - הגנה על חושפי שחיתויות ומתריעים בנסיבות ביטחוניות), התשפ""ה-2024",2025-01-14 22:00:00
64647112-02e3-450a-91a0-76a22185c903,odata:vote:42795,plenum,,,,"הצעת חוק להגבלת השיווק של גז קצפות לצרכן, התשפ""ה-2024",2025-01-14 22:00:00
b1ef475a-df2a-4d31-9e6c-94dd541324b5,odata:vote:42768,plenum,,,,"הצעת חוק עבודת נשים (תיקון מס' 65), התשפ""ה–2025",2025-01-14 16:04:00
8d417d02-6415-4832-a81c-54a6117b720c,odata:vote:42765,plenum,,,,"הצעת חוק שירות הקבע בצבא הגנה לישראל (גמלאות) (תיקון מס' 35), התשפ""ה-2024",2025-01-14 15:47:00
07a54106-5221-49d4-a9dc-d3b6ff519f4b,odata:vote:42764,plenum,,,,"הצעת חוק הספורט (תיקון מס' 18 והוראת שעה) (דגל מדינת ישראל על מדי נבחרות ישראל), התשפ""ה-2025",2025-01-14 15:42:00
d34e072b-4a4e-485a-85c8-edac7faf830e,odata:vote:42763,plenum,,,,"הצעת חוק להנצחת זכרו של הרב חיים דרוקמן, התשפ""ה–2024",2025-01-14 15:17:00
ca32927e-8904-4688-b56b-6f91932409f4,odata:vote:42757,plenum,,,,"הצעת חוק ביטוח בריאות ממלכתי (תיקון מס' 72 והוראת שעה), התשפ""ה-2025",2025-01-13 21:39:00
596417b1-5f35-41ca-9e6a-cf5618790b09,odata:vote:42759,plenum,,,,"הצעת חוק הביטוח הלאומי (תיקון מס' 252 והוראת שעה), התשפ""ה–2025",2025-01-13 21:35:00
3e73178b-2247-49fe-9e06-b4dc2b35a813,odata:vote:42717,plenum,,,,"הצעה להביע אי אמון בממשלה מטעם סיעות חד""ש-תע""ל ורע""מ בנושא: ""ממשלת הימין מאיצה את הריסת הבתים וגירוש האזרחים הערבים הבדואים מאדמותיהם""",2025-01-13 15:26:00
cccd3750-2e34-47c5-8492-7ecf71a06fa4,odata:vote:42718,plenum,,,,"הצעה להביע אי אמון בממשלה מטעם סיעות ישראל ביתנו, המחנה הממלכתי והעבודה בנושא: ""ממשלת ישראל מובילה את המדינה לתהום כלכלי""",2025-01-13 15:26:00
83082312-807e-47ea-a71b-459a721da131,odata:vote:42719,plenum,,,,"הצעה להביע אי אימון בממשלה מטעם סיעת יש עתיד בנושא: ""ממשלת נתניהו הפכה את העולם למסוכן ולא מוגן עבור לוחמי ומשרתי צה""ל""",2025-01-13 15:25:00
adf49dbf-6d25-4c11-af3e-689e70753ce7,odata:vote:42702,plenum,,,,"החלטת ועדת הכנסת בדבר פיצול הצעת חוק שימוש בזרע של נפטר לשם הולדה, התשפ""ג-2022",2025-01-08 19:20:00
6bcc342b-14bd-4ac6-ad83-8af00b06b99f,odata:vote:42700,plenum,,,,"הצעת חוק הסדרת העיסוק בעבודה במערכת קירור או מיזוג אוויר, התשפ""ה-2024",2025-01-08 19:06:00
2d348c59-45ba-4b5a-ad6f-8aae36f6d087,odata:vote:42695,plenum,,,,"הצעת חוק העונשין (תיקון מס' 140 – הוראת שעה) (תיקון), התשפ""ה-2024",2025-01-08 18:57:00
9ebe9274-b774-4a33-82fa-54796adca82e,odata:vote:42692,plenum,,,,"הצעה דחופה לסדר היום בנושא: ""69 עובדים איבדו את חייהם בתאונות עבודה בשנת 2024, למרות הירידה הפעילות במשק""",2025-01-08 15:47:00
881b70e5-f19b-41b7-a8ef-81ce50006929,odata:vote:42691,plenum,,,,"הצעה דחופה לסדר היום בנושא: ""העלאת אגרות הרישוי לרכבים חשמליים, החל מינואר 2025""",2025-01-08 15:27:00
cd0d5184-49d5-49be-b402-c83784e28373,odata:vote:42688,plenum,,,,"הצעת חוק לתיקון פקודת מס הכנסה (נקודת זיכוי בעד שירות מילואים), התשפ""ה-2024",2025-01-08 14:20:00
15ba92da-9c4d-44b4-8ed2-73836356f6e1,odata:vote:42687,plenum,,,,"הצעת חוק הרשות הלאומית לרפואה משפטית, התשפ""ד-2024",2025-01-08 13:27:00
a442a216-2e4c-497f-bee7-a630f4854d5d,odata:vote:42686,plenum,,,,"הצעת חוק הרשות הלאומית למאבק בסמים ובשימוש לרעה באלכוהול, התשפ""ד-2024",2025-01-08 13:02:00
469f99d0-625a-4978-90e8-0a0b4b2180f5,odata:vote:42681,plenum,,,,"הצעת חוק חינוך ממלכתי (תיקון - חינוך ממלכתי חרדי), התשפ""ג-2023",2025-01-08 12:36:00
ee8d455d-e8f1-4ecc-b346-627c5bba4b4d,odata:vote:42709,plenum,,,,"הצעת חוק מרשם האוכלוסין (תיקון - שינוי שם משפחה של קורבנות עבירת רצח שבוצעה על ידי בני משפחתם), התשפ""ג-2023",2025-01-07 22:00:00
780dcb3c-c1d6-4d1e-bca9-d3ad256926e3,odata:vote:42710,plenum,,,,"הצעת חוק חובת המכרזים (תיקון - העדפה מתקנת לנכי צה""ל), התשפ""ג-2023",2025-01-07 22:00:00
ca0476b3-f550-4c7b-a27d-f805865339b2,odata:vote:42708,plenum,,,,"הצעת חוק החלת תקצוב מגדרי על תקציבים ציבוריים בישראל, התשפ""ג-2023",2025-01-07 22:00:00
9dcc524b-1a23-4c2a-afc4-7be2155b8772,odata:vote:42707,plenum,,,,"הצעת חוק החלת תקצוב מגדרי על תקציבים ציבוריים בישראל, התשפ""ג-2022",2025-01-07 22:00:00
fe4227e0-12c0-462b-a006-85f53cbdcbbb,odata:vote:42704,plenum,,,,"הצעת חוק תובענות ייצוגיות (תיקון - הגשת תובענה נגד גוף אשר פעילותו מחייבת רישיון), התשפ""ג-2023",2025-01-07 22:00:00
f2f7218e-1e33-4e52-98ae-e6d7339e6a08,odata:vote:42711,plenum,,,,"הצעה רגילה לסדר בנושא:""סמכות בג״ץ להתערב בחוקי יסוד ובעבודת הוועדה לבחירת שופטים""",2025-01-07 22:00:00
da5bed6e-9ee4-4a44-8f65-030e2bb5fb72,odata:vote:42706,plenum,,,,"הצעת חוק איסור לשון הרע (תיקון - חשיפת פרטי מידע של מנוי ברשת תקשורת אלקטרונית), התשפ""ג-2022",2025-01-07 22:00:00
e7aac35d-d253-4166-be97-2a63c93123da,odata:vote:42674,plenum,,,,"העברת הצעת חוק מתן הטבות בדיור ללוחמים משוחררים ולמשרתי מילואים, התשפ""ד-2024 (פ/4328/25), של חבר הכנסת משה פסל, מוועדת הפנים והגנת הסביבה לוועדת החוץ והביטחון",2025-01-07 19:03:00
0c4d4fab-a688-431b-874e-62376f356b60,odata:vote:42678,plenum,,,,"הצעת חוק מרשם האוכלוסין (תיקון מס' 22), התשפ""ה-2024",2025-01-07 19:00:00
980f9261-4a7c-4fa8-b888-f45a10caef1a,odata:vote:42679,plenum,,,,"הצעת חוק הביטוח הלאומי (תיקון מס' 253 והוראת שעה) (תגמולי מילואים בנסיבות חירום), התשפ""ה-2024",2025-01-06 22:00:00
58c536fd-3420-4cd5-9ff8-cbb0b8b50cb2,odata:vote:42680,plenum,,,,"הצעת חוק הגנה על עובדים בשעת חירום (תיקון מס' 5 והוראת שעה – חרבות ברזל) (תיקון מס' 3), התשפ""ה-2024",2025-01-06 22:00:00
01872550-8eaa-4614-8bce-2340c29ccd7b,odata:vote:42667,plenum,,,,"הצעת חוק שחרור על תנאי ממאסר (תיקון מס' 17 – הוראת שעה) (תיקון מס' 4), התשפ""ה-2024",2025-01-06 21:02:00
b44e1fb4-6716-4adf-99bd-22a553bf842b,odata:vote:42665,plenum,,,,"הצעת חוק תאגידי מים וביוב (תיקון מס' 17), התשפ""ה-2024",2025-01-06 20:56:00
574f86fc-6632-4636-bd06-0b7b85bc8e9e,odata:vote:42664,plenum,,,,"הצעת חוק ביטוח בריאות ממלכתי (תיקון מס' 69 והוראת שעה) (תיקון), התשפ""ה-2024",2025-01-06 18:55:00
797f59ba-e691-4368-a280-e432fdb01842,odata:vote:42663,plenum,,,,"הצעה להביע אי אמון בממשלה מטעם סיעות רע""מ וחד""ש-תע""ל בנושא: ""ממשלת ישראל מפקירה את החברה הערבית""",2025-01-06 15:40:00
452dae26-d28b-4d6e-bf76-a00282537541,odata:vote:42662,plenum,,,,"הצעה להביע אי אמון בממשלה מטעם סיעות העבודה, ישראל ביתנו והמחנה הממלכתי בנושא: ""ממשלת הכישלונות והמחדלים""",2025-01-06 15:39:00
8a86db47-2615-4d83-b948-04033e09dc63,odata:vote:42669,plenum,,,,"הצעה להביע אי אמון בממשלה מטעם סיעת יש עתיד בנושא: ""ממשלה כושלת המעודדת השתמטות ופוגעת במעמד הביניים""",2025-01-05 22:00:00
62fb1258-bb0e-4552-86c5-b74e0733dec5,odata:vote:42660,plenum,,,,"הצעת חוק מעמד המשרת בשירות צבאי או לאומי, התשפ""ה-2024",2025-01-01 12:15:00
ca33e125-f1e0-497f-9e95-20cc68a28da2,odata:vote:42658,plenum,,,,"הצעת חוק הגנת הצרכן (תיקון - משלוח חשבונית ושובר זיכוי לצרכן בדרך מקוונת), התשפ""ג-2023",2025-01-01 11:27:00
f7370466-0c52-422b-8cbe-696957ddb6dc,odata:vote:42657,plenum,,,,הצעת חוק-יסוד: ישראל - מדינת הלאום של העם היהודי (תיקון - הוספת מחויבות לשוויון זכויות),2025-01-01 11:15:00
3e47447a-0861-49f2-be15-d1fedc9f8398,odata:vote:42655,plenum,,,,"הצעת חוק הקמת שדה תעופה בנגב, התשפ""ה-2024",2025-01-01 10:52:00
b6178ec6-662c-4b1c-9ec3-868247550d7c,odata:vote:42656,plenum,,,,"הצעת חוק הקמת שדה תעופה בנבטים, התשפ""ה-2024",2025-01-01 10:51:00
6264c0e6-ae71-4a0a-b281-92cc70aecec1,odata:vote:42654,plenum,,,,"הצעת חוק חינוך ממלכתי (תיקון - חינוך פיננסי), התשפ""ג-2023",2025-01-01 10:24:00
6a2ea8d0-48de-442b-b9db-f0e72062a50a,odata:vote:42653,plenum,,,,הצעת חוק-יסוד: מניעת חקיקה למטרות יחיד או קבוצות קטנות,2025-01-01 09:55:00
6b4391e2-b6a1-4938-b8ed-c9852cac7b47,odata:vote:42652,plenum,,,,"הצעת חוק נכסי המדינה (תיקון - השכרת נכסים למתקני רדיו טלפון נייד), התשפ""ה-2024",2025-01-01 09:30:00
9ceb4a01-7e41-4dac-a852-860dab4d85b7,odata:vote:42651,plenum,,,,"הצעת חוק ההתייעלות הכלכלית (תיקוני חקיקה להשגת יעדי התקציב לשנת 2025) (מיסוי רווחים לא מחולקים), התשפ""ה-2024",2024-12-31 15:40:00
2f96f4b6-1baf-442d-b766-b69de9972b61,odata:vote:42578,plenum,,,,הצעת חוק-יסוד: השפיטה (תיקון - סמכויות שיפוט ותקנות סדרי דין באישור ועדה),2024-12-25 13:59:00
edf78d3e-1d37-4417-82d3-99c089bcd72f,odata:vote:42579,plenum,,,,"הצעת חוק עובדים זרים (תיקון - חובת מעסיק לבדיקת אשרה של עובד זר), התשפ""ד-2024",2024-12-25 13:58:00
67d81909-ffd2-493e-b9c2-f9c9e3166c43,odata:vote:42580,plenum,,,,"הצעת חוק עובדים זרים (תיקון - חובת מעסיק לבדיקת אשרה של עובד זר), התשפ""ג-2023",2024-12-25 13:57:00
de9c7a8b-d494-4531-8c5e-3c1790129176,odata:vote:42575,plenum,,,,"הצעת חוק קבלת ילד של משרת מילואים למעון יום והשתתפות המדינה בעלות שכר הלימוד בו, התשפ""ה-2024",2024-12-25 13:43:00
d08b8fb0-e04c-4ad2-aad8-4e0cb7877115,odata:vote:42574,plenum,,,,"הצעת חוק ניוד מידע רפואי (תיקון - הוספת גופים ציבוריים), התשפ""ה-2024",2024-12-25 13:12:00
91c9e0d8-5327-472a-a231-253c7de01306,odata:vote:42572,plenum,,,,"הצעת חוק הגנת הצרכן (תיקון - איסור התניית תשלום בכרטיס אשראי בסכום רכישה מזערי), התשפ""ג-2023",2024-12-25 13:02:00
47587a20-7644-4d3e-8386-88e75cd91f47,odata:vote:42573,plenum,,,,"הצעת חוק הגנת הצרכן (תיקון - איסור התניית תשלום בכרטיס אשראי בסכום רכישה מזערי), התשפ""ד-2023",2024-12-25 13:01:00
f2562fdd-c21c-4e1c-9720-efc9af29e6aa,odata:vote:42571,plenum,,,,"הצעת חוק תגמול למשרתים בשירות צבאי או אזרחי באקדמיה, התשפ""ה-2024",2024-12-25 12:46:00
f59eff95-136f-4be7-9b0f-dd10dcbeb34d,odata:vote:42570,plenum,,,,"הצעת חוק מניעת העסקת עובד הוראה בעל תואר אקדמי מהרשות הפלסטינית (תיקוני חקיקה), התשפ""ה-2024",2024-12-25 12:30:00
7a907428-ab36-4d92-b5a2-d39e2645e235,odata:vote:42569,plenum,,,,"הצעת חוק מניעת העסקת עובד הוראה בעל תואר אקדמי מהרשות הפלסטינית (תיקוני חקיקה), התשפ""ד-2024",2024-12-25 12:29:00
6b95ead1-1ff8-4e98-b1f5-eba722b4d29f,odata:vote:42567,plenum,,,,"הצעת חוק העונשין (תיקון - פריצה למיתקן ביטחוני), התשפ""ה-2024",2024-12-25 11:44:00
67330ac3-a9ef-4e7a-9311-5c55e6e58647,odata:vote:42563,plenum,,,,"הצעת חוק שיקום נרחב לחבל התקומה וקביעתו כאזור מיקוד לאומי, התשפ""ה-2024",2024-12-24 22:07:00
f8482a04-2a17-4d21-9bf6-06241a5f3ef7,odata:vote:42562,plenum,,,,"הצעת חוק מיקוד לאומי לשיקום מרחיב לחבל התקומה, התשפ""ה-2024",2024-12-24 22:07:00
52e9a99f-30f2-49d3-bb2a-68cfcef9cb7c,odata:vote:42560,plenum,,,,"הצעת חוק לתיקון פקודת בתי הסוהר (מס' 64 – הוראת שעה – חרבות ברזל) (מצב חירום כליאתי) (תיקון מס' 3), התשפ""ה-2024",2024-12-24 21:45:00
a3dd6781-4871-48b0-a02c-3a457588f89d,odata:vote:42558,plenum,,,,"הצעת חוק הסמכת צבא הגנה לישראל ושירות הביטחון הכללי לביצוע חדירה לחומר מחשב המשמש להפעלת מצלמה נייחת ופעולה בו (הוראת שעה – חרבות ברזל) (תיקון מס' 3), התשפ""ה-2024",2024-12-24 21:24:00
bbd14788-b373-4c65-9621-1ffb617a9ea4,odata:vote:42549,plenum,,,,"הצעת חוק ההתייעלות הכלכלית (תיקוני חקיקה להשגת יעדי התקציב לשנת התקציב 2025) (הקפאת עדכוני מס ומס יסף), התשפ""ה-2024",2024-12-24 20:58:00
b412fec7-25f4-42ec-a498-6bc31152b044,odata:vote:42515,plenum,,,,"החלטת ועדת הכספים בדבר פיצול הצעת חוק ההתייעלות הכלכלית (תיקוני חקיקה להשגת יעדי התקציב לשנת התקציב 2025) (הקפאת עדכוני מס ומס יסף), התשפ""ה-2024",2024-12-24 01:54:00
84174425-6739-405e-871c-5e67077f7494,odata:vote:42516,plenum,,,,"הצעת חוק הפחתת הגירעון והגבלת ההוצאה התקציבית (תיקון מס' 27), התשפ""ה-2024",2024-12-24 01:51:00
87931979-8815-4d34-a594-42d06bef07bd,odata:vote:42495,plenum,,,,"הצעת חוק תקציב נוסף לשנת הכספים 2024 (מס' 3), התשפ""ה-2024",2024-12-24 01:23:00
5def05f6-1f12-4b25-b9fc-d391239adfaf,odata:vote:42520,plenum,,,,"""תקציב המדינה לשנת 2025"" - דיון בהשתתפות ראש הממשלה על פי בקשתם של 40 חברי כנסת",2024-12-22 22:00:00
35139e6b-0370-47be-8df6-3f0bb537d6df,odata:vote:42462,plenum,,,,"העברת הצעת חוק שימוש בזרע של נפטר לשם הולדה, התשפ""ג-2022 (פ/976/25), של חברת הכנסת מירב בן ארי, מוועדת הבריאות לוועדת הכנסת",2024-12-19 02:35:00
fc208148-30e9-4f9e-a5eb-57ec1bb88a54,odata:vote:42461,plenum,,,,"הצעת חוק התקשורת (בזק ושידורים) (תיקון מס' 81) (שיחה ממספר טלפון חסוי למוקד חירום), התשפ""ה–2024",2024-12-19 02:26:00
50e35b29-a786-42c6-8825-7f4fcf05816b,odata:vote:42460,plenum,,,,"הצעת חוק המים (תיקון מס' 31) (תעריפים לדמי מים לחקלאות), התשפ""ה–2024",2024-12-19 02:17:00
c16b7e5f-3bfc-4320-a77e-f8a82b7adcdd,odata:vote:42457,plenum,,,,"הצעת חוק ההתייעלות הכלכלית (תיקוני חקיקה להשגת יעדי התקציב לשנת התקציב 2025) (הקפאת שכר נושאי משרה ברשויות השלטון וברשויות מקומיות בשנת 2025), התשפ""ה–2024",2024-12-19 01:50:00
2127d9f4-3ef1-4239-8799-8c9416d6791f,odata:vote:42414,plenum,,,,"הצעת חוק לתיקון פקודת מס הכנסה (מס' 275), התשפ""ה–2024",2024-12-18 20:24:00
da0090d6-8a76-4a70-a13c-9caf23506003,odata:vote:42388,plenum,,,,"הצעת חוק לייעול האכיפה והפיקוח העירוניים ברשויות המקומיות (הוראת שעה) (תיקון מס' 14), התשפ""ה-2024",2024-12-18 15:27:00
7ed04227-0503-48dc-beaf-3f4c1aa65607,odata:vote:42386,plenum,,,,"הצעה רגילה לסדר היום בנושא: ""שנת 2024 היא הקטלנית בכבישי ירושלים - זינוק של 233% בתוך עשר שנים במספר ההרוגים""",2024-12-18 14:51:00
a77e97b9-eacd-4896-a7f6-05e0ed00edad,odata:vote:42385,plenum,,,,"הצעה דחופה לסדר היום בנושא: ""קריסת בתי הדפוס בארץ בשל תחרות לא הוגנת מסין""",2024-12-18 14:28:00
aa269371-30c6-452f-b4b4-516417331b0f,odata:vote:42384,plenum,,,,"הצעה דחופה לסדר היום בנושא: ""הסדרת פיצוי לעסקים שנפגעו במלחמת חרבות ברזל באזורי העימות בצפון, גם בתקופה שלאחר סיום מצב החירום""",2024-12-18 14:07:00
f475a729-391f-4866-91f5-020671224fe7,odata:vote:42383,plenum,,,,"הצעת חוק חינוך ממלכתי (תיקון - מועצה לחינוך ממלכתי כללי), התשפ""ד-2024",2024-12-18 13:38:00
12debe62-8132-4962-b7ce-aa2ff69d317d,odata:vote:42382,plenum,,,,"הצעת חוק זכויות התלמיד (תיקון - הנפקת תעודות בגרות), התשפ""ג-2022",2024-12-18 13:11:00
add8c669-a5a5-4f4b-bba0-71f1a7c720b5,odata:vote:42381,plenum,,,,"הצעת חוק לימוד חובה (תיקון - ביטול גביית תשלומי הורים והשתתפות עצמית), התשפ""ד-2024",2024-12-18 12:46:00
fb79f1cb-7ae5-418a-a2cd-2b47fe90e821,odata:vote:42379,plenum,,,,הצעת חוק-יסוד: ישראל - מדינת הלאום של העם היהודי (תיקון - ביטול החוק),2024-12-18 12:06:00
677d30a3-e482-48d8-a7cd-e160eb83b762,odata:vote:42467,plenum,,,,"הצעת חוק הבנקאות (שירות ללקוח) (תיקון - ניוד פקדונות ללקוחות הבנקים ללא העברת חשבון בנק), התשפ""ה-2024",2024-12-17 22:00:00
6ebfbe8d-e130-4a01-85aa-0184444ac6d1,odata:vote:42468,plenum,,,,"הצעת חוק הרשויות המקומיות (בחירות) (תיקון - מניעת השתתפות של מועמד או של רשימת מועמדים בבחירות), התשפ""ד-2023",2024-12-17 22:00:00
6028e43a-30b9-4a3e-b3cd-2d0380ba30a0,odata:vote:42466,plenum,,,,"הצעת חוק להנצחת הרב אברהם יצחק הכהן קוק (ציון זכרו ופועלו), התשפ""ג-2023",2024-12-17 22:00:00
d9750bd0-ae58-482f-abe7-24328b1857da,odata:vote:42464,plenum,,,,"הצעת חוק הצבת מכשירי החייאה במקומות ציבוריים (תיקון - הוספת רכבת לתוספת), התשפ""ה-2024",2024-12-17 22:00:00
69225bbe-74f4-429f-8aee-e0c996ae3b49,odata:vote:42463,plenum,,,,"הצעת חוק העונשין (תיקון - איסור מכירה והחזקה של צעצועים מסוכנים), התשפ""ד-2024",2024-12-17 22:00:00
a16f5d19-4068-4378-9c53-3fdd3b9585f6,odata:vote:42465,plenum,,,,"הצעת חוק התכנון והבנייה (תיקון - היטלי השבחה במיתקני אגירת אנרגיה), התשפ""ד-2024",2024-12-17 22:00:00
5bb00984-3c15-4afd-a0ee-91b330ac532d,odata:vote:42377,plenum,,,,"הצעת חוק משפחות חיילים שנספו במערכה (תגמולים ושיקום) (תיקון מס' 45), התשפ""ה–2024",2024-12-17 15:40:00
b10547ed-97a3-4709-9088-43065b3b351d,odata:vote:42368,plenum,,,,"הצעה להביע אי אמון בממשלה מטעם סיעות המחנה הממלכתי והעבודה בנושא: ""קיבעון וכישלון במטרת המלחמה ליצירת תנאים להשבת בני הערובה לישראל""",2024-12-16 16:20:00
35ac2dfd-d7b6-4207-804d-01fe807f6687,odata:vote:42373,plenum,,,,"הצעת חוק מסגרות תקציב המדינה (הוראות מיוחדות לשנת 2025) (תיקוני חקיקה), התשפ""ה-2024",2024-12-15 22:00:00
daf1df5d-cb25-4999-a383-922070b25ca1,odata:vote:42371,plenum,,,,"הצעת חוק התוכנית הכלכלית (תיקוני חקיקה להשגת יעדי התקציב לשנת התקציב 2025), התשפ""ה-2024",2024-12-15 22:00:00
4ae7bdfb-ea97-4d8f-8db4-0c91ae7e5baf,odata:vote:42372,plenum,,,,"הצעת חוק ההתייעלות הכלכלית (תיקוני חקיקה ליישום המדיניות הכלכלית לשנת התקציב 2025), התשפ""ה-2024",2024-12-15 22:00:00
14ddae9a-da4f-459f-b49b-6f3c74542088,odata:vote:42380,plenum,,,,"הצעה להביע אי אמון בממשלה מטעם סיעת יש עתיד בנושא: ""ראש ממשלה לא כשיר""",2024-12-15 22:00:00
5a708de4-1cc9-4d2c-b8a8-e45886ba89e3,odata:vote:42370,plenum,,,,"הצעת חוק התקציב לשנת הכספים 2025, התשפ""ה-2024",2024-12-15 22:00:00
aade70c7-368f-433c-86c3-ed9ad054b30a,odata:vote:42359,plenum,,,,"הצעת חוק מרשם האוכלוסין (תיקון מס' 22) (פטירה של חטוף שאירעה מחוץ לישראל), התשפ""ה-2024",2024-12-11 21:14:00
601d8883-6685-4362-b1da-cc8477009bd2,odata:vote:42358,plenum,,,,"הצעת חוק מניעת מימון לייצוג משפטי בידי מדינת ישראל (חשוד, נאשם או מורשע בעבירת ביטחון - חרבות ברזל), התשפ""ה–2024",2024-12-11 21:05:00
49741f23-ec33-4c3e-aae1-3ab10f306c56,odata:vote:42355,plenum,,,,"הצעת חוק הגנה על הציבור מפני ארגוני פשיעה, התשפ""ה-2024",2024-12-11 20:56:00
2bc69c2a-c5e3-44b1-a8be-6ff8b455c6b6,odata:vote:42329,plenum,,,,"הצעה דחופה לסדר היום בנושא: ""עיכוב בשחרור דיבידנדים של חברות ממשלתיות לקופת המדינה ופגיעה בתקציב המלחמה בשל כך""",2024-12-11 17:16:00
b884f0f4-6db8-418d-98e3-21cbcfa7c077,odata:vote:42328,plenum,,,,"הצעה דחופה לסדר היום בנושא: ""קיצוץ בתקציב ארגוני הנוער""",2024-12-11 17:02:00
76170b8f-0502-41b3-b5f7-e84a56fe4957,odata:vote:42327,plenum,,,,"הצעה דחופה לסדר היום בנושא: ""ירידה חדה בממוצע ציוני התלמידים בישראל במתמטיקה ומדעים""",2024-12-11 16:47:00
268f29d5-7548-43a0-a494-c37a49f75b92,odata:vote:42326,plenum,,,,"הצעה דחופה לסדר היום בנושא: ""ישראל מתדרדרת בתחום ה- AI לעומת שאר מדינות העולם""",2024-12-11 16:16:00
0c5cecd0-7591-4dbe-b1c2-2b862fcf9742,odata:vote:42325,plenum,,,,"הצעה רגילה לסדר היום בנושא: ""הקמת ועדת חקירה ממלכתית לחקר מחדל ה-07 באוקטובר - המחדל החמור מאז קום המדינה""",2024-12-11 15:40:00
6738df6f-f245-467a-b892-8f2eb38b120e,odata:vote:42324,plenum,,,,"הצעה רגילה לסדר היום בנושא: ""התנהלות מערך היעוץ המשפטי לממשלה והנזק לציבור""",2024-12-11 15:08:00
40cdd7a1-8ae6-47a5-b215-930c4bfeec7c,odata:vote:42323,plenum,,,,"הצעת חוק איסור הפליה במוצרים, בשירותים ובכניסה למקומות בידור ולמקומות ציבוריים (תיקון - הגדלת סכום הפיצוי בלא הוכחת נזק), התשפ""ג-2023",2024-12-11 14:40:00
5e1fbe24-7902-4efa-bfe8-925e3cfae783,odata:vote:42322,plenum,,,,"הצעת חוק לתיקון פקודת מס הכנסה (נקודות זיכוי להורי חיילים), התשפ""ד-2023",2024-12-11 14:21:00
470ec9da-48d3-444e-ab90-444b616934c0,odata:vote:42321,plenum,,,,"הצעת חוק דמי מחלה (היעדרות בשל מחלת ילד) (תיקון - ימי מחלה נוספים בשל מחלת ילד לבני זוג של משרתי מילואים), התשפ""ד-2024",2024-12-11 13:37:00
2c36e5cf-02d0-4741-9a3b-2b1c7b2b3d93,odata:vote:42320,plenum,,,,"הצעת חוק יום הוקרה לפצועי מערכות ישראל ופעולות האיבה, התשפ""ד-2024",2024-12-11 13:20:00
4e980312-443f-4e26-a694-901a9b904785,odata:vote:42364,plenum,,,,"הצעת חוק העונשין (תיקון - איחוד עבירת האינוס ועבירת מעשה סדום), התשפ""ה-2024",2024-12-10 22:00:00
ee248b65-0c35-41f3-b14a-739fa4e5935d,odata:vote:42361,plenum,,,,"הצעת חוק התכנון והבנייה (תיקון - שינוי גודל מרחב מוגן דירתי), התשפ""ה-2024",2024-12-10 22:00:00
0946dc48-f062-45c1-a934-db455a53f298,odata:vote:42362,plenum,,,,"הצעת חוק המאבק בטרור (תיקון - אי-החזרת גופות מחבלים), התשפ""ג-2023",2024-12-10 22:00:00
db238ff4-77ef-487a-9122-671d07aac616,odata:vote:42363,plenum,,,,"הצעת חוק בתי המשפט (תיקון - שקיפות בארגונים נתמכים), התשפ""ג-2023",2024-12-10 22:00:00
052d9c41-f654-4ca8-b687-eddd1f37de75,odata:vote:42317,plenum,,,,"הצעת חוק משפחות חיילים שנספו במערכה (תגמולים ושיקום) (תיקון - איסור פיטורים של בן משפחה בשנת השכול הראשונה), התשפ״ד-2024",2024-12-10 16:33:00
ae6625dc-1a33-4391-9399-97b8925eef4d,odata:vote:42318,plenum,,,,"הצעת חוק משפחות חיילים שנספו במערכה (תגמולים ושיקום) (תיקון מס' 46) (איסור פיטורים של בן משפחה בשנת השכול הראשונה), התשפ""ה–2024",2024-12-10 16:33:00
8794ae7f-6cef-4bee-ba0c-3bd197c24326,odata:vote:42316,plenum,,,,"הצעת חוק יום לציון עליית יהודי תימן ולהנצחת זכר הנספים בדרך לישראל, התשפ""ה–2024",2024-12-10 16:18:00
8f4cb7d2-4e32-45c2-93f9-771cad50ba22,odata:vote:42312,plenum,,,,"הצעת חוק רישום קבלנים לעבודות הנדסה בנאיות (תיקון מס' 8), התשפ""ד-2024",2024-12-09 22:25:00
463bcb5e-ce09-4019-9ca7-4c74e79f3875,odata:vote:42311,plenum,,,,"הצעת חוק להסדרת הפיקוח על כלבים (תיקון מס' 6 – הוראת שעה – חרבות ברזל) (תיקון), התשפ""ה-2024",2024-12-09 22:20:00
1b99cabf-f404-4f4d-a6b5-51da05f7a227,odata:vote:42307,plenum,,,,"הצעת חוק שחרור על תנאי ממאסר (תיקון מס' 17 – הוראת שעה) (תיקון מס' 4) (הפיכת הוראת השעה להוראת קבע), התשפ""ה-2024",2024-12-09 20:50:00
3f53500c-9126-4a48-bb6a-b68353c5c0c7,odata:vote:42304,plenum,,,,"הצעת חוק להסדרת המגורים בשטחי מרעה, התשפ""ד-2024",2024-12-09 18:28:00
c1c563d9-315e-4915-8fdc-966d3f758324,odata:vote:42305,plenum,,,,"הצעת חוק להסדרת המגורים בשטחי מרעה, התשפ""ג-2023",2024-12-09 18:27:00
a095d7cf-6099-4c97-b3f4-2cd426fd3c04,odata:vote:42306,plenum,,,,"הצעת חוק להסדרת מגורים בשטחי מרעה, התשפ""ה–2024",2024-12-09 18:26:00
93dcad24-7239-45bd-b774-034961471171,odata:vote:42303,plenum,,,,"הצעה להביע אי אמון בממשלה מטעם סיעות רע""מ וחד""ש-תע""ל"" בנושא: ""ממשלה שפוגעת באיזונים הדתיים והחברתיים במדינה""",2024-12-09 15:30:00
b243e28a-8ee9-4474-9c9a-f7733ccf4f93,odata:vote:42301,plenum,,,,"הצעה להביע אי אמון בממשלה מטעם סיעות ישראל ביתנו, המחנה הממלכתי והעבודה בנושא: ""ממשלת ישראל מובילה את המדינה לתהום כלכלי""",2024-12-09 15:29:00
89879169-bf00-4f68-8ab6-3d80444e360e,odata:vote:42302,plenum,,,,"הצעה להביע אי אמון בממשלה מטעם סיעת יש עתיד בנושא: ""ממשלה כושלת שמקדמת הפיכה תקשורתית שפוגעת בחופש הביטוי וחופש היצירה""",2024-12-09 15:29:00
377cf00e-4e09-466d-8d01-73a2b6cb752a,odata:vote:42293,plenum,,,,"הצעת חוק אומנה לילדים (תיקון מס' 6) (הזכות לחינוך לילדים במסגרת השמה חוץ-ביתית), התשפ""ה-2004",2024-12-04 21:05:00
787003f8-db86-4f37-a69f-cea9a1a1554c,odata:vote:42292,plenum,,,,"הצעת חוק חדלות פירעון ושיקום כלכלי (תיקון מס' 9) (צו עיכוב הליכים זמני בהליך לאישור הסדר חוב), התשפ""ה-2024",2024-12-04 20:56:00
0153fd23-5c73-4852-ad14-9a66aa315fdc,odata:vote:42289,plenum,,,,"הצעת חוק לתיקון פקודת התעבורה (מס' 138), התשפ""ה-2024",2024-12-04 20:53:00
bbdc03fd-edf9-4129-b3c7-b2e84c064143,odata:vote:42291,plenum,,,,"הצעת חוק התכנון והבנייה (תיקון מס' 159), התשפ""ה-2024",2024-12-04 20:51:00
68bcfdd1-4485-4d71-8551-9e33da98c0fc,odata:vote:42287,plenum,,,,"הצעת חוק הרבנות הראשית לישראל (תיקון מס' 8), התשפ""ה-2024",2024-12-04 20:42:00
0964f10b-d196-4cb7-bf7d-0c3c4cf4d2a0,odata:vote:42285,plenum,,,,"הצעה דחופה לסדר היום בנושא: ""העלאות המחירים הלא רצויות של ספקיות המזון על חשבון הציבור הביאו לצמיחה בהכנסות""",2024-12-04 17:55:00
7b050316-c75e-44d2-b705-8707929d1ae1,odata:vote:42284,plenum,,,,"הצעה דחופה לסדר היום בנושא: ""כשלים חמורים במתן שירות לציבור בגופים ציבוריים מרכזיים""",2024-12-04 17:37:00
6137d868-4c13-46b2-a131-a0d4e2f4d14d,odata:vote:42283,plenum,,,,"הצעה דחופה לסדר היום בנושא: ""היערכות המדינה לחזרתם של תושבי הצפון המפונים לבתיהם""",2024-12-04 17:22:00
94a91a10-9a83-48ef-bc77-91a2e82e6a55,odata:vote:42282,plenum,,,,"הצעת חוק הביטוח הלאומי (תיקון - עבודה מועדפת ביישובי עוטף הגבול הדרומי והצפוני) (הוראת שעה), התשפ""ד-2024",2024-12-04 15:15:00
fd6b5381-b431-4ea7-b1a5-27719045e635,odata:vote:42281,plenum,,,,"הצעת חוק התגמולים לנפגעי פעולות איבה (תיקון - תגמול לכל החיים ליתום מהורה אחד), התשפ""ד-2023",2024-12-04 15:14:00
a27151e5-4299-4bee-aa91-f51d1f028502,odata:vote:42280,plenum,,,,"הצעת חוק לעידוד השקעות הון (תיקון - תחולה על מפעל תעשייתי ביישובים הסמוכים לגבול העימות בצפון, בשדרות וביישובי עוטף עזה), התשפ""ג-2023",2024-12-04 14:51:00
899c530e-7adb-4447-9d86-2fe8bfd3cda3,odata:vote:42279,plenum,,,,"הצעת חוק הרשויות המקומיות (פטור חיילים, נפגעי מלחמה ושוטרים מארנונה) (תיקון - הנחה בארנונה למשרת בשירות מילואים פעיל) (הוראת שעה), התשפ""ד-2024",2024-12-04 14:30:00
ebca0258-7228-481d-b01c-f9e50651ca31,odata:vote:42278,plenum,,,,"הצעת חוק מנהלת מילואים, התשפ""ד-2024",2024-12-04 14:23:00
62415244-67eb-4ba2-a02a-a0d27262b011,odata:vote:42277,plenum,,,,"הצעת חוק לתיקון סדרי הדין (חקירת עדים) (תיקון - מתן עדות שלא בפני הנאשם בעבירת נטילת דמי חסות), התשפ""ג-2023",2024-12-04 10:56:00
66485220-9cd3-44b2-82f5-bc109e35d7b6,odata:vote:42275,plenum,,,,"הצעת חוק ההתגוננות האזרחית (תיקון - פיקוח על מקלטים משותפים), התשפ""ד-2024",2024-12-04 10:28:00
09dafe19-92c8-4bdb-83be-0881fab1a942,odata:vote:42299,plenum,,,,"הצעה דחופה לסדר היום בנושא: ""חילוקי דעות מהותיים וממושכים בין הממשלה ליועצת המשפטית לממשלה המונעים שיתוף פעולה יעיל""",2024-12-03 22:00:00
5cc5811b-9865-4f13-9b29-91e0a4521a00,odata:vote:42296,plenum,,,,"הצעת חוק חסינות חברי הכנסת, זכויותיהם וחובותיהם (תיקון -אישור הכנסת לפתיחה בהליך פלילי או אזרחי), התשפ""ה-2024",2024-12-03 22:00:00
e249cb3c-d2f5-4e93-80bb-1b5e1ffa63d3,odata:vote:42314,plenum,,,,"הצעת חוק זכויות הסטודנט (תיקון - מסלולי לימוד נפרדים), התשפ""ד-2024",2024-12-03 22:00:00
40809f32-20ec-4728-9fca-968ab547bc22,odata:vote:42294,plenum,,,,"הצעת חוק סנקציות על תומכי טרור, התשפ""ד-2024",2024-12-03 22:00:00
a253decf-275d-47dd-893f-2dbb9b88b85a,odata:vote:42295,plenum,,,,"הצעת חוק מסירת מידע סודי לראש הממשלה ולשרים (תיקוני חקיקה), התשפ""ה-2024",2024-12-03 22:00:00
b467e499-ec4b-4dee-9b10-6a821137ce45,odata:vote:42298,plenum,,,,"הצעת חוק הביטוח הלאומי (תיקון - שלילת זכויות סוציאליות לאדם שהורשע ברצח או ניסיון לרצח על רקע לאומני), התשפ""ג-2022",2024-12-03 22:00:00
b81dbceb-229d-4f71-a4d2-48cd4a58fe3d,odata:vote:42266,plenum,,,,"הצעת חוק מכוני כושר (רישוי ופיקוח) (תיקון מס' 4), התשפ""ה-2024",2024-12-02 23:02:00
313c48bc-83cf-4721-87eb-61485f1f212e,odata:vote:42262,plenum,,,,"הצעת חוק לשכת עורכי הדין (תיקון מס' 46) (דמי חבר), התשפ""ה–2024",2024-12-02 22:07:00
4f4e8e52-7998-4184-82fb-46e09b373c5a,odata:vote:42257,plenum,,,,"הצעה להביע אי אמון בממשלה מטעם סיעות חד""ש-תע""ל ורע""מ בנושא: ""קיצוץ בתקציב בחברה הערבית ,היעדר מיגון והיעדר ביטחון אישי של האזרח הערבי""",2024-12-02 15:36:00
f9191c5b-8449-4dd6-b78c-70059c2a81df,odata:vote:42258,plenum,,,,"הצעה להביע אי אמון בממשלה מטעם סיעת יש עתיד בנושא: ""ממשלה כושלת שממשיכה בקידום הפיכה משטרית שקורעת את העם ומסכנת את ביטחון אזרחי המדינה""",2024-12-02 15:35:00
5ff375b4-bbfa-42b0-ab08-c8ec2f1ddfc9,odata:vote:42248,plenum,,,,"הצעת חוק כליאתם של לוחמים בלתי חוקיים (תיקון מס' 4 והוראת שעה – חרבות ברזל) (תיקון מס' 3), התשפ""ה-2024",2024-11-27 19:17:00
c9ad561b-b3a2-4845-9045-fff8bbc2183b,odata:vote:42247,plenum,,,,"הצעת חוק לתיקון פקודת בתי הסוהר (מס' 67 והוראת שעה), התשפ""ה-2024",2024-11-27 19:10:00
a6588121-e8b3-4350-a01a-1cc802e89478,odata:vote:42244,plenum,,,,"הצעת חוק שוויון ההזדמנויות בעבודה (תיקון מס' 27), התשפ""ה–2024",2024-11-27 18:38:00
e1e64cea-15bf-40e4-bf9d-256732c8310e,odata:vote:42242,plenum,,,,"הצעת חוק לתיקון פקודת התעבורה (מס' 136), התשפ""ה–2024",2024-11-27 18:23:00
a9e80fae-4896-4647-9328-7b18b4bd751e,odata:vote:42241,plenum,,,,"הצעת חוק העונשין (תיקון מס' 150), התשפ""ד–2024",2024-11-27 18:16:00
8b3d3a31-c335-4344-a71c-ead3c74ba741,odata:vote:42239,plenum,,,,"הצעה דחופה לסדר היום בנושא: ""מחירי הקרקעות המופקעים בגליל""",2024-11-27 15:41:00
5920b518-0fc2-4c37-b1fa-091b2e3e4a86,odata:vote:42238,plenum,,,,"הצעה דחופה לסדר היום בנושא: ""מחירים מופקעים של תחליפי מזון לתינוקות ועלייה בבקשות לסיוע במתן מזון לתינוקות""",2024-11-27 15:17:00
5823dedf-2c61-4720-af32-aa6ec2b7b957,odata:vote:42237,plenum,,,,"הצעה דחופה לסדר היום בנושא: ""אלימות חמורה בבתי ספר יסודיים וכשל מערכתי בטיפול באירועי אלימות""",2024-11-27 15:00:00
aca651e8-47ef-48ce-813c-22aa39ac5f59,odata:vote:42236,plenum,,,,"הצעה דחופה לסדר היום בנושא: ""בעשרת החודשים הראשונים של שנת 2024 נהרגו יותר אנשים בתאונות דרכים מאשר בכל שנת 2023""",2024-11-27 14:44:00
242783e2-36d4-4ade-8011-a3d7ddf46e1a,odata:vote:42235,plenum,,,,"הצעת חוק ביטוח בריאות ממלכתי (תיקון - סבסוד מחוללי חמצן ניידים), התשפ""ג-2023",2024-11-27 13:44:00
9a1e9fa6-2abe-4bf0-80a1-9ccea84153d4,odata:vote:42234,plenum,,,,"הצעת חוק הממשלה (תיקון - ביצוע בדיקת פוליגרף לחברי ועדת השרים לענייני ביטחון לאומי), התשפ""ד-2024",2024-11-27 13:25:00
c9a8c3cb-de71-45b9-aca2-a6dc15a49946,odata:vote:42232,plenum,,,,"הצעת חוק הדחת נציג ציבור התומך במאבק מזוין נגד מדינת ישראל (תיקוני חקיקה), התשפ""ד-2024",2024-11-27 10:52:00
4352e8c4-75cc-438e-a739-5426fb3d3740,odata:vote:42230,plenum,,,,"הצעת חוק ביטוח בריאות ממלכתי (תיקון - השתתפות עצמית ברכישת תכשיר מרשם מבית מרקחת שאינו בהסדר עם קופת החולים), התשפ""ג-2023",2024-11-27 10:01:00
e6a843f0-0291-4c0e-a320-ecc81c9ecabc,odata:vote:42227,plenum,,,,"הצעת חוק ביטוח בריאות ממלכתי (תיקון - תשלום בעד תכשיר מרשם בבית מרקחת שאין לו הסדר עם קופת חולים), התשפ""ג-2023",2024-11-27 09:59:00
3378e86a-8e0f-4a61-be3a-eb63e084762d,odata:vote:42228,plenum,,,,"הצעת חוק ביטוח בריאות ממלכתי (תיקון - ניפוק תכשיר מרשם שניתן במרשם אלקטרוני או ידני בתנאי הסדר בכל בתי המרקחת), התשפ""ד-2024",2024-11-27 09:58:00
172a621f-d625-4e2e-95b1-165c9890b360,odata:vote:42256,plenum,,,,"הצעת חוק הנוטריונים (תיקון - השהיית רישיון יזומה), התשפ""ד-2024",2024-11-26 22:00:00
14f3e87b-e057-4454-aed8-999828332b99,odata:vote:42251,plenum,,,,"הצעת חוק הפרטת תאגיד השידור הציבורי הישראלי, התשפ""ג-2022",2024-11-26 22:00:00
f91a6cd8-0c62-4209-9787-6b85bb0bf107,odata:vote:42252,plenum,,,,"הצעת חוק הרשות לפיתוח הנגב (תיקון מס' 4) (תיקון - הרחבת תחולה והארכת תוקף), התשפ""ג-2023",2024-11-26 22:00:00
2c4e4583-66ab-4259-b1d3-a382b8eeb6aa,odata:vote:42250,plenum,,,,"הצעת חוק הרשויות המקומיות (בחירות) (תיקון - הגבלת הזכות להיבחר), התשפ""ג-2022",2024-11-26 22:00:00
c8263550-379e-43d1-8de5-6c7f03c0b37e,odata:vote:42224,plenum,,,,"הצעת חוק איסור הכחשה של טבח שמיני עצרת התשפ""ד (7 באוקטובר 2023), התשפ""ה–2024",2024-11-26 17:16:00
fe817390-e3ee-4831-ae42-5229f5fa7fd4,odata:vote:42223,plenum,,,,"הצעת חוק ההוצאה לפועל (תיקון מס' 78) (דיין הוצאה לפועל), התשפ""ה-2024",2024-11-26 16:56:00
eba6c766-7db1-4221-ba43-fad3808a03d2,odata:vote:42218,plenum,,,,"החלטת ועדת הכנסת בדבר חלוקה ופיצול הצעת חוק ההתייעלות הכלכלית (תיקוני חקיקה להשגת יעדי התקציב לשנת התקציב 2025) (הקפאת שכר נושאי משרה ברשויות השלטון וברשויות מקומיות בשנת 2025 והעלאת דמי ביטוח לאומי), התשפ""ה-2024",2024-11-25 23:27:00
310a74d6-a0bd-4eb1-a598-8b94319330dc,odata:vote:42217,plenum,,,,"הצעת חוק הטיס (תיקון מס' 6), התשפ""ה-2024",2024-11-25 23:22:00
380a5b2d-f98d-4d73-9f23-a1cfd1171e38,odata:vote:42215,plenum,,,,"הצעת חוק עידוד תרומות מזון (תיקון), התשפ""ה–2024",2024-11-25 23:14:00
e8a9ea2b-6aa1-4773-82fc-d3d8f25f55f6,odata:vote:42213,plenum,,,,"הצעת חוק לשכת עורכי הדין (תיקון מס' 45) (אימון שני מתמחים), התשפ""ה–2024",2024-11-25 22:36:00
46c00b78-dccc-403f-b025-b073e3d788a0,odata:vote:42212,plenum,,,,"הצעת חוק הגז הפחמימני המעובה (תיקון מס' 2), התשפ""ה-2024",2024-11-25 21:34:00
8819d18f-357c-4500-9d36-18bd48245b4a,odata:vote:42211,plenum,,,,"הצעת חוק הרשויות המקומיות (מימון בחירות) (תיקון מס' 19) (איסור קבלת תרומות מיישוב שיתופי), התשפ""ה–2024",2024-11-25 20:21:00
031d436b-da0a-4b98-a675-ca0b64aaa5d5,odata:vote:42210,plenum,,,,"הצעה להביע אי אמון בממשלה מטעם סיעות המחנה הממלכתי, ישראל ביתנו והעבודה בנושא: ""ממשלה שמקריסה את המילואים תחת הנטל הביטחוני והכלכלי""",2024-11-25 15:30:00
b90e8590-8481-473c-80d3-0e35e21303ca,odata:vote:42219,plenum,,,,"הצעה להביע אי אמון מטעם סיעת יש עתיד בנושא: ""ממשלה כושלת המעודדת השתמטות, פוגעת במעמד הביניים ומפקירה את החטופות והחטופים בעזה""",2024-11-24 22:00:00
a1ba3ae7-3433-4260-a1f6-f3d1081af3a1,odata:vote:42193,plenum,,,,"הצעת חוק מניעת פגיעת גוף שידורים זר בביטחון המדינה (הוראת שעה – חרבות ברזל) (תיקון מס' 2), התשפ""ה-2024",2024-11-20 17:15:00
709bb541-baec-4017-aedb-935a8a7dd2f8,odata:vote:42191,plenum,,,,"הצעת חוק מגבלות על חזרתו של עבריין מין לסביבת נפגע העבירה (תיקון מס' 10), התשפ""ד–2024",2024-11-20 17:00:00
be10302e-7e3a-4d9e-a285-8e98cd398cbd,odata:vote:42188,plenum,,,,הצעה רגילה לסדר בנושא: הקמת ועדת חקירה פרלמנטרית לפשיעה ואלימות בחברה הערבית,2024-11-20 16:18:00
fbef0dcb-2a28-4348-8fa4-f63658f077a2,odata:vote:42189,plenum,,,,הצעה רגילה לסדר בנושא: הקמת ועדת חקירה פרלמנטרית לבחינת ריבוי מקרי הרצח בחברה הערבית,2024-11-20 16:16:00
a5c92de4-fff5-4fb2-be12-41f7c37be810,odata:vote:42187,plenum,,,,"הצעת חוק הביטוח הלאומי (תיקון - תגמול מילואים לעובד עצמאי) (הוראת שעה - חרבות ברזל), התשפ''ה-2024",2024-11-20 15:26:00
500e1ba6-8f9e-4cbc-9137-e63f8191fdab,odata:vote:42186,plenum,,,,"הצעת חוק מס ערך מוסף (תיקון - פטור ממס על תשר), התשפ""ה-2024",2024-11-20 15:10:00
e3c62b1c-5a46-4e85-b9b5-b52347dfcd52,odata:vote:42184,plenum,,,,"הצעת חוק כלי הירייה (תיקון - זכאות לרישיון כלי ירייה ללוחם שסיים את שירותו עקב פציעה בפעילות מבצעית), התשפ""ד-2024",2024-11-20 14:46:00
60405346-2deb-4b55-aeb3-2691b07c5c35,odata:vote:42181,plenum,,,,"הצעת חוק עידוד שירות צבאי, לאומי או לאומי-אזרחי, התשפ""ג-2023",2024-11-20 12:47:00
64cbfc36-0e4e-4715-9e25-cc208c8008c1,odata:vote:42182,plenum,,,,"הצעת חוק שירות ביטחון (תיקון - סיוע טיפולי לבוגרי השירות הצבאי), התשפ""ג-2023",2024-11-20 12:46:00
82a6a253-ce28-4b7e-9e19-6e94cca22d50,odata:vote:42180,plenum,,,,"הצעת חוק גיל פרישה (הורה שילדו נפטר) (הוראת שעה) (תיקון - הפיכת הוראת שעה להוראה קבועה), התשפ""ג-2023",2024-11-20 10:40:00
36b5490d-f017-47d8-8e26-6590020271ec,odata:vote:42179,plenum,,,,"הצעת חוק גיל פרישה (הורה שילדו נפטר) (הוראת שעה) (תיקון - הפיכת הוראת שעה להוראה קבועה), התשפ""ד-2024",2024-11-20 10:39:00
30da7469-0938-4828-9e50-0bf9d7884488,odata:vote:42196,plenum,,,,"הצעת חוק להנצחת זכרו של מנחם בגין (תיקון - יום זיכרון ממלכתי), התשפ""ד-2024",2024-11-19 22:00:00
776ad4f1-924f-4276-8dd8-d748ee082828,odata:vote:42194,plenum,,,,"הצעת חוק קדימות בתור לחיילים, התשפ""ד-2024",2024-11-19 22:00:00
cc97d74d-9bda-4a9f-9eac-dee9e6f634de,odata:vote:42195,plenum,,,,"הצעת חוק הקמת מחלקה לגיבוש תפיסת מודיעין חלופית (""איפכא מסתברא"") מגופי המודיעין, התשפ""ה-2024",2024-11-19 22:00:00
8206f24e-baac-4516-841c-dcbf969c321c,odata:vote:42200,plenum,,,,"הצעת חוק כלי הירייה (תיקון - זכאות לרישיון כלי ירייה ללוחם שסיים שירותו עקב פציעה בפעילות מבצעית), התשפ""ד-2024",2024-11-19 22:00:00
119e1259-3d60-496f-96f8-a5ff2c1f1358,odata:vote:42199,plenum,,,,"הצעת חוק העונשין (תיקון - איסור הנפת דגל של מדינת אויב או של הרשות הפלסטינית בגופים המתוקצבים או הנתמכים על ידי המדינה), התשפ""ד-2024",2024-11-19 22:00:00
68954180-09d5-46e1-9a7a-83ddade53c2c,odata:vote:42201,plenum,,,,"הצעת חוק הביטוח הלאומי (תיקון - תגמול מילואים לעובד עצמאי) (הוראת שעה - חרבות ברזל), התשפ""ה-2024",2024-11-19 22:00:00
c872ba4c-0053-4cd3-954c-0c189f14f3e0,odata:vote:42198,plenum,,,,"הצעת חוק הפיקוח על שירותים פיננסיים (שירותים פיננסיים מוסדרים) (תיקון - מסירת מידע על עמלות וריביות בידי נותן שירותים פיננסיים), התשפ""ד-2024",2024-11-19 22:00:00
859f5466-9231-4bd5-a0c4-5026bbde8041,odata:vote:42197,plenum,,,,"הצעת חוק קליטת חיילים משוחררים (תיקון - זכאות משרתי צבא ההגנה לישראל מקרן ""ממדים ללימודים""), התשפ""ד-2024",2024-11-19 22:00:00
93ac0c06-818a-4ba1-95e7-20cc6e0cbce8,odata:vote:42175,plenum,,,,"העברת הצעת חוק תובענות ייצוגיות (תיקון – פניה מוקדמת), התשפ""ד-2024 (פ/4270/25), מוועדת החוקה, חוק ומשפט לוועדה המשותפת של ועדת החוקה, חוק ומשפט וועדת הכלכלה לדיון בהצעת חוק תובענות ייצוגיות (תיקון מס' 16), התשפ""ד-2024",2024-11-19 21:46:00
b374ac81-d0d5-4b79-b861-b5075ed46e89,odata:vote:42173,plenum,,,,"החלטת הוועדה לביטחון לאומי בעניין פיצול הצעת חוק לתיקון פקודת בתי הסוהר (מס' 67) (סמכויות סוהר מחוץ לבית סוהר), התשפ""ה-2024",2024-11-19 21:43:00
8cef52e3-37ac-4511-8142-517e61cf839e,odata:vote:42171,plenum,,,,"הצעת חוק העונשין (תיקון מס' 151) , התשפ""ה-2024",2024-11-19 21:29:00
4fb82619-93d2-4549-98f6-09ceb53d71b1,odata:vote:42170,plenum,,,,"הצעת חוק הכניסה לישראל (תיקון מס' 41) (אי-מתן אשרה ורישיון ישיבה בישראל), התשפ""ה–2024",2024-11-19 19:33:00
ffeabc65-b57c-4838-aae3-ca774689e4a3,odata:vote:42168,plenum,,,,"הצעת חוק הביטוח הלאומי (תיקון מס' 250), התשפ""ה–2024",2024-11-19 17:43:00
55e69da5-8bbb-4341-aa3f-2166846a6b6b,odata:vote:42165,plenum,,,,"הצעת חוק הביטוח הלאומי (תיקון מס' 251), התשפ""ה–2024",2024-11-19 17:21:00
7a07716d-0af6-4a15-9b37-97aee4707062,odata:vote:42155,plenum,,,,"הצעת חוק לתיקון פקודת בתי הסוהר (תיקון מס' 66 – הוראת שעה – חרבות ברזל) (חופשה מיוחדת לאסיר) (תיקון מס' 2), התשפ""ה-2024",2024-11-18 23:11:00
27b532f4-831c-47e6-a380-8789c3796b29,odata:vote:42152,plenum,,,,"""השבת החטופות והחטופים"" - דיון בהשתתפות ראש הממשלה על פי בקשתם של 40 חברי כנסת",2024-11-18 16:13:00
be597e97-9030-4985-8cb9-4a50ff3976d0,odata:vote:42159,plenum,,,,"הצעת חוק הרשויות המקומיות (בחירת ראש הרשות וסגניו וכהונתם) (תיקון מס' 40) (שינוי מספרי סגנים), התשפ""ה-2024",2024-11-17 22:00:00
ae2869d1-5c05-4e0a-b0c0-cf1c456e9c50,odata:vote:42161,plenum,,,,"הצעת חוק ההתייעלות הכלכלית (תיקוני חקיקה להשגת יעדי התקציב לשנת התקציב 2025) (הקפאת שכר נושאי משרה ברשויות השלטון וברשויות מקומיות בשנת 2025 והעלאת דמי ביטוח לאומי), התשפ""ה-2024",2024-11-17 22:00:00
4f5084d0-7560-49c4-b37b-8403af5d11bd,odata:vote:42142,plenum,,,,"הצעת חוק כביש אגרה (כביש ארצי לישראל) (תיקון מס' 5), התשפ""ה–2024",2024-11-13 18:42:00
fed722f9-b1b5-4954-b718-dd398e636d78,odata:vote:42141,plenum,,,,"הצעה דחופה לסדר היום בנושא: ""העלאת מחירים בלתי מבוקרת בשוק המזון והמשקאות""",2024-11-13 18:35:00
44fe1774-30b3-44b1-8410-7274c578e19e,odata:vote:42140,plenum,,,,"הצעה דחופה לסדר היום בנושא: ""קבלת חוות דעת משפטית חלופית בעבודת הקבינט בשאלות מדיניות מרכזיות""",2024-11-13 18:08:00
594e6a3d-03c5-467f-b658-fa231ebf0d59,odata:vote:42139,plenum,,,,"הצעה דחופה לסדר היום בנושא: ""סיוע לבעלי עסקים המשרתים בשירות מילואים פעיל""",2024-11-13 17:46:00
94d2cbe4-9164-4e23-ad64-45a25b79577c,odata:vote:42138,plenum,,,,"הצעה דחופה לסדר היום בנושא: ""מחדל הנגישות בתחבורה הציבורית: פגיעה בזכויותיהם של אנשים עם מוגבלות""",2024-11-13 17:34:00
1df9fc3f-1d1a-48d9-93ef-8270a2dc9b39,odata:vote:42137,plenum,,,,"הצעה דחופה לסדר היום בנושא: ""נתיבי התחבורה הציבורית כמקור להעשרת קופות הרשויות""",2024-11-13 17:18:00
c1e71a1e-85d1-4145-a15c-4fdecd1b42ba,odata:vote:42136,plenum,,,,"הצעה דחופה לסדר היום בנושא: ""31 ילדים נהרגו בחמש שנים האחרונות בתאונות דרכים בסביבתם של גני ילדים ובתי ספר""",2024-11-13 17:02:00
03a25e0f-c019-47a2-a94a-069d5361c2d7,odata:vote:42135,plenum,,,,"הצעת חוק הירושה (תיקון - הרחבת הזכות להסתלקות), התשפ""ד-2024",2024-11-13 16:45:00
339f5097-1c4e-44b5-90e8-bf604df2d6b4,odata:vote:42205,plenum,,,,"הצעת חוק לשכת עורכי הדין (תיקון - דמי חבר), התשפ""ג-2023",2024-11-12 22:00:00
029272e7-0259-46a0-bdbf-bdc19111e843,odata:vote:42202,plenum,,,,"הצעת חוק הרשות לגיל הרך, התשפ""ד-2024",2024-11-12 22:00:00
274d789d-110f-4f37-8a2e-a4a61ce458d7,odata:vote:42206,plenum,,,,"הצעת חוק גמול לחיילים בשירות סדיר, התשפ""ג-2023",2024-11-12 22:00:00
06fb9535-a858-45d8-b079-893d762b4c5a,odata:vote:42146,plenum,,,,"הצעת חוק לשכת עורכי הדין (תיקון - אימון מתמחים), התשפ""ד-2024",2024-11-12 22:00:00
07a4f34a-bbc4-47f9-a45e-88b1dc5c4bf2,odata:vote:42204,plenum,,,,"הצעת חוק איסור הפליה ברישוי מחמת מצב בריאותי (תיקוני חקיקה), התשפ""ג-2022",2024-11-12 22:00:00
04d0f19f-1cdc-4aac-8566-f19c9a4c2a17,odata:vote:42147,plenum,,,,"הצעת חוק אסטרטגיית הביטחון הלאומי, התשפ""ד-2024",2024-11-12 22:00:00
c8bd541d-6742-4133-ac75-0b3eb5a8a356,odata:vote:42144,plenum,,,,"הצעת חוק הביטוח הלאומי (תיקון - חישוב תגמול מילואים למשוחרר משירות קבע או לפורש ממנו) (הוראת שעה), התשפ""ד-2024",2024-11-12 22:00:00
09889507-3a46-4093-b970-851ba010ea15,odata:vote:42148,plenum,,,,הצעת חוק-יסוד: ישראל - מדינת הלאום של העם היהודי (תיקון - שוויון ברוח עקרונות הכרזת העצמאות של מדינת ישראל),2024-11-12 22:00:00
298942d7-5a95-4fd1-a694-fd5c2a463780,odata:vote:42203,plenum,,,,"הצעת חוק יום לציון עליית יהודי תימן ולזכר הנספים בדרך לישראל, התשפ""ד-2024",2024-11-12 22:00:00
cfeb7eb5-434a-41f7-a75e-39e3ff2b7322,odata:vote:42207,plenum,,,,"הצעת חוק התכנון והבנייה (תיקון - הארכת הסמכות של ועדות מקומיות בגליל ובנגב), התשפ""ד-2024",2024-11-12 22:00:00
a7c95f64-048b-46fe-8c27-6993cd94e0f4,odata:vote:42149,plenum,,,,"הצעת חוק ביטוח סיעוד ממלכתי (תיקוני חקיקה), התשפ""ג-2023",2024-11-12 22:00:00
cca18474-aeb5-4033-bf66-6e3ba642f77e,odata:vote:42145,plenum,,,,"הצעת חוק המשטרה (חדירה לחומר מחשב), התשפ""ד-2024",2024-11-12 22:00:00
8fb9c7c2-b5de-400d-acec-e49391a552fc,odata:vote:42132,plenum,,,,"העברת הצעת חוק שיפוט בתי דין דתיים (בוררות), התשפ""ג-2023 (פ/1579/25), של חבר הכנסת ישראל אייכלר מוועדת הכספים לוועדת החוקה, חוק ומשפט",2024-11-12 17:16:00
03ebe265-7bbf-43b9-b801-f247d130bcd2,odata:vote:42130,plenum,,,,"העברת הצעת חוק שיפוט בתי דין דתיים (בוררות), התשפ""ג-2023 (פ/1178/25), של חבר הכנסת משה גפני מוועדת הכספים לוועדת החוקה, חוק ומשפט",2024-11-12 17:14:00
39f49fe2-4b05-4862-9eb2-6eabc5e886df,odata:vote:42131,plenum,,,,"הצעת חוק לתיקון דיני הבחירות לרשויות המקומיות (הוראת שעה), התשפ""ה-2024",2024-11-12 17:10:00
3b7c5ac8-b4f3-4dc4-8207-7fddd4f6041e,odata:vote:42127,plenum,,,,"הצעת חוק שירותי הובלה (תיקון מס' 3), התשפ""ה–2024",2024-11-12 16:58:00
2dc817ef-a92b-47f4-a923-6d5b472d015b,odata:vote:42123,plenum,,,,"הצעת חוק סדר הדין הפלילי (סמכויות אכיפה – נתוני תקשורת) (תיקון מס' 3), התשפ""ד–2024",2024-11-12 16:52:00
883b4673-3bcc-411b-a599-a7817927b728,odata:vote:42122,plenum,,,,"הצעת חוק לתיקון ולהארכת תוקפן של תקנות שעת חירום (חרבות ברזל) (פגישה עם עורך דין של עצור בעבירת ביטחון) (תיקון מס 4), התשפ""ה-2024",2024-11-12 16:43:00
d5685000-46fb-46d1-994b-56a31458b0d8,odata:vote:42119,plenum,,,,"הצעת חוק לתיקון ולהארכת תוקפן של תקנות שעת חירום (חרבות ברזל) (הארכת מעצר לחשוד בעבירת ביטחון) (תיקון מס' 4), התשפ""ה-2024",2024-11-12 16:39:00
9108b9f1-0245-4a72-9a19-20485fa1e591,odata:vote:42116,plenum,,,,"הצעת חוק התקנת מצלמות לשם הגנה על פעוטות במעונות יום לפעוטות (תיקון), התשפ""ה–2024",2024-11-12 15:53:00
ef1019e8-5d6c-46f8-af61-392aa2f0fbda,odata:vote:42107,plenum,,,,"הצעת חוק התכנון והבנייה (תיקון מס' 158), התשפ""ה-2024",2024-11-12 01:24:00
5e0c1a98-f295-43dc-9b47-014120705e59,odata:vote:42109,plenum,,,,"הצעת חוק המרכז לגביית קנסות, אגרות והוצאות (תיקון - פיצויים שהוטלו על ידי בית משפט צבאי), התשפ""ד-2024",2024-11-12 01:20:00
aa7f9b5c-1fb8-477c-bb69-1d6269dea55d,odata:vote:42106,plenum,,,,"הצעת חוק המרכז לגביית קנסות, אגרות והוצאות (תיקון מס' 30) (פיצויים שהטיל בית משפט צבאי), התשפ""ד–2024",2024-11-12 01:19:00
ae8bf23d-bb18-470d-b763-b4405d9b811b,odata:vote:42105,plenum,,,,"הודעת הממשלה על העברת הסמכות הנתונה על פי חוק המרכז למורשת מלחמת ששת הימים, שחרור ירושלים ואיחודה, בגבעת התחמושת, תשע""ז-2017, מראש הממשלה לשר המורשת, בהתאם לסעיף 31(ב) לחוק-יסוד: הממשלה",2024-11-12 00:45:00
099a0085-618e-472e-8775-63b3892f5614,odata:vote:42101,plenum,,,,הצעת חוק-יסוד: הממשלה (תיקון מס' 18) (ביטול ממשלת חילופים),2024-11-11 19:06:00
eb513ff4-28aa-4134-a408-64be44df08cc,odata:vote:42098,plenum,,,,"הצעה להביע אי אמון בממשלה מטעם סיעות רע""מ וחד""ש-תע""ל) בנושא: ""ההזנחה המכוונת והממושכת של הממשלה נגד החברה הערבית""",2024-11-11 15:48:00
f7bb6e91-3069-4327-9ce7-5b767b04470d,odata:vote:42099,plenum,,,,"הצעה להביע אי אמון בממשלה מטעם סיעות ישראל ביתנו, המחנה הממלכתי והעבודה בנושא: ""ממשלה שמקדמת חוקי השתמטות בזמן מלחמה, היא ממשלה לא לגיטימית""",2024-11-11 15:47:00
cbb9139d-5076-48c6-8699-fa9a9e5aadc1,odata:vote:42114,plenum,,,,"הצעת חוק שירותי הדת היהודיים (תיקון מס' 28) (הסדרת שיטת התקצוב למועצות הדתיות ולרשויות מקומיות שאין בהן מועצות דתיות), התשפ""ד–2024",2024-11-10 22:00:00
590e49f8-53be-4003-adc4-b4401626d959,odata:vote:42090,plenum,,,,"הודעת הממשלה על צירופו של חבר הכנסת זאב אלקין כשר בממשלה, בהתאם לסעיף 15 לחוק-יסוד: הממשלה",2024-11-07 22:40:00
453f62ac-9297-4789-b262-60066e43f21c,odata:vote:42089,plenum,,,,"הודעת הממשלה על מינויו של השר ישראל כ""ץ לתפקיד שר הביטחון במקום השר יואב גלנט, ומינויו של השר גדעון סער לתפקיד שר החוץ במקום השר ישראל כ""ץ, בהתאם לסעיף 31(א) לחוק-יסוד: הממשלה",2024-11-07 22:39:00
61716440-9081-41fd-8548-855193154d10,odata:vote:42078,plenum,,,,"הצעת חוק הנוער (שפיטה, ענישה ודרכי טיפול) (תיקון מס' 25 - הוראות שעה), התשפ""ד–2024",2024-11-07 01:33:00
50d4385a-4f4d-42f3-b228-7fc64c3a2d6e,odata:vote:42072,plenum,,,,"הצעת חוק גירוש משפחות מחבלים, התשפ""ה–2024",2024-11-07 00:54:00
0c0cebef-f01a-491e-8811-9ab5d3788add,odata:vote:42067,plenum,,,,"""מדיניות אכיפת חוק קמיניץ ביישובים הדרוזים מפרוץ המלחמה""",2024-11-06 18:20:00
7157a403-29d4-4daf-901c-790ce8b7a596,odata:vote:42087,plenum,,,,"הצעת חוק להקפאת כספים ששילמה הרשות הפלסטינית בזיקה לטרור מהכספים המועברים אליה מממשלת ישראל (תיקון - שיפוי המדינה על נזקי טרור), התשפ""ד-2024",2024-11-05 22:00:00
a2b33baf-3fde-4d85-a6ce-4c7a5798c0f4,odata:vote:42094,plenum,,,,"הצעת חוק לימוד חובה (תיקון - עובד סוציאלי או פסיכולוג חינוכי במוסד חינוכי ביישוב סמוך גבול), התשפ""ג-2023",2024-11-05 22:00:00
5185b38e-251d-4abd-8074-bf59a236519f,odata:vote:42097,plenum,,,,"הצעת חוק הביטוח הלאומי (תיקון - זכאות לדמי לידה עבור משרתות מילואים), התשפ""ד-2024",2024-11-05 22:00:00
29670fae-35ae-4acd-8e0c-51be8c3e46f4,odata:vote:42085,plenum,,,,"הצעת חוק מעמד המשרת בשירות סדיר או בשירות אזרחי, התשפ""ד-2024",2024-11-05 22:00:00
04906bdf-0b54-4085-97b3-e2e76388bb0f,odata:vote:42111,plenum,,,,"הצעת חוק שירותי הדת היהודיים (תיקון - הכרזה על בית עלמין סגור), התשפ""ד-2024",2024-11-05 22:00:00
5e96d199-967b-4b28-b1ec-8953c13e94d8,odata:vote:42082,plenum,,,,"הצעת חוק להפחתת סכום הפיצוי הכספי בשל נסיעה ללא תיקוף כרטיס בתחבורה ציבורית (תיקוני חקיקה), התשפ""ג-2023",2024-11-05 22:00:00
86708cfd-2e8d-43ef-990b-9743478d9544,odata:vote:42096,plenum,,,,"הצעת חוק הנצחת זכרם של קורבנות הטבח בכפר קאסם, התשפ""ג-2022",2024-11-05 22:00:00
6947a0c7-1a7b-4c58-a5dd-0b2fc6983035,odata:vote:42086,plenum,,,,"הצעת חוק מעמד המשרת בשירות צבאי או לאומי, התשפ""ד-2024",2024-11-05 22:00:00
82ced838-a6d3-4145-85ea-131828c33bb2,odata:vote:42084,plenum,,,,"הצעת חוק זכויות התורמים למדינה, התשפ""ג-2023",2024-11-05 22:00:00
2a8be26e-af98-4bcd-b0a2-64667d2df2cb,odata:vote:42058,plenum,,,,"הצעת חוק התכנון והבנייה (תיקון מס' 157), התשפ""ה–2024",2024-11-05 16:18:00
ce538948-142e-4b20-af05-fa6387641ebc,odata:vote:42056,plenum,,,,"הצעת חוק חובת המכרזים (תיקון מס' 26), התשפ""ה–2024",2024-11-05 16:13:00
bed328ad-cb7b-415b-ab7f-875b3fd5cd89,odata:vote:42054,plenum,,,,"הצעת חוק שירות המדינה (מינויים) (תיקון - ייצוג הולם ללוחמים), התשפ""ד-2024",2024-11-05 16:00:00
ee7b935a-4c02-43e5-82ee-7261beadd3df,odata:vote:42055,plenum,,,,"הצעת חוק שירות המדינה (מינויים) (תיקון מס' 21) (עדיפות למשרת מילואים פעיל בקבלה לשירות המדינה), התשפ""ה–2024",2024-11-05 16:00:00
f965de74-d2ba-4563-9b19-a134e64b9de8,odata:vote:42053,plenum,,,,"הצעת חוק לתיקון פקודת בתי הסוהר (מס' 67) (סמכויות סוהר מחוץ לבית סוהר), התשפ""ה–2024",2024-11-05 15:15:00
10b54092-ada9-4164-ab5e-1c91ea25158d,odata:vote:42051,plenum,,,,"הצעת חוק העונשין (תיקון מס' 154) (ביטול עבירת השוטטות), התשפ""ה-2024",2024-11-05 14:44:00
766c4ecb-737f-43c6-838a-0855c72e6bc1,odata:vote:42045,plenum,,,,"הצעת חוק איסור העסקת עובדי הוראה ושלילת תקציב ממוסדות חינוך עקב הזדהות עם מעשה טרור או עם ארגון טרור (תיקוני חקיקה), התשפ""ה–2024",2024-11-05 03:35:00
9ad02cae-d78d-4837-a708-2455d27961b0,odata:vote:41969,plenum,,,,"הצעה להביע אי אמון בממשלה מטעם סיעת חד""ש-תע""ל בנושא: ""המשך המלחמה והשלכותיה ההרסניות על הציבור לרבות הציבור הערבי""",2024-11-04 15:48:00
14a09e07-a516-49c0-898c-d6da0b19602b,odata:vote:41970,plenum,,,,"הצעה להביע אי-אמון בממשלה מטעם סיעת רע""מ בנושא: ""היעדר מיגוניות בחברה הערבית: מחדל ממשלתי מסוכן שמעמיד חיי תושבים בסכנה""",2024-11-04 15:47:00
bf215eb1-5634-414e-9ec1-921330304a60,odata:vote:41971,plenum,,,,"הצעה להביע אי-אמון בממשלה מטעם סיעת יש עתיד בנושא: ""ממשלה המקדמת השתמטות חוקית ומגדילה את העול על הרוב העובד והמשרת""",2024-11-04 15:46:00
209130af-7d42-48c8-8243-8f22d654ed27,odata:vote:41960,plenum,,,,"הצעה דחופה לסדר היום בנושא: ""פיקוח על מתן התאמות לסטודנטים שבמילואים""",2024-10-30 16:02:00
fa7d7729-295a-4f2a-861b-efdec100eeff,odata:vote:41959,plenum,,,,"הצעה דחופה לסדר היום בנושא: ""היעדר מיגון בישובים הערביים בצפון""",2024-10-30 15:51:00
82f234ba-8bf4-42c5-b702-95d12fc4993f,odata:vote:41957,plenum,,,,"הצעת חוק לייעול האכיפה והפיקוח העירוניים ברשויות המקומיות (הוראת שעה) (תיקון מס' 13), התשפ""ה-2024",2024-10-30 15:21:00
3fc761a1-14af-4284-a657-5fa26caa7a3a,odata:vote:41956,plenum,,,,"הצעת חוק הממשלה (תיקון - קיום מסיבת עיתונאים עיתית לגופי התקשורת בישראל), התשפ""ד-2024",2024-10-30 15:13:00
e088cde9-25de-41d6-a403-a77331a127b2,odata:vote:41955,plenum,,,,"הצעת חוק הגנת הצרכן (תיקון - מענה אנושי בשירות טלפוני לאזרח ותיק), התשפ""ג-2023",2024-10-30 14:46:00
ebaab3ff-46ef-4d46-8c5c-17f48cff31f4,odata:vote:41954,plenum,,,,הצעת חוק-יסוד: הכרה במדינה פלסטינית,2024-10-30 14:19:00
a6d64aae-a03d-4f5a-afc7-922e4405e83a,odata:vote:41944,plenum,,,,"הצעת חוק לתיקון פקודת בתי הסוהר (שלילת ביקורים מאסירים ביטחוניים המשתייכים לארגון טרור המחזיק בשבויים ישראליים), התשפ""ד-2023",2024-10-30 12:32:00
a26f473a-2392-4b33-8585-6bffdf87b58e,odata:vote:41943,plenum,,,,"הצעת חוק שנת שירות, התשפ""ד-2024",2024-10-30 12:17:00
46c6fed8-4e3e-4029-95d6-dbbe2f14d08e,odata:vote:41942,plenum,,,,"הצעת חוק הפיקוח על מעונות יום לפעוטות (תיקון - חובת מרחב מוגן כתנאי לרישיון), התשפ""ד-2024",2024-10-30 11:00:00
a5d1b5b0-b602-441a-ac6e-de96f3154372,odata:vote:41941,plenum,,,,"הצעת חוק העונשין (תיקון - נשק לפגיעה המונית), התשפ""ד-2024",2024-10-30 09:58:00
98dcedb4-67dd-4b47-bb9f-24030da35568,odata:vote:41940,plenum,,,,"הצעת חוק כליאתם של לוחמים בלתי חוקיים (תיקון - החלפת המונח לוחמים בלתי חוקיים), התשפ""ד-2024",2024-10-30 09:46:00
b69dcea0-106e-4a9a-bc1d-269c61d5fa13,odata:vote:41939,plenum,,,,הצעת חוק יסוד: השפיטה (תיקון - שלילת זכות עמידה למתגמל טרור),2024-10-30 09:29:00
2cf30aed-ba4d-4233-a70e-cf73f4cd20fa,odata:vote:41962,plenum,,,,"הצעת חוק חובת הצגה של נתוני צפייה לצופה, התשפ""ד-2024",2024-10-29 22:00:00
3c831599-4db1-4212-b16f-f3fb4182357e,odata:vote:41965,plenum,,,,הצעת חוק-יסוד: הכנסת (תיקון - הרחבת העילות למניעת השתתפות בבחירות),2024-10-29 22:00:00
a0a453c0-0178-43e6-a832-2222dd966f5d,odata:vote:41961,plenum,,,,"הצעת חוק סגירה מוחלטת של מעברי הגבול לרצועת עזה (תיקוני חקיקה), התשפ""ד-2024",2024-10-29 22:00:00
40c6932a-a9a3-42c3-bc49-15a2f7e1ebdf,odata:vote:41935,plenum,,,,"הצעת חוק רישוי עסקים (תיקון מס' 39) (פטור מרישוי עסק לקייטנות לארגוני נוער), התשפ""ה–2024",2024-10-29 16:44:00
56b393da-bda3-482e-9619-d442035c2e2f,odata:vote:41934,plenum,,,,"הצעת חוק התכנון והבנייה (תיקון מס' 158) (היתר לבתים מאזנים בייעוד קרקע למטרת מגורים), התשפ""ה-2024",2024-10-29 16:31:00
03e28356-ecc0-4214-9c3f-aab5c8de2da8,odata:vote:41932,plenum,,,,"הצעת חוק משפחות חיילים שנספו במערכה (תגמולים ושיקום) (תיקון - תגמולי יתומים, אלמנות וגרושות), התשפ""ד-2024",2024-10-29 16:01:00
f50705f7-b4fc-4fd5-bebd-d86f9ddabca7,odata:vote:41933,plenum,,,,"הצעת חוק משפחות חיילים שנספו במערכה (תגמולים ושיקום) (תיקון מס' 45) (תגמול לגרושות), התשפ""ה-2024",2024-10-29 16:01:00
00b72994-7027-456b-a631-f0e7d4280b2d,odata:vote:41931,plenum,,,,"הצעת חוק הסיוע המשפטי (תיקון מס' 27 – הוראת שעה), התשפ""ד–2024",2024-10-29 15:41:00
2b6729c0-01ef-4403-a461-82029b1042d8,odata:vote:41929,plenum,,,,"הצעת חוק העסקת עובדים על ידי קבלני כוח אדם (תיקון מס' 13), התשפ""ד-2024",2024-10-29 15:24:00
fcd3ee2e-1363-4c2e-830a-aa7f9c3042e7,odata:vote:41927,plenum,,,,הצעת חוק-יסוד: ירושלים בירת ישראל (תיקון מס' 3),2024-10-29 14:59:00
2b2a092b-3df0-4bf2-81df-ab389f7046b9,odata:vote:41924,plenum,,,,"הצעת חוק הסכמים קיבוציים (תיקון מס' 11 – הוראת שעה – חרבות ברזל) (הוראות מיוחדות לעניין הרחבת הסכם קיבוצי כללי שנעשה בשל פעולות האיבה או פעולות המלחמה) (תיקון), התשפ""ד-2024",2024-10-28 21:29:00
a8ac57a7-9642-45ce-8e73-1d307c7c51b3,odata:vote:41919,plenum,,,,"הצעת חוק להפסקת פעילות אונר""א, התשפ""ה-2024",2024-10-28 19:56:00
db815a72-01c4-4f03-b862-b2192d9989d3,odata:vote:41904,plenum,,,,"הצעת חוק להפסקת פעילות אונר""א בשטח מדינת ישראל, התשפ""ה-2024",2024-10-28 19:02:00
2430467b-28d7-4a63-8122-dc3f576471e1,odata:vote:41897,plenum,,,,"הצעה להביע אי אמון בממשלה מטעם סיעת העבודה בנושא: ""ממשלה ללא תקומה שפוגעת בחזון הציוני""",2024-10-28 17:28:00
0cd8032d-cb03-4645-988f-696de2ee42af,odata:vote:41899,plenum,,,,"הצעה להביע אי אמון בממשלה מטעם סיעת המחנה הממלכתי בנושא:""ממשלה כושלת בכל תפקידיה, המפקירה את העם בישראל""",2024-10-28 17:27:00
760201ee-1be3-4faf-88d4-559ba8faa8bb,odata:vote:41898,plenum,,,,"הצעה להביע אי אמון בממשלה מטעם סיעת ישראל ביתנו בנושא: ""כישלון הממשלה בניהול הביטחוני והכלכלי""",2024-10-28 17:27:00
f2e4f1bc-f08d-485e-aa64-82fb55a69cbc,odata:vote:41889,plenum,,,,"הצעת חוק הגנה על עובדים בשעת חירום (תיקון מס' 5 והוראת שעה - חרבות ברזל) (תיקון מס' 2), התשפ""ד-2024",2024-09-30 11:31:00
d49eac70-1d75-46be-8a40-6c260e310530,odata:vote:41888,plenum,,,,"הודעת הממשלה על צירופו של חבר הכנסת גדעון סער, כשר נוסף בממשלה, לפי סעיף 15 לחוק-יסוד: הממשלה",2024-09-30 11:12:00
bdcd8964-a4f6-481d-96e1-19efe9cef583,odata:vote:41885,plenum,,,,"צו הבלו על דלק (הטלת בלו)(תיקון מס' 2 והוראת שעה מס' 2 ), התשפ""ד-2024 (תמחור פליטות מזהמים מקומיים וגזי חממה)",2024-09-29 20:38:00
7d688b8a-680c-49fe-9463-a4aad1359497,odata:vote:41886,plenum,,,,"צו תעריף המכס והפטורים ומס קנייה טובין (תיקון מס' 8 והוראת שעה מס' 10), התשפ""ד-2024 (תמחור פליטות מזהמים מקומיים וגזי חממה)",2024-09-29 20:37:00
61c35cd8-cf3a-4a99-9134-b13625d9d8ec,odata:vote:41884,plenum,,,,"הצעת חוק הרבנות הראשית לישראל (תיקון מס' 8) (הרכב האסיפה הבוחרת), התשפ""ד-2024",2024-09-29 20:24:00
141620ca-c4bd-44a2-8c9a-1b7f57ebefac,odata:vote:41880,plenum,,,,"הצעת חוק הרבנות הראשית לישראל (הארכת כהונה של הרבנים הראשיים לישראל ושל חברי מועצת הרבנות לישראל והוראות נוספות) (הוראת שעה) (תיקון מס' 2), התשפ""ד-2024",2024-09-29 19:52:00
b9dac98b-e9fe-4717-b1ba-149f3a7385a0,odata:vote:41879,plenum,,,,"הצעת חוק הגנה על עובדים בשעת חירום (תיקון מס' 5 הוראת שעה - חרבות ברזל) (תיקון מס' 2), התשפ""ד-2024",2024-09-29 18:42:00
fe46986f-4e23-4dc8-8bdb-7c308326ca66,odata:vote:41877,plenum,,,,"הצעת חוק תקציב נוסף לשנת הכספים 2024 (מס' 2), התשפ""ד-2024",2024-09-29 18:26:00
1ce9f6fc-d658-4401-9727-d3827cb58fda,odata:vote:41773,plenum,,,,"הצעת חוק הפחתת הגירעון והגבלת ההוצאה התקציבית (תיקון מס' 26), התשפ""ד-2024",2024-09-29 17:10:00
e3fe7438-1abb-47d9-b47c-5f44bdedcf79,odata:vote:41739,plenum,,,,הצעת ועדת הכנסת בעניין הקמת הוועדה המיוחדת ליישובים בגבול המזרחי,2024-09-12 12:42:00
11fe66bb-00c9-4e8c-a892-788c6e56c394,odata:vote:41735,plenum,,,,"הצעת חוק לתיקון פקודת בריאות העם (מס' 43), התשפ""ד–2024",2024-09-09 17:28:00
34471645-a72a-48a1-974f-2bfcda651aac,odata:vote:41732,plenum,,,,"הצעת חוק החברות (תיקון מס' 37), התשפ""ד-2024",2024-09-09 17:22:00
59501285-6bb6-4f36-95fa-e8992e81f339,odata:vote:41730,plenum,,,,"הצעת חוק ההוצאה לפועל (תיקון מס' 77), התשפ""ד-2024",2024-09-09 17:10:00
5fbbad15-c8de-4862-992f-df1a192a473d,odata:vote:41728,plenum,,,,"הצעת חוק עזרה משפטית בין מדינות (תיקון מס' 12), התשפ""ד-2024",2024-09-09 16:48:00
d488f6c6-0ed2-4667-b677-3fb5f808ae89,odata:vote:41729,plenum,,,,"הצעת חוק לתיקון פקודת התעבורה (מס' 137), התשפ""ד-2024",2024-09-09 16:47:00
9be19f4e-19eb-44cc-adc2-b883222ae994,odata:vote:41727,plenum,,,,"הצעת חוק לתיקון פקודת מס הכנסה (מס' 274), התשפ""ד-2024",2024-09-09 16:38:00
fcecd434-a43f-4b63-933d-0ab72923ca38,odata:vote:41726,plenum,,,,"הצעה לסדר היום בנושא: ""הורדת דירוג אשראי נוספת""",2024-09-09 15:55:00
dff5b81a-da1f-45a9-8488-894ad0ab72bc,odata:vote:41725,plenum,,,,"הצעה לסדר היום בנושא: ""האסון הכלכלי המתקרב אלינו""",2024-09-09 15:54:00
89caab49-ae93-4282-bb1d-4c2e72fbf2c1,odata:vote:41724,plenum,,,,"הצעה לסדר היום בנושא: ""הכישלון הכולל של הממשלה בניהול המלחמה והשגת יעדיה""",2024-09-09 15:11:00
189d784a-2c79-4e62-9f69-1700242594d8,odata:vote:41723,plenum,,,,"הצעה לסדר היום בנושא: ""רצח שישה חטופים בשבי חמאס""",2024-09-09 14:41:00
dd40a50e-c2a7-457f-acad-e6ebd6e3ba36,odata:vote:41665,plenum,,,,"הצעה לסדר היום בנושא: ""היערכות מערכת החינוך בצל המלחמה""",2024-08-14 10:32:00
ee9a1e78-fe97-4cab-bc6b-45b1822e4001,odata:vote:41664,plenum,,,,"הצעת חוק לתיקון פקודת התעבורה (מס' 136), התשפ""ד-2024",2024-08-14 07:18:00
baec0015-b750-4a77-a9d3-c7983d3bc65f,odata:vote:41893,plenum,,,,"הצעה לסדר היום בנושא: ""ממשלה שהובילה לאיבוד הביטחון, ההרתעה והכבוד הלאומי""",2024-08-13 21:00:00
d3295416-3e49-4668-be80-aaec2a1f687f,odata:vote:41652,plenum,,,,"הצעת חוק הפצת שידורים באמצעות תחנות שידור ספרתיות (תיקון מס' 7 - הוראת שעה), התשפ""ד–2024",2024-08-06 10:49:00
d950bfbe-8ecc-4e33-aa6e-e96d6a60d279,odata:vote:41611,plenum,,,,"הצעת חוק לשכת עורכי הדין (תיקון מס' 44), התשפ""ד–2024",2024-08-05 17:12:00
39b68552-c735-42bd-8601-ce14f27f9f0b,odata:vote:41610,plenum,,,,"הצעת חוק שירותי הובלה (תיקון מס' 3) (איסור העמסת מטען שאינו תואם את תנאי רישיון הרכב), התשפ""ד–2024",2024-08-05 17:04:00
946a3cfc-0115-48f9-8ca5-621697880754,odata:vote:41607,plenum,,,,"הצעת חוק הממשלה (תיקון מס' 14) (ביטול ממשלת החילופים), התשפ''ד–2024",2024-08-05 16:34:00
6bd80b4c-a62a-4571-81b8-e7d3301e2590,odata:vote:41608,plenum,,,,הצעת חוק-יסוד: הממשלה (תיקון - ביטול ממשלת חילופים),2024-08-05 16:33:00
0035515c-f8a7-4010-b9ff-8ec6971fbf19,odata:vote:41609,plenum,,,,הצעת חוק-יסוד: הממשלה (תיקון מס' 17) (ביטול ממשלת חילופים),2024-08-05 16:32:00
c5286ab1-b75a-461b-a8de-c44b264f323a,odata:vote:41605,plenum,,,,"הצעת חוק מניעת מימון של מדינת ישראל לייצוג משפטי של זר שהוא חשוד או נאשם בטרור, התשפ""ד–2024",2024-08-05 15:45:00
0ae76903-821c-435d-b03b-3608ef4a92b3,odata:vote:41601,plenum,,,,"הצעת חוק בתי דין רבניים (קיום פסקי דין של גירושין) (תיקון מס' 9), התשפ""ד-2024",2024-08-05 13:12:00
01230b00-5969-425c-a37c-d5d5ecb81fb0,odata:vote:41598,plenum,,,,"הצעת חוק הכשרות המשפטית והאפוטרופסות (תיקון מס' 21), התשפ""ד-2024",2024-08-05 12:26:00
b4fa0d71-3c21-4f2e-98b6-129a876fcb7d,odata:vote:41596,plenum,,,,"הצעת חוק פיצויי פיטורים (תיקון מס' 34 – הוראת שעה – חרבות ברזל), התשפ""ד-2024",2024-08-05 12:19:00
4a882757-796d-4232-8d24-1273b7b5aa00,odata:vote:41594,plenum,,,,"הצעת חוק התכנון והבנייה (תיקון מס' 155), התשפ""ד-2024",2024-08-05 12:02:00
4b1fff16-7eaf-4475-999e-3aafde89cf41,odata:vote:41593,plenum,,,,"הצעת חוק התכנון והבנייה (תיקון מס' 154- הוראת שעה), התשפ""ד-2024",2024-08-05 11:32:00
2311a313-d095-4748-ba07-9440c2d51ba0,odata:vote:41591,plenum,,,,"הצעת חוק הגנת הפרטיות (תיקון מס' 13), התשפ""ד-2024",2024-08-05 11:21:00
c29ee1f9-bfe8-4db6-8b4a-cae749064120,odata:vote:41589,plenum,,,,"הצעת חוק התקנים (תיקון מס' 19), התשפ""ד-2024",2024-08-05 10:02:00
a54abc7c-d438-4e83-8fb9-6c3f2f527a27,odata:vote:41587,plenum,,,,"הצעת חוק הסכמים קיבוצים (תיקון מס' 11 – הוראת שעה – חרבות ברזל) (הוראות מיוחדות לעניין הרחבת הסכם קיבוצי כללי שנעשה בשל פעולות האיבה או פעולות המלחמה) (תיקון), התשפ""ד-2024",2024-08-05 08:07:00
31ac9ed4-65de-40b0-b457-80bd4115e64b,odata:vote:41585,plenum,,,,"הצעת חוק הסיוע המשפטי (סיוע משפטי לאדם בהליך אזרחי לפי חוק איסור הפליה במוצרים, בשירותים ובכניסה למקומות בידור ולמקומות ציבוריים, התשס""א-2000) (הוראת שעה), התשפ""ג-2023",2024-08-05 07:19:00
15a81569-0d0a-446a-9c3f-245c3b6391d4,odata:vote:41613,plenum,,,,"הצעה לסדר היום בנושא: ""הפקרות ביטחונית בצפון וויתור הממשלה על הגליל""",2024-08-04 21:00:00
fb6c97e8-a46c-4fc9-9f01-e6d43138faca,odata:vote:41583,plenum,,,,"הצעת חוק לתיקון פקודת בתי הסוהר (הוראת שעה), התשפ""ד-2024",2024-07-28 09:51:00
a6868088-e54c-47e3-882a-17af12af6905,odata:vote:41581,plenum,,,,"הצעת חוק כליאתם של לוחמים בלתי חוקיים (תיקון מס' 4 והוראת שעה – חרבות ברזל) (תיקון מס' 2), התשפ""ד-2024",2024-07-28 09:41:00
0f631026-09cd-4ff3-91d0-12d871f54bb8,odata:vote:41579,plenum,,,,"הצעת חוק הביטוח הלאומי (תיקון מס' 248), התשפ""ד-2024",2024-07-28 08:22:00
ded0c568-b913-4bf9-b870-3069bd851442,odata:vote:41576,plenum,,,,"הצעת חוק הסיוע המשפטי (תיקון מס' 26 והוראת שעה), התשפ""ד-2024",2024-07-25 01:27:00
e04a28e9-b854-4307-8d2d-9dfb34eab6ea,odata:vote:41574,plenum,,,,"הצעת חוק לתיקון פקודת הרוקחים (תיקון מס' 37), התשפ""ד-2024",2024-07-25 01:16:00
55d489bf-2d2d-4d93-bd87-6265f1c3efad,odata:vote:41573,plenum,,,,"הצעת חוק הפרות תעבורה מינהליות, התשפ""ד-2024",2024-07-25 01:08:00
6df0dd74-6302-4fc6-a242-9260a93920e4,odata:vote:41571,plenum,,,,"הצעת חוק רכבת תחתית (מטרו) (תיקון מס' 4), התשפ""ד-2024",2024-07-25 00:53:00
985d3b80-bc9f-4f68-bece-6f311adb9140,odata:vote:41568,plenum,,,,"הצעת חוק הספריות הציבוריות, התשפ""ד-2024",2024-07-25 00:31:00
ff34bd20-7ed0-4dd7-a43b-197fd0f8f8de,odata:vote:41566,plenum,,,,"הצעת חוק הגנה על בריאות הציבור (מזון) (תיקון מס' 10 והוראת שעה), התשפ""ד-2024",2024-07-25 00:01:00
dbd84e08-cb0f-4c25-ae6e-e50a08b945af,odata:vote:41558,plenum,,,,"הצעת חוק הרשות השנייה לטלוויזיה ורדיו (תיקון מס' 49), התשפ""ד-2024",2024-07-24 23:46:00
e5a9ac3d-40c2-4cda-8450-29e58ab54295,odata:vote:41549,plenum,,,,"הצעת חוק נציב תלונות הציבור על שופטים (תיקון מס' 6) (בחירת הנציב), התשפ""ד–2024",2024-07-24 23:26:00
73941771-2d8b-4775-8c48-852f5ee3f1a7,odata:vote:41548,plenum,,,,"החלטת הממשלה בהתאם לסעיף 31(ב) לחוק יסוד: הממשלה, להעביר משר האוצר לשר לביטחון לאומי את הסמכויות הנתונות לשר האוצר ביחס לרשות לאכיפה במקרקעין ולפעילותה לפי פרק י' ולפי סעיף 265(9) לחוק התכנון והבניה, התשכ""ה-1965",2024-07-24 22:01:00
8415edb7-0a87-47c8-a5d7-ae7e31580360,odata:vote:41546,plenum,,,,"הצעת חוק התקשורת (בזק ושידורים) (תיקון מס' 79), התשפ""ד–2024",2024-07-24 19:12:00
c699d29e-11ca-44a8-8346-1873ffb3dafb,odata:vote:41383,plenum,,,,"הצעת חוק תובענות ייצוגיות (תיקון מס' 16), התשפ""ד-2024",2024-07-24 10:51:00
01d66398-de1a-4706-ad6c-f54b7e3a74e8,odata:vote:41381,plenum,,,,"הצעת חוק הביטוח הלאומי (תיקון מס' 250) (תגמול מיוחד חלף שכר לחטופים ולנעדרים), התשפ""ד-2024",2024-07-24 06:51:00
fdb06ee0-b75d-4094-880b-cb36c4f7bde1,odata:vote:41380,plenum,,,,"הצעת חוק התכנון והבנייה (תיקון מס' 156) (שומה מתוקנת מוסכמת), התשפ""ד–2024",2024-07-23 12:25:00
691ab85f-9b66-4db3-941e-d5792fa8ca78,odata:vote:41379,plenum,,,,"הצעת חוק לתיקון פקודת התעבורה (מס' 134) (תשלום דמי חניה), התשפ""ד–2024",2024-07-23 11:58:00
474a37b0-764a-4206-a293-1d88bbfb443c,odata:vote:41376,plenum,,,,"הצעת חוק לתיקון פקודת מס הכנסה (מס' 273), התשפ""ד–2024",2024-07-23 11:37:00
0a6bb1dd-12e7-4f23-8a58-4dcf772ea132,odata:vote:41374,plenum,,,,"הצעת חוק למניעת הטרדה מינית (תיקון מס' 16), התשפ""ד–2024",2024-07-23 11:28:00
2d5da514-09a7-406e-831b-9702455f1671,odata:vote:41372,plenum,,,,"הצעת חוק הקמת מאגר מידע גנטי של כלבים, התשפ""ד–2024",2024-07-23 11:01:00
91367d84-450f-4e03-85f9-f510634a97cc,odata:vote:41371,plenum,,,,"הצעת חוק לתיקון פקודת הנמלים (מס' 6), התשפ""ד–2024",2024-07-23 10:48:00
070f588d-9565-46a6-9878-a9552266b99b,odata:vote:41369,plenum,,,,"הצעת חוק זכויות הסטודנט (תיקון מס' 9 – הוראת שעה – חרבות ברזל), התשפ""ד–2024",2024-07-23 10:32:00
b2330dd6-f1c4-40a4-b1fe-e753e2e56c7e,odata:vote:41366,plenum,,,,"הצעת חוק יום בריאות הנפש, התשפ""ד-2024",2024-07-23 10:25:00
2aa07151-2f27-41af-a233-460540efb48a,odata:vote:41364,plenum,,,,"הצעת חוק לתיקון סדרי הדין (חקירת עדים) (תיקון מס' 10), התשפ""ד–2024",2024-07-23 10:08:00
8a5c912e-5d7e-46fd-a37c-cab03e168633,odata:vote:41363,plenum,,,,"הצעת חוק הבנקאות (רישוי) (תיקון מס' 32), התשפ""ד–2024",2024-07-23 09:58:00
fbb3580a-137a-4c12-9010-870d4fa9034b,odata:vote:41361,plenum,,,,"הצעת חוק הביטוח הלאומי (תיקון מס' 248) (שלילת קצבאות שמשולמות לפעילי טרור מחוץ לישראל), התשפ""ד–2024",2024-07-23 09:46:00
f04428c7-7bde-410f-be3d-4225277720a6,odata:vote:41360,plenum,,,,"הצעת חוק שוויון ההזדמנויות בעבודה (תיקון מס' 25) (הארכת תקופת ההתיישנות), התשפ""ד–2024",2024-07-23 09:33:00
0548edac-0a73-44f9-a685-2253dc18ee29,odata:vote:41359,plenum,,,,"הצעת חוק סדר הדין הפלילי (סמכויות אכיפה – נתוני תקשורת) (תיקון מס' 3) (חובת דיווח), התשפ""ד–2024",2024-07-23 09:01:00
1de0416a-b847-46cf-88cb-f7aa0e1d520b,odata:vote:41358,plenum,,,,"הצעת חוק החברות הממשלתיות (תיקון - חובת תרומת מזון עודף), התשפ""ג-2023",2024-07-23 08:08:00
332c0586-e836-4ea2-b436-b61f177f7142,odata:vote:41357,plenum,,,,"הצעת חוק עידוד תרומות מזון (תיקון) (חובת תרומה של מזון עודף), התשפ""ד–2024",2024-07-23 08:07:00
d09c0a83-eaf2-4847-8cdb-f29c8eca065e,odata:vote:41356,plenum,,,,"הצעת חוק עבודת נשים (תיקון מס' 65) (היעדרות בן זוג בשל אשפוז פג), התשפ""ד–2024",2024-07-23 07:44:00
0c337982-40c9-4f85-9e53-eb586a3b4d11,odata:vote:41355,plenum,,,,"הצעת חוק הביטוח הלאומי (תיקון מס' 249) (שלילת קצבאות בעד ילד הנמצא במאסר בשל עבירת טרור), התשפ""ד–2024",2024-07-23 07:29:00
1dca8bac-db42-4480-a879-dbab27d5341d,odata:vote:41354,plenum,,,,"הצעת חוק לתיקון פקודת בריאות העם (מס' 42) (מאגר חיסונים לאומי), התשפ""ד–2024",2024-07-23 07:11:00
3c580115-12ce-4baf-9282-2d9f48db774f,odata:vote:41351,plenum,,,,"הצעת חוק הגישה לתוכן דיגיטלי לאחר פטירתו של אדם, התשפ""ד–2024",2024-07-22 19:04:00
d9cea3e5-94d1-46d9-94df-7dbf16f988e8,odata:vote:41348,plenum,,,,"הצעת חוק ניוד מידע רפואי, התשפ""ד-2024",2024-07-22 18:45:00
6d8a6844-9d3b-4d78-b356-f554bf3d9c72,odata:vote:41346,plenum,,,,"הצעת חוק הבנקאות (רישוי) (תיקון מס' 31), התשפ""ד-2024",2024-07-22 18:13:00
63c8918b-3638-4206-8144-7420209f5928,odata:vote:41344,plenum,,,,"הצעת חוק נטילת אמצעי זיהוי ביומטריים מזרים, הפקת נתוני זיהוי ביומטריים ומאגר מידע, התשפ""ד-2024",2024-07-22 18:03:00
14d7f639-0825-463a-aac4-5b2adb84cae5,odata:vote:41343,plenum,,,,"הצעת חוק בתי המשפט (תיקון מס' 102), התשפ""ד–2024",2024-07-22 17:54:00
af9a2b87-1efe-4648-93b5-da55a510dcb7,odata:vote:41341,plenum,,,,"הצעת חוק התמודדות עם תקיפות סייבר חמורות במגזר השירותים הדיגיטליים ושירותי האחסון (הוראת שעה – חרבות ברזל) (תיקון) (הארכת תוקף), התשפ""ד-2024",2024-07-22 17:43:00
93ff68ee-37cc-4d4f-8e6d-595c0346afb7,odata:vote:41339,plenum,,,,"הצעת חוק העונשין (תיקון מס' 152) (תקיפת סוהר), התשפ""ד–2024",2024-07-22 17:35:00
b7b8473d-1950-4066-88be-9ebb0279f21e,odata:vote:41338,plenum,,,,"הצעת חוק להנצחת זכרו של מרן הרב עובדיה יוסף, התשפ""ג-2023",2024-07-22 17:03:00
ede79b0e-f7d7-48f4-8d21-3df4ce57cfd4,odata:vote:41337,plenum,,,,"הצעת חוק להנצחת זכרו של הרב חיים דרוקמן, התשפ""ג–2023",2024-07-22 16:16:00
1f94da3a-3c15-43dc-892b-483b71bd6955,odata:vote:41336,plenum,,,,"הצעת חוק להפסקת יחסי מדינת ישראל עם סוכנות הסעד והתעסוקה של האו""ם לפליטי פלסטין במזרח הקרוב (אונר""א) והכרזה עליה כארגון טרור, התשפ""ד-2024",2024-07-22 14:09:00
09043df4-00a6-4c8d-9d2c-43538f91fd8d,odata:vote:41333,plenum,,,,"הצעת חוק לתיקון פקודת החסינויות וזכויות-היתר של האומות המאוחדות (ביטול החסינויות וזכויות-היתר של סוכנות הסעד והתעסוקה של האו""ם לפליטי פלסטין במזרח הקרוב (אונר""א)), התשפ""ד-2024",2024-07-22 14:07:00
9b9143e4-9fa4-4c88-8455-90d7277becfc,odata:vote:41334,plenum,,,,"הצעת חוק להפסקת פעילות סוכנות הסעד והתעסוקה של האו""ם לפליטי פלסטין במזרח הקרוב (אונר""א), התשפ""ג-2022",2024-07-22 14:06:00
f3cd5fc9-fdb8-40ea-a889-5b8a89588708,odata:vote:41335,plenum,,,,"הצעת חוק להפסקת פעילות סוכנות הסעד והתעסוקה של האו""ם לפליטי פלסטין במזרח הקרוב (אונר""א), התשפ""ד-2024",2024-07-22 14:05:00
780ae4a7-8fb5-4aa0-81d4-4aae498254b5,odata:vote:41317,plenum,,,,"הצעת חוק מניעת פגיעת גוף שידורים זר בביטחון המדינה (הוראת שעה – חרבות ברזל) (תיקון), התשפ""ד–2024",2024-07-18 01:39:00
073b29d3-ce25-450c-bfa0-ccb986b45fd5,odata:vote:41316,plenum,,,,הצעת חוק-יסוד: ירושלים בירת ישראל (תיקון מס' 3) (הקמת נציגויות דיפלומטיות בירושלים),2024-07-18 01:33:00
8a4f18b1-3263-4e4c-9f8e-46c3bc8d43af,odata:vote:41315,plenum,,,,"הצעת חוק מגבלות על חזרתו של עבריין מין לסביבת נפגע העבירה (תיקון מס' 10) (שינוי דרישת הנזק הנפשי), התשפ""ד - 2024",2024-07-18 01:30:00
455e721e-05d9-4849-a447-65d6d870c1cd,odata:vote:41314,plenum,,,,"הצעת חוק הפצת שידורים באמצעות תחנות שידור ספרתיות (תיקון מס' 7) (הוראות לעניין דמי הפצה), התשפ""ד–2024",2024-07-18 01:25:00
8a1425fc-ee7e-40ba-a62f-d9b7c54146b1,odata:vote:41312,plenum,,,,"הצעת חוק שירות ביטחון (תיקון מס' 28 והוראת שעה), התשפ""ד-2024",2024-07-18 01:09:00
a781c309-379e-4f44-b9d3-2160a96ba0a3,odata:vote:41311,plenum,,,,"הצעה רגילה לסדר היום בנושא: ""השבת מפעל ההזנה לילדים בקיץ""",2024-07-17 23:07:00
2f390b62-2aff-4f72-bdcc-c908acf7ec5d,odata:vote:41310,plenum,,,,"הצעה רגילה לסדר היום בנושא: ""ניתוק הקואליציה מהעם בכך שכופה יציאה לפגרה בשעת חירום ומלחמה""",2024-07-17 22:58:00
e78f2683-1a38-481e-a6a4-fd3a8f30e425,odata:vote:41309,plenum,,,,"הצעה דחופה לסדר היום בנושא: ""מיגון ומוגנות של החיילות התצפיתניות המשרתות בבסיסי צה""ל בצפון וההשלכות לכך על תפקודן""",2024-07-17 22:28:00
abd88e1b-f7c0-4779-ae42-a7684f066133,odata:vote:41308,plenum,,,,"הצעה דחופה לסדר היום בנושא: ""איום וירי בלתי פוסק של משפחת פשע במגזר הערבי כלפי סנ""צ במשטרה ובני משפחתו""",2024-07-17 22:11:00
57006890-e776-415b-b7f7-92493bc16b85,odata:vote:41306,plenum,,,,"הצעה דחופה לסדר היום בנושא: ""נתוני הפשיעה הגבוהים של שנת 2023""",2024-07-17 21:57:00
2e306554-a7cb-46bb-b96a-81320e51acb8,odata:vote:41304,plenum,,,,"""הצהרות ופרסומים בעולם בנושא הכרה במדינה פלסטינית והצורך בהערכות ישראלית לאתגר מדיני אפשרי""",2024-07-17 21:30:00
b9f3660b-8ddf-4667-8e77-caf3fbc9f1fd,odata:vote:41303,plenum,,,,"הצעה רגילה לסדר היום בנושא: ""הצורך בהקמת וועדת חקירה פרלמנטרית בנושא פרשת אום אלחיראן ב- 2017""",2024-07-17 18:45:00
b9c9cd97-23ce-4bb9-baf1-154768c7ba71,odata:vote:41301,plenum,,,,"הצעת חוק לתיקון פקודת מס הכנסה (ניכוי הוצאות הנפקה), התשפ""ג-2023",2024-07-17 18:16:00
20dcf6ac-05ac-493d-b01e-17f516e7e974,odata:vote:41302,plenum,,,,"הצעת חוק לתיקון פקודת בתי הסוהר (סמכות חיפוש על אדם המנסה לחדור לבית הסוהר), התשפ""ד-2024",2024-07-17 18:14:00
09213cc7-1f2d-47ad-97bd-f8bab41663e1,odata:vote:41299,plenum,,,,"הצעת חוק שירות המדינה (מינויים) (תיקון - עדיפות למשרת מילואים פעיל), התשפ""ד-2024",2024-07-17 18:02:00
d7d92d16-7e01-4378-b077-a0a069607dd6,odata:vote:41298,plenum,,,,"הצעת חוק הבעת עמדת נפגע או נפגעת עבירה בנוגע לשחרור מוקדם (תיקוני חקיקה), התשפ""ג-2023",2024-07-17 17:47:00
632afb98-e1cf-4e7b-8459-4134a4f60129,odata:vote:41297,plenum,,,,"הצעת חוק הכניסה לישראל (תיקון - אי-מתן אשרה ורישיון ישיבה בישראל), התשפ""ג-2023",2024-07-17 17:41:00
d8d930cb-4085-4494-8ded-2a26192d9c28,odata:vote:41296,plenum,,,,"הצעת חוק להענקת זכויות במקרקעין ביישוב מיעוטים למי שנבצר ממנו להשלים את שירותו הצבאי ולאלמנות צה""ל (תיקוני חקיקה), התשפ""ג-2023",2024-07-17 17:37:00
ce510b05-00f9-4815-87e7-89ef50a9fd88,odata:vote:41294,plenum,,,,"הצעת חוק אומנה לילדים (תיקון - הזכות לחינוך לילדים בהשמה חוץ-ביתית), התשפ""ג-2023",2024-07-17 17:22:00
79d44666-99de-4999-ae6b-0dc6011b7241,odata:vote:41295,plenum,,,,"הצעת חוק אומנה לילדים (תיקון - הזכות לחינוך לילדים בהשמה חוץ-ביתית), התשפ""ג-2022",2024-07-17 17:20:00
56750b2e-cb8b-412a-b035-ad24b35ca37e,odata:vote:41288,plenum,,,,"הצעת חוק זיכרון אירועי הטרור של כ""ב בתשרי (ה-7 באוקטובר) ומלחמת חרבות ברזל, התשפ""ד-2024",2024-07-17 17:01:00
c842d035-bcf0-4c28-9352-62150272ed07,odata:vote:41290,plenum,,,,"הצעת חוק יום הזיכרון לטבח שמחת תורה, התשפ""ד-2023",2024-07-17 17:00:00
1af444fe-6e3f-43dc-a711-e1195281bbc9,odata:vote:41291,plenum,,,,"הצעת חוק זיכרון טבח ה-7 באוקטובר - יד עוטף ישראל, התשפ""ד-2023",2024-07-17 16:59:00
8d6f8ac1-6756-4e95-815e-6b2dfd14cb2a,odata:vote:41292,plenum,,,,"הצעת חוק יום לציון אירועי כ""ב בתשרי ומלחמת חרבות ברזל, התשפ""ד-2023",2024-07-17 16:59:00
48661e75-455d-4eb5-becd-3e8b905b2794,odata:vote:41287,plenum,,,,"הצעת חוק הרשות השנייה לטלוויזיה ורדיו (תיקון - הנגשת רדיו בשפה הערבית בכל הארץ), התשפ""ד-2024",2024-07-17 16:17:00
8056e194-fb38-4f9c-9fa2-ed353779f692,odata:vote:41286,plenum,,,,"הצעת חוק מס ערך מוסף (תיקון - מס בשיעור אפס על ספרי לימוד), התשפ""ג-2022",2024-07-17 15:16:00
1fcd9c4e-7f39-49cf-ae90-b3b88861dce8,odata:vote:41285,plenum,,,,"הצעת חוק היחידה המיוחדת לחילופי מידע של גופי הביטחון והרשויות האזרחיות, התשפ""ד-2024",2024-07-17 15:05:00
b033d846-89a5-472c-94f1-02c3718f0ed2,odata:vote:41282,plenum,,,,"העברת הצעת חוק תקשורת דיגיטלית עם גופים ציבוריים (תיקון - חובת מענה הולם), התשפ""ג-2023, של חבר הכנסת ישראל אייכלר, מוועדת העבודה והרווחה לוועדת המדע והטכנולוגיה",2024-07-17 14:42:00
51bcf0dd-9fd0-45e0-bd8a-5eaa378e2556,odata:vote:41284,plenum,,,,"הצעת חוק הקמת ועדת חקירה ממלכתית לאירועי 7 באוקטובר, התשפ""ד-2024",2024-07-17 14:40:00
a3f93d35-7db5-4669-81c3-2b346a8df5a3,odata:vote:41283,plenum,,,,"הצעת חוק הקמת ועדת חקירה ממלכתית לאירועי 7 באוקטובר ומלחמת חרבות ברזל, התשפ""ד-2024",2024-07-17 14:40:00
a28e3264-ee78-47dd-9ee3-e1e99bcad23d,odata:vote:41280,plenum,,,,"הצעת חוק הביטוח הלאומי (תיקון - עבודה מועדפת בענף המסעדנות), התשפ""ג-2023",2024-07-17 14:05:00
7f36b8f5-9324-41f6-9c56-34d1fe17fb6d,odata:vote:41281,plenum,,,,"הצעת חוק רכזי ביטחון שוטף צבאיים, התשפ''ג-2023",2024-07-17 14:04:00
0fe2255b-671e-4304-8db2-2fe1977ccdbb,odata:vote:41279,plenum,,,,"הצעת חוק רכזי ביטחון שוטף צבאיים, התשפ""ג-2022",2024-07-17 14:02:00
358e37d0-76a6-499d-b83d-6862cb8cc433,odata:vote:41278,plenum,,,,"הצעת חוק הסיוע המשפטי (תיקון - נפגעי עבירות מין), התשפ""ג-2023",2024-07-17 13:46:00
b714ef41-b42e-42fe-a59e-e900808f92fe,odata:vote:41277,plenum,,,,"הצעת חוק סדר הדין הפלילי (סמכויות אכיפה - מעצרים) (תיקון - הגדרת מסוכנות של פוגעים בבעלי חיים), התשפ""ג-2023",2024-07-17 13:32:00
ba37971d-14a5-42cb-8379-409868cc28b9,odata:vote:41276,plenum,,,,"הצעת חוק העונשין (תיקון - השחתת מודעות על רקע מגדר), התשפ""ג-2022",2024-07-17 13:12:00
f998b5ae-6e25-43c1-bb58-673046bd37ed,odata:vote:41325,plenum,,,,"הצעת חוק הרשויות המקומיות (בחירת ראש הרשות וסגניו וכהונתם) (תיקון - שינוי מספרי סגנים), התשפ""ד-2024",2024-07-16 21:00:00
7ee49ba0-ffe5-4ebb-b2c3-542e51eb7009,odata:vote:41320,plenum,,,,"""ראש ממשלת ההפקרה"" - דיון בהשתתפות ראש הממשלה על פי בקשתם של 40 חברי כנסת",2024-07-16 21:00:00
a35a5a22-64f1-40ec-9231-ebf6dabe955d,odata:vote:41326,plenum,,,,"הצעת חוק הרשות לטיפול בנפגעי הלם קרב, התשפ""ג-2022",2024-07-16 21:00:00
56c9fee3-78d6-4096-a359-fcdea5f3c433,odata:vote:41323,plenum,,,,"הצעת חוק הבנקאות (שירות ללקוח) (תיקון - הודעה ללקוח על אודות יתרה בחשבון עובר ושב שאינה נושאת ריבית), התשפ""ד-2024",2024-07-16 21:00:00
d0ed4be8-0c4e-408e-9af8-6ed689df1d90,odata:vote:41321,plenum,,,,"הצעת חוק רישוי עסקים (תיקון - פטור מרישוי עסק לקייטנה לתנועות ולארגוני נוער), התשפ""ג-2023",2024-07-16 21:00:00
e59a073f-c178-40d6-8da0-4e24b7509b0a,odata:vote:41274,plenum,,,,"הצעת חוק הגנה על זכויות בדירת המשפחה של ילד שהורהו הומת בידי בן זוגו, התשפ""ד-2024",2024-07-16 17:27:00
3c6a8ece-ce5e-41af-8d3c-06ee3107e5e0,odata:vote:41272,plenum,,,,"הצעת חוק מחיקת רישומים פליליים ומשטרתיים של יוצאי אתיופיה, התשפ""ד–2024",2024-07-16 17:20:00
97348eb2-3af7-45ef-a7cb-f28c07453278,odata:vote:41270,plenum,,,,"הצעת חוק שיקום נכי נפש בקהילה (תיקון מס' 2), התשפ""ד-2024",2024-07-16 16:57:00
473029ec-c129-44f9-88ee-b7ee4366610b,odata:vote:41269,plenum,,,,"הצעת חוק לתיקון פקודת מס הכנסה (מס' 273) (הפקדות משרת מילואים), התשפ""ד–2024",2024-07-16 16:53:00
a9ee75a0-f958-424e-a121-e3f53c6fbf40,odata:vote:41268,plenum,,,,"הצעת חוק לביטול אזרחותו או תושבותו של מי שמעודד או מסית לטרור (תיקוני חקיקה), התשפ""ד–2024 (פ/1299/25) (פ/1700/25) (פ/4131/25)",2024-07-16 16:37:00
e28408c4-5e36-48a6-a057-f90d5776c001,odata:vote:41267,plenum,,,,"הצעת חוק זכויות הסטודנט (תיקון מס' 9 – הוראת שעה – חרבות ברזל) (מתן עדיפות ללוחמים ולמפונים בזכאות לדיור במעונות סטודנטים), התשפ""ד–2024",2024-07-16 16:02:00
2004d8f2-1a1d-4cec-aacd-6bc09c18aa28,odata:vote:41266,plenum,,,,"הצעת חוק התקנת מצלמות לשם הגנה על פעוטות במעונות יום לפעוטות (תיקון מס' 2) (הגברת האכיפה), התשפ""ד–2024",2024-07-16 15:30:00
86a5ea7e-0f44-4dc0-bb37-ee36692faebf,odata:vote:41264,plenum,,,,"הצעת חוק סמכויות לשם שמירה על ביטחון הציבור (תיקון מס' 8), התשפ""ד–2024",2024-07-15 20:14:00
5a1fb985-272e-4af1-a4bc-cea643f01c43,odata:vote:41262,plenum,,,,"הצעת חוק הביטוח הלאומי (תיקון מס' 247), התשפ""ד–2024",2024-07-15 20:04:00
811dfbe6-59ee-4391-8d63-da7005a3456a,odata:vote:41260,plenum,,,,"הצעת חוק שוויון זכויות לאנשים עם מוגבלות (תיקון מס' 22 והוראת שעה) (תיקון), התשפ""ד-2024",2024-07-15 19:43:00
bd5cfbec-8134-4cee-9243-41fd0469251a,odata:vote:41257,plenum,,,,"הצעת חוק לתיקון ולהארכת תוקפן של תקנות שעת חירום (חרבות ברזל) (פגישה עם עורך דין של עצור בעבירת ביטחון) (תיקון מס' 3), התשפ""ד-2024",2024-07-15 19:36:00
e54f24fd-8102-4e52-9d82-8b2d62c01c05,odata:vote:41254,plenum,,,,"הצעת חוק מקורות אנרגיה (תיקון מס' 5), התשפ""ד-2024",2024-07-15 19:24:00
8e875136-0e2b-4529-a612-e76be21dce15,odata:vote:41252,plenum,,,,"הצעת חוק מניעת פגיעת גוף שידורים בביטחון המדינה (הוראת שעה – חרבות ברזל) (תיקון), התשפ""ד-2024",2024-07-15 19:21:00
6c84c9c8-d0d2-4c8f-a8f8-009fa5d7f7cb,odata:vote:41249,plenum,,,,"הצעה להביע אי אמון בממשלה מטעם סיעת המחנה הממלכתי בנושא: ""שר ביטחון לאומי כושל שאינו מצליח לטפל בפשיעה הגואה""",2024-07-15 15:47:00
99d6b889-8a8e-4808-be1c-8327cf8feabe,odata:vote:41250,plenum,,,,"הצעה להביע אי אמון בממשלה מטעם סיעות ישראל ביתנו והימין הממלכתי בנושא: ""ממשלה עם ""שתי ידיים שמאליות"": כישלון בביטחון וכישלון בכלכלה""",2024-07-15 15:46:00
401c2d6f-a3ce-44b4-ac4e-4e279b976d81,odata:vote:41251,plenum,,,,"הצעה להביע אי אמון בממשלה מטעם סיעת יש עתיד בנושא: ""ממשלה כושלת שלא תוביל אותנו לניצחון""",2024-07-15 15:46:00
1a326fef-868d-4871-8c4e-319f3e4c6b4b,odata:vote:41247,plenum,,,,"הצעה דחופה לסדר היום בנושא: ""אתר החרמון בתקופת המלחמה""",2024-07-10 16:48:00
b90a6fc9-2776-4c24-811a-af6892f245ea,odata:vote:41246,plenum,,,,"הצעה דחופה לסדר היום בנושא: ""התנהלות הפרקליטות והמשטרה בחקירת הלוחמים בגין ""רצח מחבל נוח'בה""",2024-07-10 16:38:00
52ff187a-027c-4060-9794-eae2705e4262,odata:vote:41245,plenum,,,,"הצעה לסדר היום בנושא: ""דרישה להקמת ועדת חקירה פרלמנטרית לבדיקת מחדל שחרור המחבלים ובהם מנהל בית החולים שיפא""",2024-07-10 16:03:00
17075280-e417-4bc1-b7e4-ba6ab9511e18,odata:vote:41244,plenum,,,,"הצעת חוק מגבלות על חזרתו של עבריין מין לסביבת נפגע העבירה (תיקון - שינוי מידת הנזק והגדרת גילו של העבריין), התשפ""ד-2024",2024-07-10 15:47:00
6db05325-3a92-4add-9f0f-6d48fab5bbb1,odata:vote:41243,plenum,,,,"הצעת חוק יום לציון מכתב 18 המשפחות היהודיות מגאורגיה, התשפ""ג-2023",2024-07-10 15:25:00
2a543104-e89a-4ee1-a86b-5accb3abebb0,odata:vote:41242,plenum,,,,"הצעת חוק סדר הדין הפלילי (סמכויות אכיפה - נתוני תקשורת) (תיקון - חובת דיווח), התשפ""ג-2023",2024-07-10 15:17:00
fad36d1d-507e-4458-b8c2-6dcdb2247aa2,odata:vote:41241,plenum,,,,"הצעת חוק רשות העתיקות (תיקון - סמכות רשות העתיקות ביהודה והשומרון), התשפ""ג-2023",2024-07-10 14:59:00
abd1a377-09a1-46ad-b1cc-309a6d0d64c1,odata:vote:41240,plenum,,,,הצעת חוק-יסוד: ישראל - מדינת הלאום של העם היהודי (תיקון - הוספת עקרון השוויון בפני החוק ועיגון מעמדה של מגילת העצמאות),2024-07-10 13:43:00
83cfc243-36cb-4fbd-ba16-ccfc1b9beab6,odata:vote:41239,plenum,,,,"הצעת חוק זכויות הסטודנט (תיקון - התאמות לאוכלוסייה הערבית - חגים), התשפ""ג-2023",2024-07-10 12:28:00
6c478e7c-080c-4d42-b283-276f041a7010,odata:vote:41238,plenum,,,,"הצעת חוק להטמעת מורשת יהדות ספרד והמזרח במערכת החינוך וההשכלה הגבוהה, התשפ""ג-2023",2024-07-10 12:05:00
9b566c6c-1a93-4072-8cc0-ab7c78437688,odata:vote:41237,plenum,,,,"הצעת חוק המועצה להשכלה גבוהה (תיקון - פיטורי סגל אקדמי בשל הסתה או תמיכה בטרור והפחתת תקציב), התשפ""ד-2024",2024-07-10 11:59:00
1112b2dd-12bf-4106-bfee-0f6a5ed1527b,odata:vote:41236,plenum,,,,"הצעת חוק זכויות הסטודנט (תיקון - העדפה מתקנת למשרתי מילואים), התשפ""ד-2024",2024-07-10 11:26:00
67cda0f7-e969-4d15-a569-06e0c8da895a,odata:vote:41235,plenum,,,,"הצעת חוק עבודת נשים (תיקון - תקופת לידה והורות להורה יחיד), התשפ""ג-2022",2024-07-10 11:14:00
86a03260-5de8-463d-a214-800a25c9f981,odata:vote:41232,plenum,,,,"הצעת חוק עבודת נשים (תיקון - הארכת תקופת הלידה וההורות להורי פעוט עם מוגבלות מורכבת), התשפ""ג-2023",2024-07-10 11:11:00
0490b835-a57d-4758-88d0-8db4a891979a,odata:vote:41234,plenum,,,,"הצעת חוק עבודת נשים (תיקון - הארכת תקופת הלידה וההורות להורי פעוט עם מוגבלות מורכבת), התשפ""ג-2022",2024-07-10 11:09:00
9e4debda-e3c0-47ea-a5f5-bf980257cec5,odata:vote:41231,plenum,,,,"הצעת חוק ביטוח בריאות ממלכתי (תיקון - החזר דמי נסיעה באמבולנס עבור מטופל בתחום בריאות הנפש), התשפ""ג-2023",2024-07-10 10:48:00
e18f3d96-f289-4a4d-99cd-76b6c44002c8,odata:vote:41230,plenum,,,,"הצעת חוק ביטוח בריאות ממלכתי (תיקון - החזר דמי נסיעה באמבולנס עבור מטופל בתחום בריאות הנפש), התשפ""ג-2022",2024-07-10 10:46:00
0acc3896-a1b2-4587-aebf-c150a8628996,odata:vote:41248,plenum,,,,"הצעת חוק התכנון והבנייה (תיקון - ביטול התניית חיבור לחשמל, מים וטלפון באישור תאגיד המים), התשפ""ג-2022",2024-07-09 21:00:00
d485078d-2fbd-45ac-b6e5-dd69431ff207,odata:vote:41223,plenum,,,,"הצעה להביע אי-אמון בממשלה מטעם סיעת המחנה הממלכתי בנושא: ""ממשלה שפוגעת בצה""ל כצבא העם""",2024-07-08 17:20:00
ac30b310-8362-4382-92c0-d44b03ecb9b5,odata:vote:41224,plenum,,,,"הצעה להביע אי-אמון בממשלה מטעם סיעות הימין הממלכתי וישראל ביתנו בנושא: ""ממשלת ישראל נגד הציונות: ממשלה שפוגעת בעלייה ובקליטת העולים""",2024-07-08 17:19:00
e4efe34e-0cc7-4d51-b1b4-f240e0921dda,odata:vote:41225,plenum,,,,"הצעה להביע אי-אמון בממשלה מטעם סיעת יש עתיד בנושא: ""ממשלת נתניהו הכושלת מהווה איום על מדינת ישראל כמדינת חוק""",2024-07-08 17:19:00
75841cff-2433-441b-a8f4-aafb7ba61f48,odata:vote:41215,plenum,,,,"החלטת ועדת הפנים והגנת הסביבה בעניין תיקון טעות בחוק הגנת הסביבה (ייעול הליכי רישוי סביבתי) (תיקוני חקיקה), התשפ""ד-2024",2024-07-03 18:57:00
eda4ad29-72a1-4afe-afe4-430cad059fc8,odata:vote:41217,plenum,,,,"הצעת חוק לדחיית הבחירות הכלליות לרשויות המקומיות (תיקון מס' 2), התשפ""ד-2024",2024-07-03 18:54:00
98432e82-5eef-40f6-b34c-1123f2728f7d,odata:vote:41214,plenum,,,,"הצעת חוק הירושה (תיקון מס' 21), התשפ""ד–2024",2024-07-03 18:49:00
93609b4b-4868-4d99-a8f3-588c150cefc3,odata:vote:41210,plenum,,,,"הצעת חוק הכנסת (תיקון מס' 52), התשפ""ד–2024",2024-07-03 18:25:00
348d005c-2d23-4db8-8ba4-fd3c0cb5d54f,odata:vote:41209,plenum,,,,"הצעת חוק העונשין (תיקון מס' 143 והוראת שעה) (תיקון), התשפ""ד–2024",2024-07-03 18:19:00
daa87f61-77af-46fd-b327-8527d36c3186,odata:vote:41206,plenum,,,,"הצעת חוק לתיקון ולהארכת תוקפן של תקנות שעת חירום (חרבות ברזל) (הארכת מעצר לחשוד בעבירת ביטחון) (תיקון מס' 3), התשפ""ד-2024",2024-07-03 18:02:00
b1b1a7f9-5754-4b97-85c7-42afeb9abfe4,odata:vote:41205,plenum,,,,"הצעת חוק הגנה על הציבור מפני ארגוני פשיעה, התשפ""ד-2024 (פ/4489/25)",2024-07-03 17:42:00
ac97ccb3-4e48-43df-9b57-3af6df1d21dc,odata:vote:41204,plenum,,,,"הצעה דחופה לסדר היום בנושא: ""בטיחות ילדים בחודשי הקיץ: התמודדות עם הסכנות המאיימות על בטיחותם ובריאותם של הילדים במהלך חודשי הקיץ""",2024-07-03 16:43:00
760e7c37-b5b8-492c-9990-1ba79e66350c,odata:vote:41202,plenum,,,,"הצעה דחופה לסדר היום בנושא: ""היעדר מיגון הולם ופער מקלוט בשכונות ותיקות ביישובים עירוניים""",2024-07-03 16:28:00
861b4514-2f2c-4274-b1a7-99ee8cbc1503,odata:vote:41201,plenum,,,,"הצעה דחופה לסדר היום בנושא: ""הריבית על יתרה שלילית בחשבונות עו""ש ממשיכה לטפס - הבנקים מחמירים את התנאים""",2024-07-03 16:14:00
ec8fbf99-ac41-44b7-9891-8f2c855549b0,odata:vote:41200,plenum,,,,דרישה להקמת ועדת חקירה פרלמנטרית בנושא האלימות והפשיעה בחברה הערבית,2024-07-03 15:58:00
d7edfdac-99e6-42d5-aee0-5afe52622e9f,odata:vote:41198,plenum,,,,"הצעת חוק הסיוע המשפטי (תיקון - סיוע משפטי לנפגעי עבירות), התשפ""ג-2022",2024-07-03 15:17:00
7daf976e-0877-4996-a642-6a70078232ce,odata:vote:41197,plenum,,,,"הצעת חוק הסיוע המשפטי (תיקון - סיוע משפטי לתובע בהליך אזרחי), התשפ""ג-2023",2024-07-03 15:02:00
34ff9a09-b2cc-415a-89a7-20f16c316122,odata:vote:41196,plenum,,,,הצעת חוק-יסוד: ישראל - מדינת הלאום של העם היהודי (תיקון - הוספת ערך השוויון ברוח עקרונות הכרזת העצמאות),2024-07-03 14:37:00
f7d8ca1c-ee86-499e-ba15-fb8912cb7b64,odata:vote:41194,plenum,,,,"הצעת חוק החברות (תיקון - מכסות ייצוג לנשים בדירקטוריונים של חברות ציבוריות), התשפ""ג-2023",2024-07-03 14:06:00
58a5dcb1-da64-41f4-8e7c-070b8ed2bac9,odata:vote:41189,plenum,,,,"הצעת חוק העונשין (תיקון - ביטול עבירת השוטטות), התשפ""ד-2024",2024-07-03 12:02:00
c93c3b46-2316-42d8-b018-caeb4591e178,odata:vote:41187,plenum,,,,"הצעת חוק הספורט (תיקון - דגל מדינת ישראל על מדי נבחרות ישראל), התשפ""ד-2023",2024-07-03 11:50:00
934b776d-8a27-40c3-aff4-3808a05fc65a,odata:vote:41185,plenum,,,,"הצעת חוק הביטוח הלאומי (תיקון - שלילת קצבאות שמשולמות לפעילי טרור ובני משפחותיהם מחוץ לישראל), התשפ""ד-2024",2024-07-03 11:24:00
6082f5c2-294e-49b6-80af-4a452ccbcad2,odata:vote:41180,plenum,,,,"הצעת חוק זכויות הסטודנט (תיקון - העדפה מתקנת ללוחמים), התשפ""ד-2024",2024-07-03 09:37:00
5d449e1e-39d9-415c-9897-5224cbcb2965,odata:vote:41181,plenum,,,,"הצעת חוק זכויות הסטודנט (תיקון - העדפה מתקנת ללוחמים), התשפ""ג-2023",2024-07-03 09:36:00
0a0f3fb5-31cb-4b47-91f0-b498296181aa,odata:vote:41182,plenum,,,,"הצעת חוק זכויות הסטודנט (תיקון - העדפה מתקנת ללוחמים), התשפ""ג-2022",2024-07-03 09:35:00
0ff1002d-b5b7-42c2-b969-f81a6cffa204,odata:vote:41220,plenum,,,,"הצעת חוק התכנון והבנייה (תיקון - הגדלת חיבור החשמל), התשפ""ד-2024",2024-07-02 21:00:00
f27dd5d0-ce7d-4093-a5da-3f0c08c5f14b,odata:vote:41222,plenum,,,,"הצעת חוק סמכויות שעת חירום (מעצרים) (תיקון - מעצרים מינהליים בגין חברות בארגון טרור), התשפ""ד-2024",2024-07-02 21:00:00
22133b6a-aaaa-4777-abcb-6bef1a241b12,odata:vote:41218,plenum,,,,"הצעת חוק זכויות הסטודנט (תיקון - הקלות בתנאי קבלה ללוחמים ולמשרתי מילואים), התשפ""ד-2024",2024-07-02 21:00:00
081e7e76-9c3c-4d8d-9697-3e8c18209640,odata:vote:41219,plenum,,,,"הצעת חוק הרשות השנייה לטלוויזיה ורדיו (תיקון - הרחבת המגוון בשידורי הרדיו), התשפ""ד-2024",2024-07-02 21:00:00
f71ad977-1bec-4a30-9fcd-a3235f2853d7,odata:vote:41221,plenum,,,,"הצעת חוק נציבות תלונות הציבור על שופטים (תיקון - מינוי הנציב), התשפ""ד-2024",2024-07-02 21:00:00
4bdea28e-8072-4d6f-b442-a13c9182c6a0,odata:vote:41179,plenum,,,,"הצעת חוק הגנת הצרכן (תיקון מס' 69) (איסור הפעלת השפעה בלתי הוגנת במצב חירום), התשפ""ד–2024",2024-07-02 16:59:00
d3809a0d-b50d-4ca3-a730-c4f17679bc24,odata:vote:41178,plenum,,,,"הצעת חוק התקשורת (בזק ושידורים) (תיקון מס' 78), התשפ""ד–2024",2024-07-02 16:54:00
c21a707b-8024-42d3-b07a-212fa2c17fe5,odata:vote:41174,plenum,,,,"הצעת חוק הרשויות המקומיות (ריבית והפרשי והצמדה על תשלומי חובה) (תיקון מס' 3), התשפ""ד–2024",2024-07-02 16:42:00
9e1740e9-d7f2-485d-aa02-ab804dba09d4,odata:vote:41172,plenum,,,,"הצעת חוק יום לציון אירועי הפרהוד, התשפ""ד–2024",2024-07-02 16:37:00
02244153-808f-4654-9a5f-fedd54605053,odata:vote:41169,plenum,,,,"הצעת חוק ביטוח בריאות ממלכתי (תיקון - מתן מענה מנומק על ידי קופת החולים), התשפ""ד-2024",2024-07-02 16:21:00
09897e5f-b6a2-4af3-aa1c-4752579104a6,odata:vote:41171,plenum,,,,"הצעת חוק ביטוח בריאות ממלכתי (תיקון מס' 70) (מענה מנומק על אי-אישור קבלת שירות בריאות מקופת חולים), התשפ""ד–2024",2024-07-02 16:20:00
2d1fc9b8-e9c5-4475-b0d9-1127720e0902,odata:vote:41168,plenum,,,,"הצעת חוק הבנקאות (רישוי) (תיקון מס' 32) (סגירת סניפי בנק קבועים), התשפ""ד–2024",2024-07-02 16:05:00
b5f29458-5c11-42f5-b3ae-465b9727f0ab,odata:vote:41166,plenum,,,,"הצעת חוק המאבק בטרור (תיקון מס' 11) (עבירת הסתה לטרור), התשפ""ד–2024",2024-07-02 15:36:00
32547b60-70e8-4d6a-9cd7-ddcefeaaa976,odata:vote:41162,plenum,,,,"הצעת חוק שיקום נכי נפש בקהילה (תיקון מס' 2) (החלפת המונח נכה נפש), התשפ""ד-2024",2024-07-01 20:40:00
8142b56e-0d92-4299-8804-a8f33fff45c3,odata:vote:41160,plenum,,,,"הצעת חוק השקעות משותפות בנאמנות (תיקון מס' 31), התשפ""ד-2024",2024-07-01 20:29:00
4cb2c4b3-1d1b-4a5d-a038-1e45896a4633,odata:vote:41158,plenum,,,,"הצעת חוק הביטוח הלאומי (תיקון מס' 246 - הוראת שעה), התשפ""ד-2024",2024-07-01 20:21:00
6668a974-1b90-419d-a0c5-0e51d156847f,odata:vote:41156,plenum,,,,"הצעת חוק להגנה על הצרכן מפני עוסקים המבצעים הפרות בנסיבות מחמירות (תיקוני חקיקה), התשפ""ד-2024",2024-07-01 20:15:00
a468d0e9-c3c1-4088-9c2a-6d9372d70758,odata:vote:41154,plenum,,,,"ההצעת חוק הרשות לחקירה בטיחותית בתעופה, התשפ""ד-2024",2024-07-01 19:57:00
92c3ae5b-3b72-44a8-b660-21b78e49763a,odata:vote:41152,plenum,,,,"הצעת חוק המרכז לגביית קנסות, אגרות והוצאות (תיקון מס' 29) (פריסת תשלום בעד חוב שטרם חלף המועד לתשלומו), התשפ""ד-2024",2024-07-01 19:36:00
cbb6baf0-f5d7-4ad6-80a8-6b2c7d334357,odata:vote:41191,plenum,,,,"הצעה להביע אי אמון בממשלה בנושא: ""היעדר תכנית אסטרטגית להשבת הביטחון לתושבי הצפון, והשלכות הרוחב על החוסן הלאומי""",2024-06-30 21:00:00
3ca528b5-8bbb-43d3-9399-502b3c9b255c,odata:vote:41163,plenum,,,,"הצעה להביע אי אמון מטעם סיעת יש עתיד בנושא: ""סדרי העדיפויות של ממשלת נתניהו הכושלת""",2024-06-30 21:00:00
ffdab7d8-480f-43f7-9374-53bd6e72ef0f,odata:vote:41192,plenum,,,,"הצעת חוק קידום התחרות בענף המזון (תיקון מס' 8 והוראת שעה), התשפ""ד–2024",2024-06-30 21:00:00
d5d83f4b-c061-4585-b1fc-a62d23086613,odata:vote:41164,plenum,,,,"הצעה להביע אי אמון מטעם סיעות ישראל ביתנו והימין הממלכתי בנושא: ""ממשלה עם ""שתי ידיים שמאליות"":כישלון בביטחון וכישלון בכלכלה""",2024-06-30 21:00:00
dc323784-5adb-41e7-80e4-44aaf6e55d51,odata:vote:41146,plenum,,,,"צו הכללת אמצעי זיהוי ביומטריים ונתוני זיהוי ביומטריים במסמכי זיהוי ובמאגר מידע (תיקון והוראת שעה) (הארכת מועד), התשפ""ד–2024",2024-06-26 15:34:00
ad6b037f-3779-452e-99d9-af00f9d98ac2,odata:vote:41145,plenum,,,,"הצעת חוק הרשויות המקומיות (מימון בחירות) (הוראת שעה), התשפ""ד–2024",2024-06-26 14:54:00
caed48d8-86cb-4917-b512-1892bc9863eb,odata:vote:41143,plenum,,,,"הצעת חוק לתיקון פקודת סדר הדין הפלילי (מעצר וחיפוש) (מס' 17), התשפ""ד–2024",2024-06-26 14:40:00
2b8e0344-5a48-4658-b17c-7e31a132e4eb,odata:vote:41141,plenum,,,,"הצעת חוק שירות לאומי-אזרחי (תיקון מס' 6), התשפ""ד-2024",2024-06-26 14:09:00
333ee1b3-461b-4030-a165-44ccca006978,odata:vote:41139,plenum,,,,"""שיפור הטבות המס לחברות מועדפות ביישובים צמודי גדר""",2024-06-26 12:41:00
d392ab93-94a0-4998-a8ef-9d7035030070,odata:vote:41138,plenum,,,,"""הוספת כיתוב הי""ד על מצבות חללי צה""ל""",2024-06-26 12:26:00
9a7ef84f-a2a7-4f5a-a504-ec83432a6292,odata:vote:41137,plenum,,,,"""אכיפת חוק סימון ארץ המקור של התוצרת החקלאית""",2024-06-26 11:47:00
9ac2275c-5c60-4eb8-90e0-af2cd8d3790b,odata:vote:41135,plenum,,,,"הצעת חוק המים (תיקון - קביעת תעריפי מים לחקלאות), התשפ""ד-2024",2024-06-26 11:35:00
257c79a9-6922-4b0d-95ab-10cf936b38bb,odata:vote:41132,plenum,,,,"הצעת חוק עובדים זרים (תיקון - אי־תחולת הסדר פנסיוני על עובד זר המועסק אצל יחיד בענף הסיעוד), התשפ""ג-2023",2024-06-26 11:15:00
69a3e42f-83e5-41b9-a1aa-61c3395a79b4,odata:vote:41133,plenum,,,,"הצעת חוק עובדים זרים (תיקון - אי-תחולת הסדר פנסיוני על עובד זר המועסק אצל יחיד בענף הסיעוד), התשפ""ג-2023",2024-06-26 11:14:00
abc8a046-fe3a-4f36-9b62-e111ffbec718,odata:vote:41130,plenum,,,,"הצעת חוק עובדים זרים (תיקון - אי-תחולת הסדר פנסיוני על עובד זר המועסק אצל יחיד בענף הסיעוד), התשפ""ג-2022",2024-06-26 11:13:00
988ad902-a275-4a99-8b13-ce842050ab1c,odata:vote:41129,plenum,,,,"הצעת חוק הביטוח הלאומי (תיקון - מועדי תשלום דמי לידה), התשפ""ד-2024",2024-06-26 08:54:00
4a69b3c4-fa31-4c4a-8d3d-0d92cd0e7ae3,odata:vote:41128,plenum,,,,"הצעת חוק לתיקון פקודת מסי העירייה ומסי הממשלה (פטורין) (פטור מארנונה למצללה), התשפ""ג-2023",2024-06-26 08:46:00
9a1b2296-2d4c-42b5-8ba0-9d400c3679b1,odata:vote:41147,plenum,,,,"הצעת חוק שירות חובה לכל, התשפ""ד-2024",2024-06-25 21:00:00
64b2dab4-3dc9-4f5c-8e3e-301658dc64c8,odata:vote:41148,plenum,,,,"הצעת חוק מניעת פגיעת גוף שידורים זר בביטחון המדינה (הוראת שעה - חרבות ברזל) (תיקון - הוראת קבע), התשפ""ד-2024",2024-06-25 21:00:00
b8ac4dc9-43b1-466c-a04a-df1340729b42,odata:vote:41126,plenum,,,,"הצעת חוק ביטוח בריאות ממלכתי (תיקון - העברת מידע בין קופות החולים בעת מעבר תושב), התשפ""ג-2023",2024-06-25 15:46:00
5309c8cb-3586-4afa-894a-e3db63432df7,odata:vote:41125,plenum,,,,"הצעת חוק העונשין (תיקון מס' 151) (עונש מזערי בעבירה של תקיפה או התעללות בקטין או חסר ישע), התשפ""ד–2024",2024-06-25 15:18:00
13d89cbf-9c5f-466e-89c3-4a30c8bab83b,odata:vote:41118,plenum,,,,"הצעת חוק הספורט (תיקון מס' 17), התשפ""ד-2024",2024-06-24 22:48:00
2d4fd467-6048-4248-9dd2-a0d926e31702,odata:vote:41115,plenum,,,,"הצעת חוק הגנת הצרכן (תיקון - חובת הקלטת שיחות, שמירתן ומסירתן לצרכן), התשפ""ג-2023",2024-06-24 22:18:00
1c61f82e-9f71-484e-b0eb-d740b3fb4df2,odata:vote:41116,plenum,,,,"הצעת חוק הגנת הצרכן (תיקון - חובת הקלטה של עסקה טלפונית), התשפ""ג-2023",2024-06-24 22:17:00
afcfddc5-28d6-4a10-9f2a-d12a20ae6a46,odata:vote:41117,plenum,,,,"הצעת חוק הגנת הצרכן (תיקון מס' 70) (חובת הקלטת שיחות, שמירתן ומסירתן לצרכן), התשפ""ד-2024",2024-06-24 22:17:00
4b1f30a6-57fe-4dc7-8c96-028234ec5cc0,odata:vote:41114,plenum,,,,"הצעת חוק ההוצאה לפועל (תיקון מס' 76) (חובות בסכום נמוך ועיקול מיטלטלין), התשפ""ד-2024",2024-06-24 21:55:00
bc2e17de-af8c-4510-b4e6-b63d7c0b4b12,odata:vote:41113,plenum,,,,"הצעת חוק ההוצאה לפועל (תיקון - טלפונים ניידים ומחשבים אישיים), התשפ""ג-2022",2024-06-24 21:55:00
b78327c6-a618-4dee-b39b-b4304ecf9f98,odata:vote:41112,plenum,,,,"הצעת חוק שירות הקבע בצבא הגנה לישראל (גמלאות) (תיקון מס' 36), התשפ""ד-2024",2024-06-24 21:44:00
0fc83bea-3a38-4a3a-9639-5642a568f006,odata:vote:41111,plenum,,,,"הצעת חוק התכנון והבנייה (הוראת שעה) (תיקון מס' 153), התשפ""ד-2024",2024-06-24 21:36:00
16dddc0d-e00f-40d3-9757-f7f4399ee8ab,odata:vote:41123,plenum,,,,"הצעת חוק שירות ביטחון (תיקון מס' 27) (העלאת גיל הפטור – חרבות ברזל – הארכת הוראת שעה), התשפ""ד-2024",2024-06-23 21:00:00
6fb3877f-dee9-4487-92ff-3cf0720ee371,odata:vote:41120,plenum,,,,"ראש הממשלה מוביל ממשלה כושלת: כישלון בביטחון, כישלון בכלכלה",2024-06-23 21:00:00
63b7e587-a761-4215-a2e7-3bac31f8c538,odata:vote:41106,plenum,,,,"הצעת חוק רישוי עסקים (תיקון מס' 38), התשפ""ד-2024",2024-06-19 13:40:00
ee312a2f-2676-40a0-9aab-4be723f8aaed,odata:vote:41104,plenum,,,,"הצעת חוק שירות הקבע בצבא הגנה לישראל (גמלאות) (תיקון מס' 35) (עובד בשירות צבא הגנה לישראל), התשפ""ד–2024",2024-06-19 13:02:00
e44567fc-9d15-416a-ba95-48350cf1884c,odata:vote:41103,plenum,,,,"הצעת חוק הכנסת (תיקון מס' 53) (ערעור על החלטה בדבר פרישה מסיעה), התשפ""ד–2024",2024-06-19 12:44:00
f2b9b22b-e445-4fa6-976a-2ac4aa072f83,odata:vote:41102,plenum,,,,"הצעת חוק לתיקון פקודת הנמלים (מס' 6) (איסור השטת כלי שיט תחת השפעה של אלכוהול או סמים מסוכנים), התשפ""ד–2024",2024-06-19 12:30:00
622049ea-a871-4c97-939b-981671c694bd,odata:vote:41101,plenum,,,,"הצעת חוק הביטוח הלאומי (תיקון מס' 246) (פטור מדמי ביטוח בעד הכנסה שמקורה מחוץ לישראל), התשפ""ד–2024",2024-06-19 12:03:00
b1d8cf94-685e-4097-ace6-18bb3ccf6de4,odata:vote:41100,plenum,,,,"הצעת חוק הרשות הלאומית למאבק בעוני, התשפ""ד-2023",2024-06-19 11:29:00
cc219ac3-45a5-4b8a-a57d-2006c4913296,odata:vote:41099,plenum,,,,"הצעת חוק הרשות הלאומית למאבק בעוני, התשפ""ד-2024 (פ/430/25) (פ/1645/25)",2024-06-19 11:27:00
4fa04f1e-8cd9-423b-b76b-072c131935c4,odata:vote:41098,plenum,,,,"הצעה דחופה לסדר היום בנושא: ""סיום שנת הלימודים האקדמית לסטודנטים משרתי מילואים""",2024-06-19 10:38:00
75c91d3a-dc70-486e-b84f-b8430a13570a,odata:vote:41097,plenum,,,,"הצעה דחופה לסדר היום בנושא: ""התנהלות רשות המיסים לגבי פיצוי נזקי המלחמה בישובים צמודי גדר""",2024-06-19 10:30:00
85a44ce6-9955-423c-938d-fce28548c8d6,odata:vote:41096,plenum,,,,"הצעת חוק חובת המכרזים (תיקון - עידוד עסקים קטנים ובינוניים בשליטת משרתי מילואים), התשפ""ד-2024",2024-06-19 10:18:00
5d863d3b-faa6-4d17-9800-7d1fa8e728bd,odata:vote:41095,plenum,,,,הצעת חוק-יסוד: שירות מילואים,2024-06-19 10:08:00
d9e822a1-e171-4040-8bf0-62555181fe12,odata:vote:41094,plenum,,,,"הצעת חוק התקשורת (בזק ושידורים) (תיקון - איסור על מסרוני פלאש), התשפ""ד-2024",2024-06-19 09:36:00
711c9abd-8a16-468e-8dbb-acc90aaf18fd,odata:vote:41093,plenum,,,,"הצעת חוק לתיקון פקודת מס הכנסה (הוראת שעה - חרבות ברזל) (נקודות זיכוי בעד בן זוג במילואים), התשפ""ד-2024",2024-06-19 09:16:00
68943078-d17d-4654-aff8-80ba06e4c020,odata:vote:41091,plenum,,,,"הצעת חוק משפחות חיילים שנספו במערכה (תיקון - יתומי צה""ל), התשפ""ג-2022",2024-06-19 08:42:00
fc9912b0-b13f-433e-a1a7-848a29d3a987,odata:vote:41092,plenum,,,,"הצעת חוק חובת המכרזים (תיקון - משרד החינוך), התשפ""ג-2023",2024-06-19 08:39:00
cf5f5dcb-d727-4094-8726-fa2c95c9ff0d,odata:vote:41090,plenum,,,,"הצעת חוק שירות המדינה (גימלאות) (תיקון - קצבה ליתום משני הוריו), התשפ""ד-2024",2024-06-19 08:34:00
47f69daa-f8c6-4434-928d-52d1773835aa,odata:vote:41089,plenum,,,,"הצעת חוק הסדרים במשק המדינה (תיקוני חקיקה להשגת יעדי התקציב) (תיקון - חישוב עליית מחירי הארנונה), התשפ""ג-2023",2024-06-19 08:27:00
96a4388c-1f93-459f-91ea-b6d2506f2cf9,odata:vote:41088,plenum,,,,"הצעת חוק מחיקת רישומים פליליים ומשטרתיים של יוצאי אתיופיה, התשפ""ד–2024 (פ/4322/25) (פ/4331/25)",2024-06-18 15:52:00
85e2e987-ca40-49b8-b58c-2fdb0e57680a,odata:vote:41087,plenum,,,,"הצעת חוק למניעת הטרדה מינית (תיקון מס' 16) (הרחבת תחולה לעניין קבלן שירות), התשפ""ד–2024 (פ/3561/25)",2024-06-18 15:31:00
4fe0de10-f1cc-4d44-80d7-91a72e0a9f78,odata:vote:41084,plenum,,,,"הצעת חוק לתיקון פקודת בתי הסוהר (תיקון מס' 66 – הוראת שעה – חרבות ברזל) (חופשה מיוחדת לאסיר) (תיקון), התשפ""ד–2024",2024-06-18 15:01:00
52d134ff-8b61-4cd4-ad57-7bcad44f7de8,odata:vote:41083,plenum,,,,"הצעת חוק זכויות נפגעי עבירה (תיקון מס' 18), התשפ""ד–2024",2024-06-18 14:54:00
62555d9a-b17d-4ea7-bcf2-153096932e4a,odata:vote:41076,plenum,,,,"הצעת חוק לתיקון ולהארכת תוקפן של תקנות שעת חירום (חרבות ברזל) (הארכת מעצר לחשוד בעבירת ביטחון) (תיקון מס' 2), התשפ""ד-2024",2024-06-17 23:55:00
17acdb84-3e2c-4e83-aa1b-75141e7d23c0,odata:vote:41075,plenum,,,,"הצעת חוק לתיקון ולהארכת תוקפן של תקנות שעת חירום (חרבות ברזל) (פגישה עם עורך דין של עצור בעבירת ביטחון) (תיקון מס' 2), התשפ""ד-2024",2024-06-17 23:49:00
d6c9415d-e4b4-4e23-9979-75d9fd3dc093,odata:vote:41081,plenum,,,,"הצעת חוק לתיקון פקודת השותפויות (מס' 6), התשפ""ד-2024",2024-06-16 21:00:00
73487022-1152-4832-af43-100b570245ca,odata:vote:41078,plenum,,,,הצעה להביע אי אמון בממשלה מטעם סיעת יש עתיד בנושא: ״ממשלה המקדמת השתמטות חוקית ומגדילה את העול הכלכלי-קיומי על הרוב העובד והמשרת״,2024-06-16 21:00:00
f76f8932-8651-46de-8812-cc507e3cde84,odata:vote:41080,plenum,,,,"הצעה להביע אי אמון בממשלה מטעם סיעות הימין הממלכתי וישראל ביתנו בנושא: ""ממשלה עם שתי ידיים שמאליות: כישלון בביטחון וכישלון בכלכלה""",2024-06-16 21:00:00
369c95b0-7d5e-48d1-8fc3-7cd4d941b821,odata:vote:41073,plenum,,,,"הודעת הממשלה על רצונה להחיל דין רציפות על הצעת חוק שירות לאומי-אזרחי (תיקון מס' 4), התשפ""ב-2021",2024-06-10 22:17:00
bd50585b-ba0d-4f7d-9843-6607cd999708,odata:vote:41074,plenum,,,,"הודעת הממשלה על רצונה להחיל דין רציפות על הצעת חוק שירות ביטחון (תיקון מס' 26) (שילוב תלמידי ישיבות), התשפ""ב-2022",2024-06-10 21:40:00
1d09cce1-030d-45fb-b086-3c1257b31458,odata:vote:41072,plenum,,,,"הצעת חוק כביש אגרה (כביש ארצי לישראל) (תיקון מס' 5) (החזר הוצאות אגרה לחיילי מילואים), התשפ""ד–2024",2024-06-10 18:28:00
29ab9c68-61f6-40e4-a681-fbeae52148b8,odata:vote:41071,plenum,,,,"הצעת חוק לתיקון פקודת סדר הדין הפלילי (מעצר וחיפוש) (מס' 17) (חיפוש שלא על פי צו חיפוש – תיקון והארכת הוראת השעה), התשפ""ד-2024",2024-06-10 18:01:00
4f5f5334-b557-4568-ba05-966e3e81cd26,odata:vote:41070,plenum,,,,"הצעת חוק לתיקון פקודת בתי הסוהר (תיקון מס' 66 – הוראת שעה – חרבות ברזל) (חופשה מיוחדת לאסיר) (תיקון), התשפ""ד-2024",2024-06-10 17:19:00
ab4d8108-f13b-4a74-9031-7b61ab6d8a0a,odata:vote:41069,plenum,,,,הצעה להביע אי אמון בממשלה מטעם סיעת יש עתיד בנושא: ״ממשלה כושלת שלא מסוגלת להתמודד עם יוקר המחייה״,2024-06-10 14:57:00
ec328009-8ef1-4de7-8083-ea5aa436abf5,odata:vote:41068,plenum,,,,"הצעה להביע אי אמון בממשלה מטעם סיעות הימין הממלכתי וישראל ביתנו בנושא: ""הכישלון המוחלט של הממשלה בחזית הביטחונית, הכלכלית והמדינית""",2024-06-10 14:57:00
128f8ca8-025b-4059-a347-77e875ef6071,odata:vote:41067,plenum,,,,"""קליטה מהירה של סטודנטים יהודים מחו""ל""",2024-06-05 14:18:00
d6386ca4-a710-407e-a773-ec0096837d62,odata:vote:41066,plenum,,,,"""טיפול וסיוע המדינה לעובדים השעתיים בזמן המלחמה""",2024-06-05 14:11:00
9465ba9d-a6e5-4d2f-814c-c07390e17f3a,odata:vote:41065,plenum,,,,"""הקטל בכבישים: 177 בני אדם נהרגו בתאונות קטלניות בשנת 2024, 18 מתוכם בשבוע האחרון""",2024-06-05 13:58:00
b120533f-cebf-41ae-9e33-b26b870b53a3,odata:vote:41062,plenum,,,,"הצעת חוק הסמכת צבא הגנה לישראל ושירות הביטחון הכללי לביצוע חדירה לחומר מחשב המשמש להפעלת מצלמה נייחת ופעולה בו (הוראת שעה - חרבות ברזל) (תיקון), התשפ""ד-2024",2024-06-05 11:28:00
3f0968ac-e440-4a3f-abf9-588a44251a0e,odata:vote:41060,plenum,,,,"הצעת חוק התכנון והבנייה (תיקון - הכללת בתים מאזנים בהיתר מגורים לחוסים), התשפ""ד-2024",2024-06-05 11:22:00
ff4d2d75-2109-46fc-9e87-29f9522ac9da,odata:vote:41057,plenum,,,,"הצעת חוק הרשויות המקומיות (מימון בחירות) (הוראת שעה) (הארכת מועד לבקשת קבלת מימון), התשפ""ד-2024",2024-06-05 11:12:00
2737b92f-9ec7-4470-b245-440070564a6b,odata:vote:41056,plenum,,,,הצעת חוק-יסוד: ירושלים בירת ישראל (תיקון - איסור על פתיחת נציגות דיפלומטית זרה),2024-06-05 10:49:00
aa52a109-86ac-4206-9e7c-ee6cdba577c3,odata:vote:41054,plenum,,,,"הצעת חוק הארכת תקופות ודחיית מועדים (הוראת שעה - חרבות ברזל) (הליכי מס ומענקי סיוע) (תיקון - הפקדות משרת מילואים), התשפ""ד-2024",2024-06-05 10:30:00
0ba4854d-5475-4ada-b516-951e45b959fa,odata:vote:41053,plenum,,,,"הצעת חוק נציב תלונות הציבור על רבנים, התשפ""ד-2024",2024-06-05 10:22:00
e0049361-e061-4146-b4fb-af3e5042262a,odata:vote:41052,plenum,,,,"הצעת חוק כניסת שוהים בלתי חוקיים, פעילי טרור ובני משפחותיהם לישראל (תיקוני חקיקה), התשפ""ד-2024",2024-06-05 10:14:00
4c0ac067-aaaa-4e71-bb6e-b73dfa5400f1,odata:vote:41051,plenum,,,,"הצעת חוק לתיקון פקודת המשטרה (טיוב הטיפול בתלונות בגין אלימות משטרתית), התשפ""ג-2023",2024-06-05 09:55:00
83c59dba-0d9c-4994-b6da-7f8cf665840b,odata:vote:41050,plenum,,,,הצעת חוק-יסוד: הכנסת (תיקון - הצהרה בדבר זהותה של מדינת ישראל),2024-06-05 09:35:00
99456bf4-7255-4a56-aae8-809d1c1038ba,odata:vote:41049,plenum,,,,"הצעת חוק לתיקון פקודת המשטרה (פתיחה בחקירה פלילית), התשפ""ג-2023",2024-06-05 09:16:00
28f43aa7-7334-4499-9fc8-ec9db15a1b19,odata:vote:41048,plenum,,,,"הצעת חוק הגנת הצרכן (תיקון - ביטול עסקת מכר מרחוק למתן שירותי תיירות בישראל), התשפ""ג-2023",2024-06-05 08:59:00
ede1e52d-d25b-45d3-b3fa-8c7622eb2df1,odata:vote:41046,plenum,,,,"הצעת חוק סמכויות לשם שמירה על ביטחון הציבור (תיקון מס' 8) (הגנה על בסיסי צבא הגנה לישראל), התשפ""ד-2024",2024-06-04 16:03:00
15867546-1a72-43a7-bade-6aaa6294631b,odata:vote:41045,plenum,,,,"הצעת חוק הירושה (תיקון מס' 21) (פסלות לרשת), התשפ""ד–2024",2024-06-04 15:57:00
962bcfbc-829f-40e0-b336-a461dc2bb004,odata:vote:41042,plenum,,,,"הצעת חוק התקשורת (בזק ושידורים) (תיקון מס' 78) (תחנת חובבים בבית משותף), התשפ""ד–2024",2024-06-04 15:27:00
01c47207-5922-406a-a09c-b2bfc04dd086,odata:vote:41043,plenum,,,,"החלטת הוועדה לביטחון לאומי בדבר פיצול הצעת חוק העונשין (תיקון – הגנה על בסיסי צה""ל, שטחי אש, תחנות משטרה ומתקנים ביטחוניים), התשפ""ג-2023",2024-06-04 15:24:00
a8e12e4e-ac7c-49ea-93dc-f00e4c407ae6,odata:vote:41041,plenum,,,,"הצעת חוק יום האחדות, התשפ""ד-2024",2024-06-04 15:17:00
c2e1e52b-9556-4c57-88e1-8051e36c8576,odata:vote:41038,plenum,,,,"הצעת חוק תשלומים לפדויי שבי (תיקון מס' 6), התשפ""ד-2024",2024-06-04 15:07:00
388bd4f2-676e-4da5-aea9-0f17e2a44d5a,odata:vote:41036,plenum,,,,"הצעת חוק לדחיית הבחירות הכלליות לרשויות המקומיות (תיקון מס' 2) (תשלום למועמדים, סיעות ורשימות ברשויות שבהן נדחו הבחירות), התשפ""ד-2024",2024-06-03 17:40:00
07e2ce30-629c-467c-aa3c-57ba3d8d23d0,odata:vote:41035,plenum,,,,"הצעת חוק העונשין (תיקון מס' 148) (תחולת הדין הישראלי על עבירת חוץ שנעברה בידי אזרח ישראלי או תושב ישראל), התשפ""ג-2022",2024-06-03 17:33:00
fe7e70b6-f64a-4843-a175-0ba0880da239,odata:vote:41034,plenum,,,,"הצעת חוק שירותי תעופה (פיצוי וסיוע בשל ביטול טיסה או שינוי בתנאיה) (תיקון מס' 3 והוראת שעה – חרבות ברזל), התשפ""ד-2024",2024-06-03 17:00:00
7085d7fe-dc00-4c4c-abea-55b6d42846d5,odata:vote:41032,plenum,,,,"הצעת חוק עבודת הנוער (תיקון מס' 22), התשפ""ד-2024",2024-06-03 14:58:00
028bbc56-8e34-4176-b558-4b1543beb99e,odata:vote:41030,plenum,,,,"הצעת חוק עדכון סכומי תגמולים לנכי רדיפות הנאצים ולנכי המלחמה בנאצים וביטול המרת תגמולים (תיקוני חקיקה), התשפ""ד-2024",2024-06-03 14:51:00
76f44ec0-7928-446f-b67e-b99031752104,odata:vote:41027,plenum,,,,"הצעה להביע אי אמון בממשלה מטעם סיעת רע""מ בנושא: ""ממשלה שמפקירה את התכנון ומבצעת מדיניות רדיפתית של הריסות בתים בנגב ובכל החברה הערבית""",2024-06-03 14:41:00
9f828587-be4c-4e29-859b-6dd0adb8f925,odata:vote:41028,plenum,,,,"הצעה להביע אי אמון בממשלה מטעם סיעות הימין הממלכתי וישראל ביתנו בנושא :""כישלון הממשלה במתן ביטחון לאזרחי ישראל""",2024-06-03 14:40:00
09e8f87a-9454-441e-935a-953594136fd2,odata:vote:41029,plenum,,,,"הצעה להביע אי אמון בממשלה מטעם סיעת יש עתיד בנושא: ""ממשלה כושלת שלעולם לא תוביל אותנו לניצחון""",2024-06-03 14:40:00
85de4077-fffd-4c86-a61a-b0655f9dbc88,odata:vote:41026,plenum,,,,"""היערכות לחופש וביה""ס של החופש הגדול למפונים ומשפחות משרתי מילואים""",2024-05-29 16:00:00
51f5e814-67c2-450e-85e8-acb441c52a87,odata:vote:41025,plenum,,,,"""מחדל חמור: התרשלות המדינה בשמירה על חומרים בפרשת ילדי תימן""",2024-05-29 15:43:00
5922f9a1-9a38-4867-9bac-4427b446f77c,odata:vote:41023,plenum,,,,"הצעת חוק הגנה על זכויות ילדים נפגעי עבירת המתה בדירת המשפחה, התשפ""ד-2024 (פ/2883/25)",2024-05-29 15:14:00
af64c16a-b8f1-4562-93d6-aeea65f8fb91,odata:vote:41020,plenum,,,,"הצעת חוק משפחות חיילים שנספו במערכה (תגמולים ושיקום) (תיקון - הרחבת הזכאות ליתומים שמלאו להם 21 שנים), התשפ""ג-2023",2024-05-29 14:17:00
6722e67d-d616-4156-92d3-60df8bdfd12d,odata:vote:41021,plenum,,,,"הצעת חוק משפחות חיילים שנספו במערכה (תגמולים ושיקום) (תיקון - הסדרת הזכויות של יתומים בוגרים), התשפ""ד-2024",2024-05-29 14:16:00
7d0554a9-a857-4b5b-97eb-d44ad8ba4c06,odata:vote:41018,plenum,,,,"הצעת חוק בריאות ממלכתי (תיקון - העברת מידע מלא בעת מעבר בין קופות החולים), התשפ""ג-2022",2024-05-29 13:58:00
906b0c04-f90e-4384-8b2f-b04cdf87c11b,odata:vote:41017,plenum,,,,"הצעת חוק העונשין (תיקון - תקיפת סוהר), התשפ""ד-2024",2024-05-29 13:38:00
69c98ba9-be70-4810-a2a5-bd951a956a41,odata:vote:41015,plenum,,,,"הצעת חוק המאבק בטרור (תיקון - סנקציות על מוסדות פיננסיים), התשפ""ד-2024",2024-05-29 13:26:00
1bac1772-2910-47fa-9db8-b393e4696cbd,odata:vote:41014,plenum,,,,"הצעת חוק העונשין (תיקון - עונש מינימום למתעלל בקטין או חסר ישע), התשפ""ד-2023",2024-05-29 13:09:00
384defdc-7355-404b-9523-d80c1d88ecfe,odata:vote:41013,plenum,,,,"הצעת חוק משפחות חיילים שנספו במערכה (תגמולים ושיקום) (תיקון - תגמולי הורים, יתומים ואחים שכולים), התשפ""ד-2024",2024-05-29 12:55:00
966499a2-09e3-4991-b2a1-d4e924e78e9d,odata:vote:41012,plenum,,,,"הצעת חוק שירותי הדת היהודיים (תיקון - הסדרת שיטת התקצוב למועצות הדתיות ומועצות אזוריות שאין בהן מועצות דתיות), התשפ""ד-2024",2024-05-29 12:31:00
766eaa5e-3918-4884-b614-e2e7add39591,odata:vote:41011,plenum,,,,"הצעת חוק הקפאת כספים ששילמה הרשות הפלסטינית בזיקה לטרור מהכספים המועברים אליה מממשלת ישראל (תיקון - חילוט הכספים וניהולם), התשפ""ג-2023",2024-05-29 12:04:00
400020b0-22a0-400f-a2fa-695d22bfa731,odata:vote:41010,plenum,,,,"הצעת חוק הקפאת כספים ששילמה הרשות הפלסטינית בזיקה לטרור מהכספים המועברים אליה מממשלת ישראל (תיקון - חילוט הכספים וניהולם), התשפ""ד-2024",2024-05-29 12:03:00
14abe6de-4533-4454-8224-0d2fcdda6a02,odata:vote:41009,plenum,,,,"הצעת חוק סדנה מורשית לשיפור כלי רכב, התשפ""ד-2024",2024-05-29 11:18:00
e859592a-1c08-4d96-8e31-8b11ae504761,odata:vote:41007,plenum,,,,הצעת חוק-יסוד: הממשלה (תיקון - חובת מינוי ממלא מקום ראש הממשלה),2024-05-29 11:10:00
63dc0a54-29f8-4a01-8b46-700b8438f1c6,odata:vote:41005,plenum,,,,"הצעת חוק הביטוח הלאומי (תיקון - תגמולים למשרתים במילואים) (הוראת שעה - חרבות ברזל), התשפ""ד-2024",2024-05-29 10:08:00
ad8a713e-0c0e-408e-9aa1-6e6e34924a66,odata:vote:41004,plenum,,,,"הצעת חוק ביטוח בריאות ממלכתי (תיקון - בחירה מבין נותני השירותים), התשפ""ג-2023",2024-05-29 09:58:00
a6b28f38-3f7a-4281-bceb-c59c1bd52b25,odata:vote:41003,plenum,,,,"הצעת חוק תגמולים ליתום משני הוריו שאחד מהם נספה במלחמת חרבות ברזל (תיקוני חקיקה), התשפ""ד-2024",2024-05-29 09:37:00
77e3f919-23bb-4db7-82d8-78561104d092,odata:vote:41000,plenum,,,,"הצעת חוק להפסקת יחסי מדינת ישראל עם סוכנות הסעד והתעסוקה של האו""ם לפליטי פלסטין במזרח הקרוב (אונר""א) והכרזתה כארגון טרור, התשפ""ד-2024",2024-05-29 09:31:00
57158587-7c00-4498-a555-af231c36f285,odata:vote:41001,plenum,,,,"הצעת חוק לתיקון פקודת החסינות וזכויות-היתר של האומות המאוחדות (ביטול החסינויות וזכויות-היתר של סוכנות הסעד והתעסוקה של האו""ם לפליטי פלסטין במזרח הקרוב (אונר""א)), התשפ""ד-2024",2024-05-29 09:30:00
42d36cc8-b0a7-4367-9a5a-f4aa40d6388d,odata:vote:40988,plenum,,,,"""חזית המלחמה בצפון והמחירים חסרי התקדים לאזרחים""",2024-05-27 15:15:00
1e4ba92a-8874-48ba-98d0-c057bb2357cc,odata:vote:40986,plenum,,,,"הצעה דחופה לסדר היום בנושא: ""החרם הטורקי והשלכותיו על כלכלת ישראל ויוקר המחיה""",2024-05-22 14:19:00
a1af56e7-06fd-40cf-8b7b-641ccde9ee7a,odata:vote:40985,plenum,,,,"הצעת חוק הכניסה לישראל (תיקון מס' 39), התשפ""ד–2024",2024-05-22 13:50:00
f5cfcbb5-4d55-48d8-9fb4-902bcbb5f376,odata:vote:40983,plenum,,,,"הצעת חוק הביטוח הלאומי (תיקון - תשלום קצבת ילדים לאחר גיל 18 בעד ילד המשרת בשירות צבאי, לאומי או אזרחי), התשפ""ג-2023",2024-05-22 13:22:00
b0ba7fa9-35b5-41aa-b7bf-042190c82961,odata:vote:40982,plenum,,,,הצעת חוק-יסוד: הממשלה (תיקון - הפסקת כהונה של ראש הממשלה או שר מחמת הגשת כתב אישום),2024-05-22 13:04:00
8da305d1-8e63-4cdd-9a59-4f4a3d084ce2,odata:vote:40981,plenum,,,,"הצעת חוק אספקת החשמל, התשפ""ד-2024",2024-05-22 12:39:00
31f99197-945d-4df3-9d91-c7bb77d6cd8f,odata:vote:40980,plenum,,,,"הצעת חוק הגנה על הציבור מפני ארגוני פשיעה, התשפ""ד-2024",2024-05-22 12:01:00
fa303846-83a4-4ec7-8a1f-546d27545d46,odata:vote:40979,plenum,,,,"הצעת חוק זכויות נפגעי עבירה (תיקון מס' 18) (נפגעי עבירה בשל פעולות האיבה מ־7 באוקטובר), התשפ""ד–2024",2024-05-21 15:43:00
c34e81b8-77ba-4506-b98f-42120ec5987c,odata:vote:40977,plenum,,,,"הצעת חוק הסדרת העיסוק במקצועות הבריאות (תיקון מס' 10), התשפ""ד-2024",2024-05-21 15:22:00
196d0e35-50fd-443a-bbf5-e27f2780c963,odata:vote:40975,plenum,,,,"הצעת חוק להסדרת אירוע הילולת רבי שמעון בר יוחאי בהר מירון (הוראת שעה), התשפ""ד–2024",2024-05-21 15:14:00
42cb2256-e44b-446f-a7f3-b1a148c8799e,odata:vote:40973,plenum,,,,"הצעת חוק המקרקעין (תיקון מס' 36) (התקנת עמדת טעינה לרכב חשמלי בבית משותף ודיני מקרקעין), התשפ""ג-2022",2024-05-20 17:56:00
9ae344e8-51cc-41a1-95b5-d56f515cbbd3,odata:vote:40971,plenum,,,,"הצעת חוק לתיקון פקודת בתי הסוהר (מס' 64 – הוראת שעה – חרבות ברזל) (מצב חירום כליאתי) (תיקון מס' 2), התשפ""ד-2024",2024-05-20 17:50:00
b2bd4e16-df23-42fe-ba3f-a5cdd7f523e7,odata:vote:40969,plenum,,,,"הצעת חוק הכניסה לישראל (תיקון מס' 40) (סמכויות קצין ביקורת הגבולות ופקח), התשפ""ד-2024",2024-05-20 17:32:00
4176881a-e398-40ed-82ce-b730d9ec2a8e,odata:vote:40968,plenum,,,,"הצעת חוק הכללת אמצעי זיהוי ביומטריים ונתוני זיהוי ביומטריים במסמכי זיהוי ובמאגר מידע (תיקון מס' 5), התשפ""ד-2024",2024-05-20 17:07:00
b96437f7-410a-4bef-9bf9-f73a135c891d,odata:vote:40965,plenum,,,,"הצעה להביע אי אמון מטעם סיעת העבודה בנושא: ""כישלון מוחלט במשילות ויצירת מציאות כאוטית בישראל""",2024-05-20 14:38:00
c82dac57-5305-4200-b6ec-68f63c892606,odata:vote:40963,plenum,,,,"הצעת חוק לתיקון פקודת סדר הדין הפלילי (מעצר וחיפוש)(תיקון מס' 16), התשפ""ד-2024",2024-05-08 15:18:00
13eedd2f-ce24-4204-9111-ac7c033668ac,odata:vote:40962,plenum,,,,"הצעת חוק כלי הירייה (תיקון מס' 24) (תיקון), התשפ""ד–2024",2024-05-08 13:09:00
e61f3f43-8244-47fa-8e6f-fbd7a1deeef4,odata:vote:40959,plenum,,,,"הצעת חוק תשלומים לפדויי שבי (תיקון - סכומי התשלומים ומועדיהם), התשפ""ד-2024",2024-05-08 12:56:00
842518b7-9687-497f-bf21-3fbe90214321,odata:vote:40960,plenum,,,,"הצעת חוק תשלומים לפדויי שבי (תיקון מס' 6) (פדויי שבי – חרבות ברזל), התשפ""ד-2024",2024-05-08 12:54:00
279808af-cd88-40a4-b634-d182b487e75d,odata:vote:40958,plenum,,,,"הצעת חוק לתיקון פקודת סדר הדין הפלילי (מעצר וחיפוש) (מס' 16) (חיפוש שלא על פי צו חיפוש – הארכת הוראת השעה), התשפ""ד-2024",2024-05-08 11:57:00
0534c235-0f6f-4c1d-950c-6e61fc57e4d1,odata:vote:40956,plenum,,,,"""מצבם של החטופות והחטופים בשבי בצל העדויות הנחשפות על התעללויות ופגיעות מיניות חמורות""",2024-04-15 15:18:00
040701f5-499e-4769-a17e-a67b9030bc77,odata:vote:40953,plenum,,,,"הצעת חוק לייעול האכיפה והפיקוח העירוניים ברשויות המקומיות (הוראת שעה) (תיקון מס' 12), התשפ""ד-2024",2024-04-15 14:01:00
0388aa6f-b2a4-4e00-823e-65f42e85de65,odata:vote:40952,plenum,,,,"הצעת חוק כלי הירייה (תיקון) (דחיית המועד לצו דמוי כלי ירייה והארכת תוקף צו איסור ייבוא כלי איירסופט), התשפ""ד-2024",2024-04-15 13:52:00
555e8b4f-0c2f-4dbc-b954-cb56355819fa,odata:vote:40951,plenum,,,,"הצעת חוק להסדרת אירוע הילולת רבי שמעון בר יוחאי בהר מירון (הוראת שעה), התשפ""ד-2024",2024-04-15 10:59:00
7c7e03a3-3315-436a-9346-1234a24b1dc5,odata:vote:40950,plenum,,,,"הצעת חוק התקנת מצלמות לשם הגנה על פעוטות במעונות יום לפעוטות (תיקון), התשפ""ד-2024",2024-04-03 18:28:00
b738a7c6-1002-49c7-ae12-0bfa50ba8710,odata:vote:40949,plenum,,,,"הצעת חוק לתיקון סדרי הדין (חקירת עדים) (תיקון מס' 10) (עדות קטין ונפגע עבירת מין או סחר בבני אדם בהליך אזרחי), התשפ""ד–2024",2024-04-03 17:57:00
7f3c8b0c-d542-402a-b9c8-ecb48d118500,odata:vote:40948,plenum,,,,"הצעת חוק הכניסה לישראל (תיקון מס' 39) (התליית רישיון או היתר עיסוק והטלת חילוט בשל הסעה, הלנה והעסקה שלא כדין בנסיבות מחמירות), התשפ""ד–2024",2024-04-03 17:35:00
9e743043-f0a1-418f-819d-f6eafabab07c,odata:vote:40947,plenum,,,,"הצעת חוק החיילים המשוחררים (החזרה לעבודה) (תיקון מס' 19) (הגנה על בני זוג של משרתים במילואים), התשפ""ד–2024",2024-04-03 17:24:00
f75900f7-e555-49fb-aad4-7d493d483b81,odata:vote:40946,plenum,,,,"הצעת חוק לתיקון פקודת העיריות (מס' 158) (השבת עודפי גבייה של ארנונה), התשפ""ד–2024",2024-04-03 17:13:00
0dfeeccb-ecad-45a1-aae5-16d834d00dd4,odata:vote:40945,plenum,,,,"הצעת חוק צער בעלי חיים (הגנה על בעלי חיים) (תיקון מס' 12) (איסור עיסוק ברבייה ובמכירה של כלבים ללא היתר), התשפ""ד–2024",2024-04-03 17:04:00
a7ccef9e-6397-417f-9985-5128c693164e,odata:vote:40943,plenum,,,,"חוק כליאתם של לוחמים בלתי חוקיים (תיקון מס' 4 והוראת שעה – חרבות ברזל) (תיקון), התשפ""ד–2024",2024-04-03 16:49:00
99c8906f-cc6d-43e5-b2cb-045968725bff,odata:vote:40941,plenum,,,,"הצעת חוק עדכון שיעורי תגמולים לנכי רדיפות הנאצים ולגבי המלחמה בנאצים וביטול המרת תגמולים (תיקוני חקיקה), התשפ""ד-2024",2024-04-03 16:37:00
582a9afc-ff1f-4248-97c5-e39b9cc2c3ae,odata:vote:40935,plenum,,,,"הצעת חוק הגנת הסביבה (ייעול הליכי רישוי סביבתי) (תיקוני חקיקה), התשפ""ד-2024",2024-04-03 15:25:00
b3d2b68d-5a95-46b9-83eb-f504c534592c,odata:vote:40929,plenum,,,,"הצעת חוק הנוער (שפיטה, ענישה ודרכי טיפול) (תיקון מס' 25) (מאסר בעבירת המתה שהיא מעשה טרור), התשפ""ד–2024",2024-04-03 14:41:00
68eb82b2-dec2-4922-a5bc-5de36ef96eb4,odata:vote:40927,plenum,,,,"הצעת חוק הכניסה לישראל (תיקון מס' 38), התשפ""ד–2024",2024-04-03 13:38:00
1306cb18-8465-4a49-ba61-0205b8eb2f1d,odata:vote:40926,plenum,,,,"הצעת חוק שירותי הדת היהודיים (תיקון מס' 26), התשפ""ד-2024",2024-04-03 12:53:00
23d4c393-c73b-400f-abc1-de9328ed9856,odata:vote:40924,plenum,,,,"הצעת חוק התקנים (תיקון מס' 19) (אימוץ הוראות מחייבות החלות בדין האירופי), התשפ""ד-2024",2024-04-03 12:16:00
aaf68478-be29-46c1-824f-47c09679067b,odata:vote:40923,plenum,,,,"הצעת חוק הגנה על בריאות הציבור (תיקון מס' 9 והוראת שעה) (הרחבת אימוץ הדין האירופי, ייעול הליך האימוץ והסרת חסמים ביבוא מזון במסלול האירופי), התשפ""ד-2024",2024-04-03 11:54:00
d35f4e98-45b4-4acb-a36e-8f5c86ae40b3,odata:vote:40922,plenum,,,,"הצעת חוק האקלים, התשפ""ד-2024",2024-04-03 10:26:00
1731f286-086d-4127-b82c-a20a67d1a95c,odata:vote:40912,plenum,,,,"הצעת חוק הביטוח הלאומי (תיקון מס' 245) (העברת האחריות הביטוחית בתחום מכשירי שיקום וניידות מן המדינה לקופות החולים), התשפ""ד-2024",2024-04-01 21:19:00
59de8201-c4ee-4920-aca4-4888d2b26b42,odata:vote:40911,plenum,,,,"הצעת חוק השקעות משותפות בנאמנות (קרן כספית וקרן מועדים קבועים), התשפ""ד-2024",2024-04-01 21:15:00
0fc19373-dcbd-41db-8ad7-c0c8af12509f,odata:vote:40910,plenum,,,,"הצעת חוק הגבלת שכר טרחה (תביעות לתגמולים והטבות של נכי כוחות הביטחון, נפגעי פעולות איבה ומשפחות שכולות), התשפ""ד-2024",2024-04-01 21:10:00
fd1d6848-7b1b-465f-b5b6-d5412c549c5b,odata:vote:40909,plenum,,,,"הצעת חוק החברות (תיקון מס' 37) (ממשל תאגידי בחברות ציבוריות שאין בהן בעל שליטה), התשפ""ג-2023",2024-04-01 20:54:00
2761ec46-1cf5-4f77-9006-8df641bf865c,odata:vote:40908,plenum,,,,"הצעת חוק בתי המשפט (תיקון מס' 107) (הסדר גישור בין-לאומי), התשפ""ג-2023",2024-04-01 20:35:00
cdc53bf8-3a45-4e9f-86f0-3a3a48ffb208,odata:vote:40906,plenum,,,,"הצעת חוק מגבלות על חזרתו של מורשע במעשה טרור לסביבת נפגעי העבירה, התשפ""ד-2024",2024-04-01 19:57:00
ef057bfb-adc1-457b-bc42-3eb3a955ead5,odata:vote:40904,plenum,,,,"הצעת חוק להסדרת הפיקוח על כלבים (תיקון מס' 6 – הוראת שעה – חרבות ברזל), התשפ""ד–2024",2024-04-01 19:41:00
6ce3a071-9d97-49df-a521-114f78f46328,odata:vote:40902,plenum,,,,"הצעת חוק לתיקון פקודת העיריות (מס' 157) , התשפ""ד–2024",2024-04-01 19:19:00
7528493c-0bd7-442f-9466-5ce3f3f22380,odata:vote:40884,plenum,,,,"הצעת חוק מניעת פגיעת גוף שידורים זר בביטחון המדינה (הוראת שעה – חרבות ברזל), התשפ""ד-2024",2024-04-01 15:33:00
d487ff4d-fbda-4481-8a6c-c0cb323350b0,odata:vote:40875,plenum,,,,"העברת הצעת חוק לביטול ההתיישנות בעבירות מין (תיקוני חקיקה), התשפ""ד-2023 (פ/2601/25), של חה""כ שרון ניר וקבוצת חברי כנסת, מוועדת החוקה, חוק ומשפט לדיון בוועדה המשותפת של ועדת החוקה, חוק ומשפט והוועדה לקיום מעמד האישה ולשוויון מגדרי",2024-03-27 16:07:00
5519358d-dd24-46d9-99ba-a89395e52575,odata:vote:40876,plenum,,,,"הצעת חוק לתיקון ולהארכת תוקפן של תקנות שעת חירום (חרבות ברזל) (פגישה עם עורך דין של עצור בעבירת ביטחון) (תיקון), התשפ""ד-2024",2024-03-27 16:04:00
b3b3929b-7304-4c6f-b5e6-578c2b1d8e99,odata:vote:40869,plenum,,,,"הצעת חוק העונשין (תיקון מס' 149), התשפ""ד–2024",2024-03-27 15:26:00
53715bdd-6899-4f2b-bbad-86e1f39fda33,odata:vote:40864,plenum,,,,"הצעת חוק סיוע לסטודנטים ששירתו במילואים (תיקוני חקיקה והוראת שעה), התשפ""ד-2024",2024-03-27 14:54:00
4e378c97-0fad-4e59-b7b7-5efb4225a5c6,odata:vote:40862,plenum,,,,"הצעה דחופה לסדר היום בנושא: ""המעטפת הנדרשת לפצועי צה""ל ומשפחותיהם""",2024-03-27 14:33:00
d1414c61-eaf1-4716-ae49-7424be83585e,odata:vote:40861,plenum,,,,"הצעה דחופה לסדר היום בנושא: ""אפליית תקציבים להתיישבות בעיירות פיתוח ובמגזר העירוני""",2024-03-27 14:15:00
848562e6-0b97-44ae-91bb-bd4110adff57,odata:vote:40860,plenum,,,,הסמכת ועדת הכנסת לבחירת נציגי הכנסת באסיפה הבוחרת לפי חוק הרבנות הראשית,2024-03-27 13:56:00
02b547a8-d6a5-41f0-9dfd-0a468c7441e0,odata:vote:40859,plenum,,,,"הצעת חוק הכניסה לישראל (תיקון - החמרת הענישה בעבירות של הסעה, הלנה והעסקה שלא כדין של שוהים בלתי חוקיים), התשפ""ד-2024",2024-03-27 12:59:00
8786904f-61a2-4629-93d5-3c85f9caa9f1,odata:vote:40858,plenum,,,,"הצעת חוק הכניסה לישראל (תיקון מס' 38) (החמרת הענישה בעבירות של הסעה, הלנה והעסקה של שוהים שלא כדין), התשפ""ד–2024",2024-03-27 12:58:00
4708ac68-aaea-4de2-9696-3779175648f7,odata:vote:40857,plenum,,,,"הצעת חוק הגנת השכר (תיקון - הגברת הסנקציות על ניכויים משכר עבודה בניגוד לדין), התשפ""ד-2024",2024-03-27 12:29:00
d587fb02-c72c-4eec-935c-824005fed390,odata:vote:40856,plenum,,,,"הצעת חוק תקשורת דיגיטלית עם גופים ציבוריים (תיקון - חובת מענה הולם), התשפ""ג-2023",2024-03-27 12:14:00
bbd35303-7ce2-4599-b1ff-35974af837ab,odata:vote:40855,plenum,,,,"הצעת חוק תובענות ייצוגיות (תיקון - פניה מוקדמת), התשפ""ד-2024",2024-03-27 12:08:00
b5a4379f-8ec4-4cb6-b169-c2be033081e1,odata:vote:40854,plenum,,,,"הצעת חוק שירות הציבור (הגבלות לאחר פרישה) (תיקון - תקופת צינון לעובד ציבור ברשויות פיננסיות), התשפ""ג-2023",2024-03-27 11:51:00
6e7df5de-d7a2-4af6-a1c5-b06a8aaed7f0,odata:vote:40853,plenum,,,,"הצעת חוק בינוי ופינוי של אזורי שיקום (כפר שלם), התשפ""ג-2023",2024-03-27 11:39:00
3bd8e224-d57f-47a0-a313-fca91e89969e,odata:vote:40850,plenum,,,,"הצעת חוק התקנת מצלמות לשם הגנה על פעוטות במעונות יום לפעוטות (תיקון - החלה על גני ילדים והגברת האכיפה), התשפ""ג-2023",2024-03-27 11:23:00
c1b7cfd3-9fc3-424b-8b87-6bbeffbcc46c,odata:vote:40851,plenum,,,,"הצעת חוק התקנת מצלמות לשם הגנה על פעוטות במעונות יום לפעוטות (תיקון - החלה על גני ילדים והגברת האכיפה), התשפ""ד-2023",2024-03-27 11:22:00
9ce8d9dd-5746-4188-b39f-ffe197a31d48,odata:vote:40852,plenum,,,,"הצעת חוק התקנת מצלמות לשם הגנה על פעוטות במעונות יום לפעוטות (תיקון – החלה על גני ילדים והגברת האכיפה), התשפ""ג–2023",2024-03-27 11:21:00
9e8d18b7-23d2-40ba-966d-c84f773dd5f6,odata:vote:40849,plenum,,,,"הצעת חוק שירותי הובלה (תיקון - החמרת הענישה בעבירת העמסת מטען שלא בהתאם לתנאי רישיון הרכב), התשפ""ג-2023",2024-03-27 10:10:00
1858001f-dbc2-4e91-9bc7-26fc0ceee97c,odata:vote:40848,plenum,,,,"הצעת חוק למניעת חרם חברתי בבתי ספר, התשפ""ג-2023",2024-03-27 09:55:00
6465f6f5-8f6a-4f3d-a8ea-285adce87367,odata:vote:40846,plenum,,,,"הצעת חוק לתיקון פקודת בריאות העם (הנגשת מידע ופנקס חיסונים למחוסן), התשפ""ד-2023",2024-03-27 09:35:00
cbb8ecdd-df92-476f-92e0-81b1b85f315f,odata:vote:40826,plenum,,,,"העברת הצעת חוק שיפוט בתי דין דתיים (בוררות), התשפ""ג-2023 (פ/1579/25), של חה""כ ישראל אייכלר, מוועדת החוקה, חוק ומשפט לוועדת הכספים",2024-03-26 18:56:00
6ef9db6f-b246-41a1-81f4-dba786909afd,odata:vote:40827,plenum,,,,"העברת הצעת חוק שיפוט בתי דין דתיים (בוררות), התשפ""ג-2023 (פ/1178/25), של חה""כ משה גפני וקבוצת חברי כנסת, מוועדת החוקה, חוק ומשפט לוועדת הכספים",2024-03-26 18:54:00
40178632-8769-4bd1-852e-d35fd6e1b5c6,odata:vote:40828,plenum,,,,"החלטת ועדת הפנים והגנת הסביבה בדבר פיצול מתוך פרק ג' בהצעת חוק התכנית הכלכלית (תיקוני חקיקה ליישום המדיניות הכלכלית לשנות התקציב 2023 ו-2024), התשפ""ג-2023",2024-03-26 18:51:00
3009fbbc-9695-456b-84e7-1885ce99ed2d,odata:vote:40829,plenum,,,,"הצעת חוק איסור פרסומת והגבלת השיווק של מוצרי טבק ועישון (תיקון מס' 9), התשפ""ד–2024",2024-03-26 18:45:00
e59c50b1-5a73-424a-9c9b-58e199127dee,odata:vote:40831,plenum,,,,"הצעת חוק לשכת עורכי הדין (תיקון מס' 43), התשפ""ד–2024",2024-03-26 18:38:00
eb253ae8-554b-430a-8e91-e037320397c3,odata:vote:40833,plenum,,,,"הצעת חוק התגמולים לנפגעי פעולות איבה (תיקון מס' 43), התשפ""ד-2024 (פ/2540/25) (פ/585/25)",2024-03-26 18:29:00
ac75d183-d6d0-4460-98d4-5bb791f98d4c,odata:vote:40836,plenum,,,,"הצעת חוק התגמולים לנפגעי פעולות איבה (תיקון מס' 42), התשפ""ד-2024",2024-03-26 18:08:00
05d747a3-5848-4f2c-8ad3-915966794b23,odata:vote:40837,plenum,,,,"הצעת חוק איסור התערבות גנטית (שיבוט אדם ושינוי גנטי בתאי רבייה) (תיקון מס' 5), התשפ""ד-2024",2024-03-26 18:04:00
36dbc131-325f-4f3f-8e32-e4bf1018a3de,odata:vote:40839,plenum,,,,"הצעת חוק לתיקון פקודת העיריות (מס' 156 – הוראת שעה – החלטה על הטלת ארנונה כללית לגבי שנת הכספים 2024), התשפ""ד–2024",2024-03-26 17:59:00
20a30aec-4328-4cbc-89b9-bac45819e386,odata:vote:40841,plenum,,,,"הצעת חוק תובענות ייצוגיות (תיקון מס' 15), התשפ""ד-2024",2024-03-26 17:52:00
dde10684-68f4-4dd8-af8e-751743aeef65,odata:vote:40843,plenum,,,,"הצעת חוק כליאתם של לוחמים בלתי חוקיים (תיקון מס' 4 והוראת שעה – חרבות ברזל) (תיקון), התשפ""ד-2024",2024-03-26 17:36:00
f87bcb84-176b-4685-bcd8-52b7b2393d33,odata:vote:40824,plenum,,,,"הצעת חוק בתי קברות צבאיים (תיקון מס' 5), התשפ""ד–2024",2024-03-20 15:07:00
52ff606b-dec3-4da2-8285-66e29b353635,odata:vote:40823,plenum,,,,"""אי מימוש חקיקת הכנסת בנוגע לחיזוק ההתיישבות בנגב ובגליל""",2024-03-20 14:56:00
e80456fe-0a0a-42bc-b769-1465c414af25,odata:vote:40822,plenum,,,,"""ביטול ההנחה על אגרת רישוי תהפוך את הרכב החשמלי למוצר לעשירים בלבד""",2024-03-20 14:43:00
14030ffc-a063-47f1-9641-397239990f2a,odata:vote:40821,plenum,,,,"""הצורך הדחוף והמיידי בהקמת מנהלת תקומה בצפון""",2024-03-20 14:35:00
f4d70193-6fc2-407a-9f7d-065ef476140b,odata:vote:40820,plenum,,,,"""בצל רעידת האדמה בצפון, מתריע המבקר אודות חוסר מוכנות המדינה לרעידת אדמה""",2024-03-20 14:12:00
66db5204-a142-409b-bd18-1e9216f66bb5,odata:vote:40819,plenum,,,,"""השארה קבועה של נשק ללוחמי מילואים""",2024-03-20 13:57:00
f7398e00-7667-4f57-b2f5-b155977a5793,odata:vote:40817,plenum,,,,"הצעת חוק הפיקוח על שירותים פיננסיים (קופות גמל) (תיקון - הגדלת הסכום המרבי להפקדה בקופות גמל להשקעה), התשפ""ג-2023",2024-03-20 13:48:00
5854504a-c702-4ba0-a80b-5bd614cee30b,odata:vote:40816,plenum,,,,"הצעת חוק חופשה שנתית (תיקון - הוספת יום חופשה ביום אזכרת בן משפחה שנפטר), התשפ""ד-2024",2024-03-20 13:33:00
0fff71f5-66a6-45a2-8c6b-7c12beed93fc,odata:vote:40814,plenum,,,,"הצעת חוק לתיקון פקודת הבנקאות (חובת איתור בעלי חשבונות ללא תנועה), התשפ""ד-2024",2024-03-20 13:11:00
2ecd0aaf-c2ec-4520-9f4a-1ebd1955a2b3,odata:vote:40813,plenum,,,,"הצעת חוק להחלפת המונח שיקום נכה נפש (תיקוני חקיקה), התשפ""ד-2024",2024-03-20 13:01:00
ae09614a-fbaf-4b55-9499-f938eea12754,odata:vote:40812,plenum,,,,"הצעת חוק השידור הציבורי הישראלי (תיקון - דיווח שנתי לוועדת הכלכלה של הכנסת), התשפ""ג-2023",2024-03-20 12:45:00
70d23620-9d2b-4354-9d44-809a0fd6e8c6,odata:vote:40810,plenum,,,,"הצעת חוק שירות הקבע בצבא הגנה לישראל (גמלאות) (תיקון - ביטול ניכוי מקצבה), התשפ""ד-2023",2024-03-20 12:25:00
48200e46-7d90-4464-a31a-206d01710c19,odata:vote:40811,plenum,,,,"הצעת חוק שירות הקבע בצבא הגנה לישראל (גמלאות) (תיקון - ביטול ניכוי מקצבה), התשפ""ג-2023",2024-03-20 12:24:00
6933c0c3-b749-4aef-9577-1a6c10f35438,odata:vote:40809,plenum,,,,"הצעת חוק מתן עדיפות לחיילים ולמשרתי מילואים בזכאות למעונות סטודנטים (הוראת שעה - חרבות ברזל), התשפ""ד-2024",2024-03-20 12:11:00
c682a67e-d6b0-4da5-a475-88de9c3a1f28,odata:vote:40808,plenum,,,,"הצעת חוק המאבק בטרור (תיקון - הסתה לטרור ברשתות חברתיות), התשפ""ד-2024",2024-03-20 11:57:00
79924e04-07a1-408d-9393-0177d6199349,odata:vote:40804,plenum,,,,"הצעת חוק העונשין (תיקון - מאבק בפשיעה החקלאית), התשפ""ג-2023",2024-03-20 11:28:00
e4c071e5-746c-41ac-bcdb-9491f912c7e2,odata:vote:40803,plenum,,,,"הצעת חוק איסור הלבנת הון (תיקון - מתן סמכות פיקוח לרשות לאיסור הלבנת הון ומימון טרור על נותני שירותים פיננסיים), התשפ""ג-2023",2024-03-20 11:20:00
2274eb29-e4de-449d-b158-b0cc4bf037cb,odata:vote:40802,plenum,,,,"הצעת חוק שירות ביטחון (תיקון - השוואת תהליכי המיון, השיבוץ, התקינה וההכשרה, המסלולים המקצועיים ואופקי הקידום לנשים וגברים), התשפ""ג-2023",2024-03-20 11:15:00
972063e1-f4ac-458f-ac5e-31235aa411f9,odata:vote:40801,plenum,,,,"הצעת חוק מס ערך מוסף (תיקון - תשלום המס במתן שירותי כוח אדם ועבודות בנייה), התשפ""ד-2024",2024-03-20 10:52:00
d8683112-bcd8-432c-af51-87039351d1fb,odata:vote:40799,plenum,,,,"הצעת חוק הבנקאות (שירות ללקוח) (תיקון - הגבלת עמלת ערבות בנקאית שמובטחת בפיקדון כספי מסוים), התשפ""ג-2022",2024-03-20 10:23:00
ac3f3b93-8e0a-445d-9911-665b4dc3ec13,odata:vote:40800,plenum,,,,"הצעת חוק הבנקאות (שירות ללקוח) (תיקון - הגבלת עמלת ערבות בנקאית שמובטחת בפיקדון כספי מסוים), התשפ""ג-2023",2024-03-20 10:22:00
3f668cd4-facb-448c-9750-872f93cbfad2,odata:vote:40798,plenum,,,,"הצעת חוק לתיקון פקודת הנמלים (איסור על השטת כלי שיט ועל הפלגה באופנוע ים בשכרות), התשפ""ד-2023",2024-03-20 09:48:00
aad6de44-f23a-4604-8377-90960fa5b531,odata:vote:40797,plenum,,,,"הצעת חוק לתיקון פקודת מס הכנסה (העברת מידע לבקשת הנישום), התשפ""ד-2024",2024-03-20 09:36:00
f3c613d8-2c57-4e48-a1d4-0c876f6697c0,odata:vote:40796,plenum,,,,"הצעת חוק לשכת עורכי הדין (תיקון מס' 43) (כהונה בוועדת אתיקה), התשפ""ד–2024",2024-03-19 15:49:00
5dbcddaf-1c51-407f-869e-c8891f6886fa,odata:vote:40795,plenum,,,,"הצעת חוק הקמת מאגר מידע גנטי של כלבים, התשפ""ד–2024 (פ/2708/25)",2024-03-19 15:44:00
948860a0-d7eb-44b2-a40a-0d7b56ac07d2,odata:vote:40793,plenum,,,,"הצעת חוק יום משפחות היתומים בישראל, התשפ""ד–2024",2024-03-19 15:36:00
21235077-b0df-4eaa-9e35-959e767ac87b,odata:vote:40791,plenum,,,,"הצעת חוק משפחות חיילים שנספו במערכה (תגמולים ושיקום) (תיקון מס' 43), התשפ""ד–2024",2024-03-19 15:22:00
c95f3411-3836-46c6-a757-3f2fb572b5b5,odata:vote:40790,plenum,,,,"הצעת חוק לתיקון ולהארכת תוקפן של תקנות שעת חירום (חרבות ברזל) (הארכת מעצר לחשוד בעבירת ביטחון) (תיקון), התשפ""ד-2024",2024-03-19 15:06:00
74da44d3-28a7-4196-9f3b-9d535b058ac3,odata:vote:40787,plenum,,,,"הצעת חוק הכללת אמצעי זיהוי ביומטריים ונתוני זיהוי ביומטריים במסמכי זיהוי ובמאגר מידע (תיקון מס' 4 – הוראת שעה), התשפ""ד–2024",2024-03-19 15:03:00
f44ffd6f-65ec-4952-9af2-70b1e33f0b1d,odata:vote:40785,plenum,,,,"הצעת חוק שוויון זכויות לאנשים עם מוגבלות (תיקון מס' 22 והוראת שעה) (דחיית מועד תחילה), התשפ""ג-2023",2024-03-18 22:31:00
018d244d-ea42-41b3-aed2-dbcda9f774b3,odata:vote:40784,plenum,,,,"הצעת חוק הסיוע המשפטי (תיקון מס' 25), התשפ""ד–2024",2024-03-18 22:25:00
d92946c2-79c7-426d-9560-96315be2a235,odata:vote:40781,plenum,,,,"הצעת חוק סיוע להורים לילדים עד גיל שלוש (תיקוני חקיקה), התשפ""ד-2024",2024-03-18 22:16:00
23585fe3-4913-4878-a341-bf6571d64861,odata:vote:40770,plenum,,,,"הצעת חוק התכנון והבנייה (תיקון מס' 152), התשפ""ד-2024",2024-03-18 21:38:00
e6230e27-30ce-4e59-ae2d-03e67c5dcbb4,odata:vote:40767,plenum,,,,"הצעת חוק התכנון והבנייה (תיקון מס' 151), התשפ""ד-2024",2024-03-18 21:30:00
9dc22cbe-034b-450a-adc4-db040c6ec445,odata:vote:40732,plenum,,,,"החלטת הממשלה בהתאם לסעיף 31(א) לחוק יסוד: הממשלה,לשנות את חלוקת התפקידים ולקבוע כי השרה גילה גמליאל תחדל לכהן כשרת המודיעין, וזאת במועד שבו תיכנס לתוקף ההחלטה בדבר ביטול משרד המודיעין, וכן למנותה לשרת החדשנות, המדע והטכנולוגיה, וזאת במקום השר אופיר אקוניס",2024-03-18 17:02:00
60547d18-59a3-4181-b1f7-9952fae07add,odata:vote:40733,plenum,,,,"החלטת הממשלה בהתאם לסעיף 31(ג) לחוק יסוד: הממשלה, לבטל את משרד המודיעין.",2024-03-18 17:01:00
0f86231f-10c9-42f9-9367-951762675077,odata:vote:40731,plenum,,,,"הצעה להביע אי אמון בממשלה מטעם סיעת יש עתיד בנושא: ""הממשלה הכושלת מקום המדינה שמפקירה את אזרחי ישראל ופגעה אנושות בביטחון האישי""",2024-03-18 14:36:00
0fd7b1db-c57f-413e-ab60-f8d9a2b8bb34,odata:vote:40729,plenum,,,,"הצעת חוק חדלות פירעון ושיקום כלכלי (תיקון מס' 4 – הוראת שעה – נגיף הקורונה החדש) (תיקון מס' 2) (הארכת תוקף – חרבות ברזל), התשפ""ד-2024",2024-03-13 15:44:00
b536f26a-c447-4aa0-8eb0-f4097bd2707e,odata:vote:40728,plenum,,,,"הצעת חוק סדר הדין הפלילי (סמכויות אכיפה – מעצרים) (תיקון מס' 23 – הוראת שעה) (החמרת תנאי שחרור בערובה של חשוד בעבירות חמורות), התשפ""ד–2024",2024-03-13 15:39:00
8787f087-8e9f-4929-8f1d-43d531967068,odata:vote:40726,plenum,,,,"הצעת חוק בתי קברות צבאיים (תיקון מס' 5) (קבורת סוהרים וכבאים), התשפ""ד–2024",2024-03-13 15:24:00
e1317c03-b93f-4815-9e88-eddf0d805859,odata:vote:40725,plenum,,,,"הצעת חוק רישוי עסקים (תיקון מס' 38) (מכירת יין בחנות גדולה), התשפ""ד-2024 (פ/2954/25) (פ/3582/25) (פ/3945/25)",2024-03-13 15:05:00
97b36e00-ba48-43a8-9897-a5018ad73187,odata:vote:40730,plenum,,,,"הצעת חוק תשלום מיוחד לשם השגת יעדי התקציב (הוראת שעה – חרבות ברזל), התשפ""ד–2024",2024-03-13 14:35:00
8a991ac9-8238-427c-8f56-554a4e659f18,odata:vote:40723,plenum,,,,"הצעת חוק ביטוח בריאות ממלכתי (תיקון מס' 69 והוראת שעה), התשפ""ד-2024",2024-03-13 14:30:00
d1a15a3d-1fbc-486d-b46a-c1fdaa4d4940,odata:vote:40724,plenum,,,,"הצעת חוק הקפאה והפחתה של דמי הבראה בשנת 2024 לשם תקצוב הטבות לחיילי מילואים, התשפ""ד-2024",2024-03-13 14:29:00
389772c1-7b3a-46ee-946f-eb673d96fb3b,odata:vote:40719,plenum,,,,"הצעת חוק הביטוח הלאומי (תיקון מס' 244 והוראת שעה), התשפ""ד-2024",2024-03-13 14:27:00
ce0a5c2e-d1a6-4bc4-a87b-ad93cc19f8be,odata:vote:40712,plenum,,,,"הצעת חוק תקציב נוסף לשנת הכספים 2024, התשפ""ד-2024",2024-03-13 14:17:00
4abdaffc-b2ad-444a-8329-44e4e693687e,odata:vote:40557,plenum,,,,"הצעת חוק הפחתת הגירעון והגבלת ההוצאה התקציבית (תיקון מס' 25), התשפ""ד-2024",2024-03-13 12:26:00
91dc75c2-121c-4cce-beb8-66f823487264,odata:vote:40542,plenum,,,,"החלטת ועדת הכספים לגבי צו תעריף המכס והפטורים ומס קנייה על טובין (תיקון מס' 5 והוראת שעה מס' 9), התשפ""ד-2024",2024-03-13 12:18:00
8f685240-c302-4270-b094-5e06e62d18a8,odata:vote:40543,plenum,,,,"החלטת ועדת הכספים לגבי צו הבלו על דלק (הטלת בלו) (תיקון והוראת שעה),התשפ""ד-2024",2024-03-13 12:17:00
5dd6a14e-291f-4c82-bcc9-4cb2c28ceedb,odata:vote:40544,plenum,,,,"החלטת ועדת הכספים לגבי צו תעריף המכס והפטורים ומס קנייה על טובין (תיקון מס' 3 והוראת שעה מס' 8), התשפ""ד-2024",2024-03-13 12:16:00
97441c5d-173a-4e16-988c-08eefcdfdaec,odata:vote:40540,plenum,,,,"הצעת חוק לתיקון פקודת העיריות (הוראת שעה – החלטה על הטלת ארנונה כללית לגבי שנת הכספים 2024), התשפ""ד-2024",2024-03-11 18:22:00
79c9980e-b9c3-4298-8f54-f53ad976674f,odata:vote:40539,plenum,,,,"הצעת חוק הכללת אמצעי זיהוי ביומטריים ונתוני זיהוי ביומטריים במסמכי זיהוי ובמאגר מידע (הוראת שעה) (בקשה מקוונת להנפקת מסמך זיהוי), התשפ""ד-2024",2024-03-11 18:16:00
1d768c66-c704-4b92-aff8-c32df335a0e9,odata:vote:40538,plenum,,,,"הצעת חוק לתיקון פקודת מס הכנסה (מס' 270) (תיקונים להגברת השקיפות בדיני המס ולעמידה בדרישות בין לאומיות בעניין חילופי מידע), התשפ""ד-2024",2024-03-11 18:02:00
344e168c-bb70-4101-a328-c4c0dc0bfe44,odata:vote:40536,plenum,,,,"הצעת חוק לתיקון פקודת בתי הסוהר (תיקון מס' 66 – הוראת שעה – חרבות ברזל) (חופשה מיוחדת לאסיר), התשפ""ד–2024",2024-03-11 17:41:00
119816a6-825b-4ce0-a127-c06bb5d98920,odata:vote:40534,plenum,,,,"הצעת חוק לפיצוי קורבנות טרור (פיצויים לדוגמה), התשפ""ד-2024",2024-03-11 17:33:00
8a0d0e15-b025-44d1-8e6f-c8b51055e8e7,odata:vote:40532,plenum,,,,"הצעת החלטה בדבר צו מס ערך מוסף (שיעור המס על מלכ""רים ומוסדות כספיים) (תיקון), התשפ""ד-2024",2024-03-11 17:13:00
9d91d850-40c3-4d81-b4c6-946f8dc9703d,odata:vote:40533,plenum,,,,"הצעת החלטה בדבר צו מס ערך מוסף (שיעור המס על עסקה ועל יבוא טובין) (תיקון), התשפ""ד-2024",2024-03-11 17:12:00
12283bba-3129-4554-9830-13dbc720d6a2,odata:vote:40530,plenum,,,,"הצעה להביע אי אמון בממשלה מטעם סיעת העבודה בנושא: ""אחריותו האישית של ראש הממשלה לאסון מירון בו קופחו חייהם של 45 אנשים""",2024-03-11 14:51:00
833b0720-bba1-46f6-bb23-44fcca5db5e6,odata:vote:40529,plenum,,,,"""דו""ח המועצה לשלום הילד: מספר הנערים הנושרים עלה ב-20% בשלוש שנים""",2024-03-06 13:10:00
b7cb4d4b-c3fb-4bb6-880a-992ec469c9f6,odata:vote:40528,plenum,,,,"""שכר הפסיכולוגים במגזר הציבורי""",2024-03-06 12:55:00
5fb69eeb-4472-4940-898e-e3810d34b296,odata:vote:40527,plenum,,,,"הצעת חוק התקשורת (בזק ושידורים) (תיקון - שיחה למוקדי חירום), התשפ""ד-2024",2024-03-06 12:35:00
985b20f4-7b55-4bdd-a860-212abd8b2d75,odata:vote:40526,plenum,,,,"הצעת חוק הגנת הצרכן (תיקון - מניעת הפעלת השפעה בלתי הוגנת בעת הכרזה על מצב חירום), התשפ""ד-2024",2024-03-06 12:20:00
c47cd486-81b5-491e-b7be-2ed1486ac101,odata:vote:40525,plenum,,,,"הצעת חוק שירות חובה לכול, התשפ""ג-2023",2024-03-06 11:51:00
57434e83-3aee-4662-b7e1-0ab4188f5e1a,odata:vote:40524,plenum,,,,"הצעת חוק הנכים (תגמולים ושיקום) (תיקון - סיוע לבן משפחה של נכה עם הפרעה בתר-חבלתית), התשפ""ד-2024",2024-03-06 10:58:00
bded8563-cb1a-403a-b142-95849220f5d4,odata:vote:40523,plenum,,,,"הצעת חוק העונשין (תיקון - החמרת ענישה בעבירות ביזה) (הוראת שעה), התשפ""ד-2023",2024-03-06 10:39:00
d7f21a7b-66d3-40f1-96a0-dd1fe88ff3b1,odata:vote:40522,plenum,,,,"הצעת חוק סיוע למשפחות נפגעי מאורעות ה-7 באוקטובר, התשפ""ד-2024",2024-03-06 10:20:00
57b17d4f-a651-4331-ba09-bab5a42b0825,odata:vote:40521,plenum,,,,"הצעת חוק החיילים המשוחררים (החזרה לעבודה) (תיקון - הגנה על בן זוג של חייל מילואים), התשפ""ד-2024",2024-03-06 10:05:00
5eca5ce5-6e95-4b94-8b49-6465d9252b15,odata:vote:40520,plenum,,,,"הצעת חוק לשכת עורכי הדין (תיקון - כהונה בוועדת אתיקה), התשפ""ד-2024",2024-03-06 09:48:00
ea4fcf30-14ae-4e33-841d-9c755769db33,odata:vote:40519,plenum,,,,"הצעת חוק לתיקון פקודת העיריות (השבת עודפי גבייה), התשפ""ג-2023",2024-03-06 09:30:00
5b73ffdc-198f-4af3-9e0f-179f312e987a,odata:vote:40517,plenum,,,,"הצעת חוק איסור פרסומת והגבלת השיווק של מוצרי טבק ועישון (תיקון מס' 9) (תמונה של נזקי העישון), התשפ""ד–2024",2024-03-05 17:32:00
01f34512-53ac-4f7f-8cb7-47faa505a9e1,odata:vote:40515,plenum,,,,"הצעת חוק השעיה של עובד המדינה ופיטורים של עובד הוראה לשם הגנה על קטין או חסר ישע (תיקוני חקיקה), התשפ""ד–2024",2024-03-05 17:22:00
e49956f5-ad20-4427-9421-dcfff50c7bff,odata:vote:40513,plenum,,,,"הצעת חוק הסדרת העיסוק במקצועות הבריאות (תיקון מס' 9), התשפ""ד–2024 (פ/2194/25)",2024-03-05 16:57:00
b625b0f3-8bb5-4488-81ce-0cf6dab4117e,odata:vote:40511,plenum,,,,"הצעת חוק פיקוח על בתי ספר (תיקון מס' 11), התשפ""ד–2024",2024-03-05 16:49:00
062bf972-85d8-40fe-8251-9318f218b29a,odata:vote:40508,plenum,,,,"העברת הצעת חוק המאבק בטרור (תיקון – עבירת הזדהות עם ארגון טרור ופיצוי בגין פרסום דברי הסתה לטרור), התשפ""ד-2023 (פ/4138/25), של חבר הכנסת יצחק קרויזר, מוועדת החוץ והביטחון לוועדת החוקה, חוק ומשפט",2024-03-04 18:17:00
c8b63556-8a4c-4da6-aa74-14ae9a94deb2,odata:vote:40509,plenum,,,,"הצעת חוק להסדרת הפיקוח על כלבים (הוראת שעה – חרבות ברזל), התשפ""ד-2024",2024-03-04 18:15:00
8c2d14e5-616a-410c-be69-fc9a858711cf,odata:vote:40507,plenum,,,,"הצעת חוק שירותי הדת היהודיים (תיקון מס' 27) (רזרבה לכיסוי הוצאות), התשפ""ד-2024",2024-03-04 17:52:00
8b2980b1-4b83-407c-a236-914603422ee5,odata:vote:40501,plenum,,,,"הצעת חוק התקנים (תיקון מס' 18), התשפ""ד–2024",2024-03-04 17:43:00
aabe7730-da21-4a16-885e-82e28a227f40,odata:vote:40496,plenum,,,,"הצעת חוק מגבלות על חזרתו של עבריין טרור לסביבת נפגע עבירה, התשפ""ד-2024",2024-03-04 17:12:00
3518c47f-c477-4d0f-ab41-abb8afd9aa68,odata:vote:40497,plenum,,,,"הצעת חוק מגבלות על חזרתו של מורשע במעשה טרור לסביבת נפגע העבירה, התשפ""ד-2023",2024-03-04 17:11:00
b3ed3de2-a7aa-4a4b-b41d-37ff5b7d92dd,odata:vote:40494,plenum,,,,"הצעה להביע אי אמון בממשלה מטעם סיעת יש עתיד בנושא: ""הממשלה הכושלת מקום המדינה שמובילה אותנו למשבר כלכלי עם סדר עדיפויות פוליטי""",2024-03-04 14:28:00
8117289a-a753-4c3a-aef4-2c30576fcad0,odata:vote:40492,plenum,,,,"הצעת חוק הסכמים קיבוציים (תיקון מס' 11 - הוראת שעה - חרבות ברזל) (הוראות מיוחדות לעניין הרחבת הסכם קיבוצי כללי שנעשה בשל פעולות האיבה או פעולות המלחמה), התשפ""ד-2024",2024-02-28 20:55:00
d822795f-72c4-474f-9dbe-401e257143a0,odata:vote:40491,plenum,,,,"הצעת חוק החברות (תיקון מס' 38), התשפ""ד-2024",2024-02-28 20:49:00
4651cc2d-1d7d-4f0a-8721-90b1610e025a,odata:vote:40489,plenum,,,,"הצעת חוק משפחות חיילים שנספו במערכה (תגמולים ושיקום) (תיקון מס' 43) (הכרה בארוסות חיילים שנספו במערכה), התשפ""ד–2024",2024-02-28 20:38:00
9575ea6a-34cd-4e80-a0e8-28954f36ab65,odata:vote:40488,plenum,,,,"הצעת חוק שירות ביטחון (תיקון מס' 26 – הוראת שעה – חרבות ברזל), התשפ""ד-2024",2024-02-28 20:14:00
4599e64f-f51e-4e1a-9417-a72340fe40c5,odata:vote:40472,plenum,,,,"הצעת חוק לתיקון פקודת בריאות העם (מס' 41), התשפ""ד-2024",2024-02-28 12:00:00
b35e2d45-4d65-4d35-b15a-e5273a4f43ed,odata:vote:40470,plenum,,,,"""עיכוב של שנתיים בפתיחת הרכבת מהדרום למרכז""",2024-02-28 11:55:00
f2e081cc-b2dd-4aa9-bb49-c9dc001ea205,odata:vote:40469,plenum,,,,"""מחסור קשה ברופאים פסיכיאטריים בשירות הציבורי""",2024-02-28 11:32:00
ba8ceef9-440f-4680-ba2d-7e9b0cf44acb,odata:vote:40468,plenum,,,,"""מדיניות המיסוי בנוגע להכנסות של רשתות חברתיות הפועלות בישראל""",2024-02-28 11:12:00
40ee7838-4e31-4712-a1da-897de486ffb6,odata:vote:40467,plenum,,,,"הצעת חוק הפסקת הליכים ומחיקת רישומים בעניין עבירה על רקע מחאות יוצאי אתיופיה, התשפ""ד-2024",2024-02-28 10:58:00
412d1e53-c639-41a9-9c95-b44ac6350933,odata:vote:40466,plenum,,,,"הצעת חוק המאבק בטרור (תיקון - עבירת הזדהות עם ארגון טרור ופיצוי בגין פרסום דברי הסתה לטרור), התשע""ד-2023",2024-02-28 10:44:00
882e1528-86fc-47da-af97-b38e4a9d123e,odata:vote:40465,plenum,,,,"הצעת חוק משפחות חיילים שנספו במערכה (תגמולים ושיקום) (תיקון - הכרה בארוסות חיילים שנספו במערכה), התשפ""ד-2024",2024-02-28 10:13:00
4b86f1c6-d38b-499c-bb8c-73a8dcde173d,odata:vote:40464,plenum,,,,"הצעת חוק מתן הטבות בדיור ללוחמים משוחררים ולמשרתי מילואים, התשפ""ד-2024",2024-02-28 10:02:00
2acd673b-b805-4591-a197-8e30194bd0b1,odata:vote:40463,plenum,,,,"הצעת חוק כביש אגרה (כביש ארצי לישראל) (תיקון - פטור מאגרה לחיילי מילואים בדרכם לשירות), התשפ""ג-2023",2024-02-28 09:50:00
42aead58-7c21-4f0d-ad7a-eb7d5cd5c74a,odata:vote:40462,plenum,,,,"הצעת חוק זיכרון הלחימה והגבורה - מוזיאון הלוחם היהודי במלחמת העולם השנייה, התשפ""ד-2024",2024-02-28 09:41:00
2a37e6c1-dc0d-4e51-a5d2-0e1fc98df787,odata:vote:40461,plenum,,,,"הצעת חוק התוכנית הכלכלית (תיקוני חקיקה ליישום המדיניות הכלכלית לשנות התקציב 2023 ו-2024) (תיקון), התשפ""ד-2024",2024-02-26 16:27:00
7823aafc-a9b7-440a-a45d-0f6ebb4852ba,odata:vote:40459,plenum,,,,"העברת הצעת חוק יום בריאות הנפש, התשפ""ג-2022, של חברת הכנסת מיכל מרים וולדיגר וקבוצת חברי כנסת, מוועדת הבריאות לוועדת החינוך, התרבות והספורט",2024-02-26 16:22:00
1f1719b2-943d-4184-a04e-540b3ae8191a,odata:vote:40458,plenum,,,,"העברת הצעת חוק יום בריאות הנפש, התשפ""ג-2022, של חבר הכנסת ואליד אלהואשלה, מוועדת הבריאות לוועדת החינוך, התרבות והספורט",2024-02-26 16:22:00
a1c59c68-7f66-4022-b42a-2e1b3aed1e68,odata:vote:40457,plenum,,,,"הצעת חוק הסכמים קיבוציים (הוראת שעה - חרבות ברזל) (הוראות מיוחדות לעניין הרחבת הסכם קיבוצי כללי שנעשה בשל פעולות האיבה או פעולות המלחמה), התשפ""ד-2024",2024-02-26 16:18:00
f4aef8db-2014-44ec-a3ec-197f109af5a5,odata:vote:40456,plenum,,,,"הצעת חוק הפיקוח על שירותים פיננסיים (ייעוץ, שיווק ומערכת סליקה פנסיוניים) (תיקון מס' 13), התשפ""ד-2024",2024-02-26 15:40:00
ebe8640a-8372-49a6-a7b9-7269961c186c,odata:vote:40453,plenum,,,,"הצעת חוק זכויות הדייר בדיור הציבורי (הוראת שעה – חרבות ברזל) (דייר ממשיך מיוחד), התשפ""ד-2024",2024-02-26 14:20:00
a6f263b8-b876-404f-bac0-0aaf63d0fbcb,odata:vote:40450,plenum,,,,"הצעת חוק שירותי רווחה (זכויות נשים ששהו במקלט לנשים מוכות) (תיקון מס' 4), התשפ""ד–2024",2024-02-21 14:14:00
b6b72526-36d9-4d04-b291-2b1fd28ad968,odata:vote:40449,plenum,,,,"""קיצוץ של 50% בתקציב תווי המזון של משרד הפנים""",2024-02-21 13:59:00
b4e54bda-4cef-43c0-b0c5-07eee936bc1f,odata:vote:40448,plenum,,,,"""עלייה במקרי האלימות המשטרתית כלפי אזרחים""",2024-02-21 13:35:00
855b6da7-7386-49ad-851d-643b73b78cf1,odata:vote:40447,plenum,,,,"הצעת חוק הכניסה לישראל (תיקון - החמרת הענישה בעבירות של הסעה, הלנה והעסקה שלא כדין של שוהים בלתי חוקיים), התשפ""ג-2023",2024-02-21 12:15:00
540b8f20-75c4-437e-a843-cdeb6c054e09,odata:vote:40446,plenum,,,,"הצעת חוק לשכת עורכי הדין (תיקון - מבחן ההסמכה ותקופת ההתמחות), התשפ""ג-2023",2024-02-21 11:51:00
13f859ec-997e-4ef0-967a-12480da49e45,odata:vote:40445,plenum,,,,"הצעת חוק העונשין (תיקון - חזקת סוחר בכלי נשק), התשפ""ג-2023",2024-02-21 11:24:00
6453f66c-dfc4-46d6-85ca-e1afe7f0bdce,odata:vote:40442,plenum,,,,"הצעת חוק שירות המדינה (מינויים) (תיקון - העדפת מועמדים תושבי פריפריה), התשפ""ד-2023",2024-02-21 10:46:00
52aa3ff0-ae1b-45be-b2bc-b3be7c11db6f,odata:vote:40441,plenum,,,,"הצעת חוק ההסדרים במשק המדינה (תיקוני חקיקה להשגת יעדי התקציב) (תיקון - הנחה בארנונה לנכים), התשפ""ג-2023",2024-02-21 10:35:00
0f043ef2-2d40-41d3-a190-f764180c4554,odata:vote:40440,plenum,,,,"הצעת חוק הגנת הצרכן (תיקון - איסור גביית תשלום בכרטיסי חיוב בלבד), התשפ""ג-2023",2024-02-21 10:15:00
32cf3615-4044-42d6-b041-26dc195e96fc,odata:vote:40438,plenum,,,,"הצעת חוק לתיקון סדרי הדין (חקירת עדים) (תיקון - עדות קטין בהליך אזרחי), התשפ""ג-2023",2024-02-21 10:00:00
2d1fe822-20b0-47f4-b69d-90bfefd75923,odata:vote:40439,plenum,,,,"הצעת חוק לתיקון סדרי הדין (חקירת עדים) (תיקון - עדות קטין בהליך אזרחי), התשפ""ד-2024",2024-02-21 09:59:00
69bae187-4205-4cdb-a7c0-f3f5591de679,odata:vote:40437,plenum,,,,"הצעת חוק הירושה (תיקון - הורשת זכויות דיגיטליות), התשפ""ד-2024",2024-02-21 09:42:00
0edc3d72-25b4-4097-9f67-b0fa039ebda1,odata:vote:40433,plenum,,,,"הצעת חוק הביטוח הלאומי (תיקון מס' 243), התשפ""ד–2024 (פ/2753/25) (פ/2754/25)",2024-02-19 20:15:00
578754f0-b57c-4b51-bdb2-f1281b9a837e,odata:vote:40432,plenum,,,,"הצעת חוק אומנה לילדים (תיקון מס' 3), התשפ""ד-2024 (פ/2165/25)",2024-02-19 19:58:00
c12166ba-9bda-4b03-8cef-dc6e4a7a6ba0,odata:vote:40428,plenum,,,,"הצעת חוק לשכת עורכי הדין (תיקון מס' 42), התשפ""ד-2024",2024-02-19 19:46:00
912f3f64-4e9e-479f-8e20-83e918cdd351,odata:vote:40425,plenum,,,,"הצעת חוק עובדים זרים (תיקון מס' 24), התשפ""ד-2024",2024-02-19 19:37:00
8db4fe9a-9955-4f34-9778-90206e51b746,odata:vote:40424,plenum,,,,"הצעת חוק לתיקון פקודת בתי הסוהר (הוראת שעה – חרבות ברזל) (חופשה מיוחדת לאסיר), התשפ""ד-2024",2024-02-19 19:26:00
7920fca7-3be2-4226-96d6-4a3a64f0ce2a,odata:vote:40423,plenum,,,,"הצעת חוק הסיוע המשפטי (תיקון מס' 26) (סיוע משפטי לניצולי שואה), התשפ""ד-2024",2024-02-19 18:34:00
9871cdfd-2a5e-45d3-92c0-a3aa30aadf9a,odata:vote:40436,plenum,,,,"הצעת ועדת הכנסת בדבר הפסקת חברותו בכנסת של חה""כ עופר כסיף לפי סעיף 42א(ג) לחוק-יסוד: הכנסת",2024-02-19 16:30:00
153746d7-7ead-4db0-87cc-3ff6a7ccdb0f,odata:vote:40420,plenum,,,,"הצעת חוק הרבנות הראשית לישראל (הארכת כהונה של הרבנים הראשיים לישראל ושל חברי מועצת הרבנות הראשית לישראל) (הוראת שעה) (תיקון), התשפ""ד-2024",2024-02-14 14:18:00
aa2fc122-e567-4ae7-8826-e847a4224763,odata:vote:40418,plenum,,,,"העברת הצעת חוק מניעת פגיעת גוף שידורים זר בביטחון המדינה (הוראת שעה – חרבות ברזל), התשפ""ד-2024 (מ-1720) מוועדת החוץ והביטחון לוועדה לביטחון לאומי",2024-02-14 14:11:00
e8dc25f1-9c85-4119-93fb-4c259d75c215,odata:vote:40419,plenum,,,,"הצעת חוק קידום התחרות בענף המזון (תיקון מס' 8) (החלה על ענף התמרוקים ומוצרי הניקיון), התשפ""ד–2024",2024-02-14 14:09:00
53c6d3b0-15ce-4820-9bdc-3538f5ac0303,odata:vote:40417,plenum,,,,"""הקטל בכבישים: 358 בני אדם נהרגו ב-336 תאונות קטלניות - מגמת עלייה במספר ההרוגים לשנת 2023""",2024-02-14 13:48:00
864076d3-7c86-480a-9721-567f2edbde2d,odata:vote:40416,plenum,,,,"""כלכלת ישראל בסכנה - הורדת דירוג האשראי מחייבת חישוב מסלול מחדש לתקציב המדינה""",2024-02-14 13:16:00
387cf1f9-4e0a-4699-a634-8deacdac7308,odata:vote:40415,plenum,,,,"""אפליית תושבי שדרות ואי הארכת הסדרי שהייה של המפונים""",2024-02-14 13:02:00
cbe881b3-32d8-4b65-be70-4dd7eb67af8a,odata:vote:40414,plenum,,,,"""הצדעה לפעילים פרו-ישראלים בקמפוסים בעולם""",2024-02-14 12:46:00
fcf56938-a492-483a-87f6-cde8a50da374,odata:vote:40413,plenum,,,,"הצעת חוק בתי קברות צבאיים (תיקון - קבורה לסוהרים בבתי קברות צבאיים), התשפ""ג-2023",2024-02-14 12:33:00
0b1552a1-da40-4544-9e3b-a0f2c451a9a7,odata:vote:40412,plenum,,,,"הצעת חוק בתי קברות צבאיים (תיקון - קבורה לסוהרים ולכבאים), התשפ""ד-2023",2024-02-14 12:33:00
0e1336a8-bf23-478a-a9c8-a230b5b4c302,odata:vote:40411,plenum,,,,"הצעת חוק לשכת עורכי הדין (תיקון - התמחות ומבחני הסמכה) (הוראת שעה - חרבות ברזל), התשפ""ד-2023",2024-02-14 12:20:00
c6545127-1b63-4916-99ed-35af466bf51c,odata:vote:40410,plenum,,,,"הצעת חוק המידע הפלילי ותקנת השבים (תיקון - רישום פלילי של עבירות טרור), התשפ""ג-2023",2024-02-14 12:09:00
fc6a3d0b-a9b5-4a68-a37c-83d299c68f2c,odata:vote:40409,plenum,,,,"הצעת חוק איסור לכידת בעלי חיים באמצעות מלכודות, התשפ""ג-2022",2024-02-14 11:57:00
a503d511-71d1-4816-97d5-683b7980cf5c,odata:vote:40407,plenum,,,,"הצעת חוק להפסקת פעילות סוכנות הסעד והתעסוקה של האו""ם לפליטי פלסטין במזרח הקרוב (אונר""א), התשפ""ג-2023",2024-02-14 11:46:00
d093b225-10d9-447c-8024-e76896ec6b70,odata:vote:40406,plenum,,,,"הצעת חוק לתיקון פקודת מס הכנסה (קרנות השקעה), התשפ""ג-2023",2024-02-14 11:23:00
0137156e-c218-4d74-92d9-75f907f95ce0,odata:vote:40404,plenum,,,,"הצעת חוק עקרונות האסדרה (תיקון - פקיעת אסדרה), התשפ''ג-2023",2024-02-14 11:18:00
fcff5aa6-7a32-4367-8c0f-e9ad905cfc11,odata:vote:40405,plenum,,,,"הצעת חוק עקרונות האסדרה (תיקון - פקיעת אסדרה), התשפ""ג-2023",2024-02-14 11:17:00
5afcc87f-f506-4321-9d1b-2e5bbc77a3c1,odata:vote:40402,plenum,,,,"הצעת חוק המאבק בטרור (תיקון - איסור החזרת גופות מחבלים), התשפ""ג-2023",2024-02-14 10:57:00
ecfda9d7-fde3-4206-ac2f-938863e90ac2,odata:vote:40400,plenum,,,,"הצעת חוק הכרה אזרחית בהכשרות צבאיות (תיקון - הכרה בניסיון פיקודי כניסיון ניהולי), התשפ""ג-2023",2024-02-14 10:41:00
f1a97bca-6cb8-4acf-9745-93f433824060,odata:vote:40399,plenum,,,,"הצעת חוק הביטוח הלאומי (תיקון - תשלום דמי אבטלה לנשים שיצאו לחופשה ללא תשלום לאחר לידה מסיבות מוצדקות), התשפ""ג-2022",2024-02-14 10:24:00
b51f9d2a-a859-4b30-be87-91cdc54f63c8,odata:vote:40398,plenum,,,,"הצעת חוק הכניסה לישראל (תיקון - נסיבות מחמירות להסעה, להלנה ולהעסקה של תושב זר השוהה בישראל שלא כדין שביצע מעשה טרור או תמך בטרור), התשפ""ד-2024",2024-02-14 10:01:00
b5151439-3372-4734-8ccd-e9750a05cbcc,odata:vote:40397,plenum,,,,"הצעת חוק חובת מיגון לנכים, לקשישים, לאלו שידם אינה משגת, לאזרחים שיש בידם דירת מגורים אחת בלבד ולמתגוררים ביישובי קו העימות, התשפ""ד-2023",2024-02-14 09:45:00
d23c595b-3d20-4e87-8b4e-38b621e29a72,odata:vote:40395,plenum,,,,"הצעת חוק זכויות נפגעי עבירה (תיקון - הרחבת נפגעי עבירה בשל טבח ה-7 באוקטובר), התשפ""ד-2024",2024-02-14 09:20:00
5aca2fe6-d875-4891-97cc-80369ea17d2a,odata:vote:40393,plenum,,,,"הצעת חוק מימון הוצאות למשפחות שבויים, חטופים ונעדרים (תיקון מס' 2), התשפ""ד-2024",2024-02-13 14:49:00
092bd9ff-64b9-4d8d-aec4-cf03be735ee9,odata:vote:40392,plenum,,,,"הצעת חוק העונשין (תיקון מס' 150) (הפחתת תוספת הפיגור על אי־תשלום קנס), התשפ""ד–2024",2024-02-13 14:35:00
f1473e0f-8ef8-4d1f-bdd2-35b9cf47aed6,odata:vote:40390,plenum,,,,"החלטת ועדת הפנים והגנת הסביבה בעניין תיקון טעות בחוק לתיקון דיני הבחירות לרשויות המקומיות והוראות שעה לעניין הבחירות הקרובות, התשפ""ד-2024",2024-02-12 17:59:00
56276c95-22b3-429e-a9cd-7e5e678deb71,odata:vote:40389,plenum,,,,"החלטת ועדת הכנסת בדבר חלוקה ופיצול הצעת חוק התוכנית המאזנת (תיקוני חקיקה להשגת יעדי התקציב לשנת התקציב 2024), התשפ""ד-2024",2024-02-12 17:54:00
7de88159-ef59-449b-ae14-bae56bd9deb8,odata:vote:40387,plenum,,,,"הצעת חוק הבוררות המסחרית הבין-לאומית, התשפ""ד-2024",2024-02-12 17:50:00
f49b500b-c6d4-4f38-bab0-f11d05f5365b,odata:vote:40385,plenum,,,,"הצעת חוק לצמצום השימוש במזומן (תיקון מס' 2) (הגבלה על מתן הלוואות במזומן על ידי גופים פיננסיים מפוקחים), התשפ""ד-2024",2024-02-12 17:24:00
ea74f1a9-89f5-43b5-86c8-90859a0bb9bd,odata:vote:40384,plenum,,,,"הצעת מיסוי מקרקעין (שבח ורכישה) (תיקון מס' 104), התשפ""ד-2024",2024-02-12 16:59:00
114dc59e-10fc-494f-b276-effbb4e4cd08,odata:vote:40381,plenum,,,,"הצעת חוק התוכנית המאזנת (תיקוני חקיקה להשגת יעדי התקציב לשנת התקציב 2024), התשפ""ד-2024",2024-02-07 20:58:00
00deba81-e875-4c37-a984-e6a6322d534f,odata:vote:40377,plenum,,,,"הצעת חוק לתיקון דיני הבחירות לרשויות המקומיות והוראות שעה לעניין הבחירות הקרובות, התשפ""ד-2024",2024-02-07 14:26:00
c3c37bae-6bf9-4792-b2a7-0b27be22aae1,odata:vote:40376,plenum,,,,"""אין תיירים, עסקים קורסים והנמל לא מתפקד: אילת עדיין לא התאוששה""",2024-02-07 14:21:00
a4a254e8-b6b1-46c1-a2f3-88427343fb59,odata:vote:40374,plenum,,,,"""גל ההתייקרויות בצל המלחמה: לפחות 13 יבואניות ויצרניות במשק העלו מחירים של מוצרי צריכה בסיסית""",2024-02-07 13:44:00
1f181195-2ad0-471e-962b-a7c4d62c7a70,odata:vote:40373,plenum,,,,"הצעת חוק הסניגוריה הציבורית (תיקון - ייצוג אסירים ביטחוניים שהשתתפו במלחמת חרבות ברזל), התשפ""ד-2023",2024-02-07 12:43:00
da350c50-58c6-4fe6-b84b-679dc39cf089,odata:vote:40372,plenum,,,,"הצעת חוק גירוש משפחות מחבלים, התשפ""ד-2023",2024-02-07 12:31:00
d4b76e45-6e25-452b-93d0-a8eb672851be,odata:vote:40371,plenum,,,,"הצעת חוק הפסקת הליכים ומחיקת רישומים בעניין המחאה כנגד אלימות משטרתית כלפי יוצאי אתיופיה, התשפ""ד-2023",2024-02-07 12:09:00
dbd9a49d-112e-4633-8f53-20bc15257333,odata:vote:40370,plenum,,,,"הצעת חוק הרחבת האמצעים למאבק בארגוני פשיעה (תיקוני חקיקה), התשפ""ג-2023",2024-02-07 11:35:00
574809e3-b6be-4669-8f76-aaa05c5097c3,odata:vote:40368,plenum,,,,"הצעת חוק צער בעלי חיים (הגנה על בעלי חיים) (תיקון - איסור על זיווג ומכירה של כלבים וחתולים), התשפ""ג-2023",2024-02-07 11:06:00
5484c07f-3c67-498c-b41d-028d7ddc6290,odata:vote:40369,plenum,,,,"הצעת חוק צער בעלי חיים (הגנה על בעלי חיים) (תיקון - איסור על זיווג ומכירה של כלבים וחתולים), התשפ״ד-2024",2024-02-07 11:05:00
7bd0dc7f-5950-4e1b-af76-198f586c6c1f,odata:vote:40367,plenum,,,,"הצעת חוק יום בריאות הנפש, התשפ""ג-2023",2024-02-07 10:26:00
1eb02e01-d900-48a7-be27-1e9ec21d5e8b,odata:vote:40366,plenum,,,,"הצעת חוק איסור הכחשת טבח ה-7 באוקטובר, התשפ""ד-2023",2024-02-07 10:09:00
54a59e8c-cad2-47b0-a797-af9ed9900501,odata:vote:40365,plenum,,,,"הצעת חוק יום בריאות הנפש, התשפ""ג-2022",2024-02-07 09:59:00
7180106c-0fd6-46dd-865b-3ff267de6d7b,odata:vote:40361,plenum,,,,"הצעת חוק הביטוח הלאומי (תיקון - תגמול מתנדבי זק""א במלחמת חרבות ברזל), התשפ""ד-2023",2024-02-07 09:39:00
4dbf87ee-6b07-463c-8d3c-06bffcafbcc4,odata:vote:40356,plenum,,,,"הצעת חוק לשכת עורכי הדין (תיקון מס' 41 - הוראת שעה – חרבות ברזל), התשפ""ד-2024",2024-02-05 17:35:00
d3d1cba9-22e1-4001-bbb5-91c48d99d811,odata:vote:40353,plenum,,,,"הצעת חוק פיקוח על בתי ספר (תיקון מס' 11) (מתן אישור בידי עובד בריאות הסביבה), התשפ""ד–2024",2024-02-05 17:06:00
6adb87e9-7625-4d01-8549-6947bcee668a,odata:vote:40351,plenum,,,,"הצעה להביע אי-אמון בממשלה מטעם סיעת יש עתיד בנושא: ""הממשלה הכושלת מקום המדינה שמובילה אותנו למשבר כלכלי עם סדר עדיפויות פוליטי""",2024-02-05 14:45:00
5170ff3b-0b2e-48d0-9b19-554d9ffaa54a,odata:vote:40349,plenum,,,,"הצעת חוק לתיקון ולהארכת תוקפן של תקנות שעת חירום (חרבות ברזל) (הארכת מעצר לחשוד בעבירת ביטחון), התשפ""ד-2024",2024-01-31 13:18:00
1495708d-e074-45c3-bb40-ddad10a468f0,odata:vote:40348,plenum,,,,"הצעה דחופה לסדר היום בנושא: ""הקרב על החזרה לשגרה של המילואימניקים""",2024-01-31 13:10:00
0119e5da-6b2f-49ce-84d0-4612f576da85,odata:vote:40347,plenum,,,,"הצעה דחופה לסדר היום בנושא: ""הקדמת השירות הצבאי מיידית לתלמידי המכינות הקדם צבאיות ושנת השירות ללא דרישה דומה מתלמידי ישיבות""",2024-01-31 12:45:00
066466a2-f64e-46cb-aae6-7c62f560604d,odata:vote:40346,plenum,,,,"הצעה דחופה לסדר היום בנושא: ""העלייה באחוזי השמנת היתר והעישון, והפערים המתרחבים בבריאות בין המעמד החברתי-כלכלי הנמוך לגבוה""",2024-01-31 12:18:00
41ed4e60-b8ce-4f10-8f43-f3579b967228,odata:vote:40345,plenum,,,,"הצעת חוק העבירות המינהליות (תיקון - הפחתת תוספת הפיגור על אי-תשלום קנס), התשפ""ג-2023",2024-01-31 11:36:00
6b2a6aec-2785-45a1-b645-bf1a3c62df69,odata:vote:40344,plenum,,,,"הצעת חוק העבירות המינהליות (תיקון - הפחתת תוספת הפיגור על אי-תשלום קנס), התשפ""ד-2024",2024-01-31 11:36:00
5f32fbd3-d596-42f2-91ee-8727b3b280c8,odata:vote:40343,plenum,,,,"הצעת חוק תאגידי מים וביוב (תיקון - הקמת ועדת הנחות), התשפ""ג-2023",2024-01-31 11:29:00
cf0922fc-55b7-4166-99e7-38353695f3d1,odata:vote:40342,plenum,,,,"הצעת חוק עצירת כספים קואליציוניים במצב חירום (הוראת שעה - חרבות ברזל), התשפ""ד-2023",2024-01-31 11:10:00
b623ae45-39a2-48a0-a024-3c9a7e157eeb,odata:vote:40341,plenum,,,,"הצעת חוק לצמצום משרדי ממשלה ולהעברת תקציבם למאמץ המלחמתי (הוראת שעה - חרבות ברזל), התשפ״ד-2023",2024-01-31 10:50:00
979c027b-2335-4767-a34e-d065fce16a0a,odata:vote:40340,plenum,,,,הצעת חוק-יסוד: כבוד האדם וחירותו (תיקון - שוויון בפני החוק ואיסור הפליה),2024-01-31 10:22:00
c49f11ce-94b3-488b-8fc0-e1d40e494824,odata:vote:40339,plenum,,,,"הצעת חוק לתיקון פקודת מס הכנסה (הגדלת זיכוי מס על תרומה לבתי חולים בפריפריה), התשפ""ג-2022",2024-01-31 09:55:00
5fedd3f0-ae1f-46a7-b1c2-6f7bed8f62f0,odata:vote:40338,plenum,,,,"הצעת חוק משפחות חיילים שנספו במערכה (תגמולים ושיקום) (תיקון - הכרה בארוסות חיילים שנספו במערכה), התשפ""ד-2023",2024-01-31 09:41:00
fdba3101-93bb-4e64-9a20-adad0b106378,odata:vote:40336,plenum,,,,"הצעת חוק הביטוח הלאומי (תיקון - שלילת קצבאות בעד ילד הנמצא במאסר בשל עבירת טרור), התשפ""ד-2024",2024-01-31 09:29:00
cdeb66d2-b1cc-4fc3-ac21-3f1e7e1fba89,odata:vote:40334,plenum,,,,"הצעת חוק חובת המכרזים (תיקון - עידוד הצלת מזון עודף), התשפ""ג-2023",2024-01-31 09:08:00
dc9824b6-4e74-4d68-81ab-e01e53b45188,odata:vote:40333,plenum,,,,"החלטת ועדת החוקה, חוק ומשפט בעניין פיצול הצעת חוק לתיקון ולהארכת תוקפן של תקנות שעת חירום (חרבות ברזל) (הארכת מעצר לחשוד בעבירת ביטחון), התשפ""ד-2024",2024-01-30 15:47:00
2e13139f-cab6-4580-87b6-d16665793324,odata:vote:40330,plenum,,,,"החלטת הממשלה להעביר לשר הרווחה והביטחון החברתי, את הסמכות הנתונה לשר המשפטים לפי סעיף 4(א) לחוק למניעת העסקה של עברייני מין במוסדות מסוימים, תשס""א-2001",2024-01-29 18:18:00
dfc47c82-8a9b-46b1-87e1-7de57bd80e62,odata:vote:40331,plenum,,,,"הצעת חוק לתיקון דיני הבחירות לרשויות המקומיות (הצבעה וועדות קלפי והוראות שעה לעניין הבחירות הקרובות), התשפ""ד-2024",2024-01-29 18:15:00
c1ef4d5b-02d6-4282-be28-d967d8f21268,odata:vote:40329,plenum,,,,"הצעת חוק החוזים (חלק כללי) (תיקון מס' 3), התשפ""ד-2024",2024-01-29 18:02:00
58c9e6e2-4018-41a4-8f1d-8ffb4527f267,odata:vote:40328,plenum,,,,"הצעת חוק שירות ביטחון (תיקון מס' 25 – הוראת שעה – חרבות ברזל) (העלאת גיל הפטור משירות מילואים) (תיקון), התשפ""ד-2024",2024-01-29 17:36:00
cc27f5f6-6cd1-469e-a4bf-7ce5dfc944b0,odata:vote:40327,plenum,,,,"הצעת חוק איסור העסקת עובדי הוראה ושלילת תקציב ממוסדות חינוך עקב הזדהות עם מעשה טרור או עם ארגון טרור (תיקוני חקיקה), התשפ""ד–2024",2024-01-29 16:38:00
e44dd922-5c7d-4c0e-b805-2bb4dc459194,odata:vote:40325,plenum,,,,"הצעה להביע אי אמון בממשלה מטעם סיעת חד""ש-תע""ל בנושא: ""הפסקת המלחמה, עסקה כולם תמורת כולם ואופק מדיני להסכם שלום""",2024-01-29 15:09:00
cf5b8ac2-5f09-4ca1-8920-a0b4b42d20ca,odata:vote:40324,plenum,,,,"הצעת חוק הביטוח הלאומי (תיקון מס' 242) (תשלום גמלת ילד נכה בעד ילד שמושם באומנה), התשפ""ד–2024",2024-01-24 14:27:00
093f6e12-b910-4649-ba76-5da99439c6b2,odata:vote:40323,plenum,,,,"הצעת חוק הסדרת העיסוק במקצועות הבריאות (תיקון מס' 9) (פודולוג), התשפ""ד–2024",2024-01-24 14:16:00
1659309f-c00c-4302-943b-3e8ea6ab3e23,odata:vote:40321,plenum,,,,"חוק הבנקאות (שירות ללקוח) (תיקון מס' 37), התשפ""ד–2024",2024-01-24 13:43:00
fed794a5-65ca-4369-851b-ce051d706b41,odata:vote:40319,plenum,,,,"הצעת חוק ההתיישנות (תיקון מס' 8 – חרבות ברזל), התשפ""ד–2024",2024-01-24 13:36:00
088b5a77-9d13-45d3-8410-f143a2226ede,odata:vote:40318,plenum,,,,"הצעת חוק לשכת עורכי הדין (תיקון מס' 42) (שמירת חומר ארכיוני בידי עורך דין), התשפ""ד-2024",2024-01-24 13:29:00
f87d240a-0219-4430-95d3-b76dbd5b9e52,odata:vote:40317,plenum,,,,"""הדו""ח הלאומי לאבדן המזון ולהצלתו: כמעט 23 מיליארד שקלים בשנה מתבזבזים עקב אבדן מזון""",2024-01-24 12:45:00
e915237d-0955-4fb9-9b74-d15ae6b4aea6,odata:vote:40316,plenum,,,,"""הכנסת עובדים פלסטינים לישראל""",2024-01-24 12:11:00
f1c91a7e-d682-45f6-be59-cc935c7a7ae2,odata:vote:40315,plenum,,,,"הצעת חוק מימון הוצאות למשפחות שבויים, חטופים ונעדרים (תיקון - זכאות למענק לאחים ולילדים מעל גיל 21), התשפ""ד-2024",2024-01-24 11:49:00
c1fc20e6-1bbe-48d3-b18c-5af2b19e758d,odata:vote:40311,plenum,,,,"הצעת חוק רישוי עסקים (תיקון - מכירת יין בחנות גדולה), התשפ""ג-2023",2024-01-24 11:28:00
f82b6228-57ca-40a6-a74f-2b4cdbf1e450,odata:vote:40310,plenum,,,,"הצעת חוק הרשויות המקומיות (בחירות) (תיקון - הצבעת חיילים), התשפ""ד-2023",2024-01-24 11:02:00
07130bf9-177c-42fd-bac8-e0c00f9ed52d,odata:vote:40309,plenum,,,,"הצעת חוק שירות הקבע בצבא הגנה לישראל (גמלאות) (תיקון - ביטול מס קופה ציבורית על אזרחים עובדי צה""ל), התשפ""ג-2023",2024-01-24 10:48:00
12cc33f6-3ab7-446e-94b5-2e6be0a3568e,odata:vote:40308,plenum,,,,"הצעת חוק למניעת הוצאה של כספים מישראל על ידי מסתנן או נתין זר או עבורו, התשפ""ג-2023",2024-01-24 10:31:00
7dd6f01b-0c2f-49b5-91d7-7a1172db91c4,odata:vote:40306,plenum,,,,"הצעת חוק שוויון זכויות לאנשים עם מוגבלות (תיקון מס' 24) (החלת חובת ייצוג הולם על חברות ממשלתיות גדולות), התשפ""ג-2023",2024-01-22 17:22:00
4cbb4c6c-f303-421c-986d-4b23e2fe0232,odata:vote:40304,plenum,,,,"החלטת הממשלה בהתאם לסעיף 31(ב) לחוק יסוד: הממשלה, להעביר לשר העבודה את הסמכות הנתונה לשר הכלכלה והתעשייה לפי הפרק השלישי לחוק ארגון הפיקוח על העבודה, התשי""ד-1954 וכן את סמכות הביצוע והתקנת התקנות לפי סעיף 43 לחוק לעניין פרק זה",2024-01-22 16:54:00
07f8ba97-0438-458a-8b38-8e10570540a5,odata:vote:40303,plenum,,,,"החלטת הממשלה בהתאם לסעיף 31(ג) לחוק יסוד: הממשלה, לבטל את המשרד לקידום מעמד האישה; וכן הודעת הממשלה בדבר החלטתה לשנות את שם המשרד לשוויון חברתי כך שייקרא מעתה ""המשרד לשוויון חברתי וקידום מעמד האישה""",2024-01-22 16:24:00
ea3adfb6-f77e-4b37-b245-95e96eb9e79c,odata:vote:40301,plenum,,,,"החלטת הממשלה בהתאם לסעיף 31(א) לחוק יסוד: הממשלה, לשנות את חלוקת התפקידים בין השרים ולמנות את השרה מאי גולן לתפקיד השרה לשוויון חברתי במקום השר עמיחי שיקלי, אשר ימשיך לכהן כשר התפוצות והמאבק באנטישמיות",2024-01-22 16:23:00
d5e1861d-6a69-4e82-8a90-e976af5946eb,odata:vote:40302,plenum,,,,"החלטת הממשלה להעביר לשר לשוויון חברתי את הסמכויות הנתונות לשרה לקידום מעמד האישה על פי חוק הרשות לקידום מעמד האישה, התשנ""ח-1998; וכן החלטת הממשלה להעביר לשרה לשוויון חברתי את את הסמכויות הנתונות לשר הנגב, הגליל והחוסן הלאומי לפי חוק האזרחים הוותיקים",2024-01-22 16:22:00
e6fec4f0-bfc3-45a5-ba3a-81e4e52ffa4c,odata:vote:40300,plenum,,,,"הצעה להביע אי אמון בממשלה מטעם סיעת העבודה בנושא: ""כישלון ממשלת ישראל בהשבת 136 החטופים שבשבי ארגון הטרור חמאס""",2024-01-22 14:26:00
39080cde-4a4e-45b2-a0ee-c708a9335c44,odata:vote:40299,plenum,,,,"הודעת ועדת החוקה, חוק ומשפט על רצונה להחיל דין רציפות על הצעת חוק לתיקון פקודת הראיות (מס' 20) (חיסיון קרימינולוג קליני), התשפ""ב–2022",2024-01-17 13:24:00
770a5b34-8ccb-42f9-97e2-5465c43111f2,odata:vote:40297,plenum,,,,"הצעת חוק לתיקון פקודת בתי הסוהר (מס' 64 – הוראת שעה – חרבות ברזל) (מצב חירום כליאתי) (תיקון), התשפ""ד-2024",2024-01-17 13:23:00
001c0284-6cb5-4c1c-8feb-5e5b51e4cd85,odata:vote:40296,plenum,,,,"הצעה רגילה לסדר היום בנושא: ""מדיניות הממשלה נוכח האיום בצפון מצביע על חזרה לקונספציית ההגנה וההכלה של חשבון הניצחון והכרעה""",2024-01-17 13:10:00
7f105600-5d65-4c51-99a0-131c8b84091e,odata:vote:40295,plenum,,,,"הצעה דחופה לסדר היום בנושא: ""היערכות הממשלה לחזרה חלקית של תושבים לעוטף עזה""",2024-01-17 12:51:00
a58bc163-2ace-4221-80d8-dddaa1df09d7,odata:vote:40294,plenum,,,,"הצעה דחופה לסדר היום בנושא: ""התנהלות בנק ישראל הפוגעת בתחרות הגופים הפיננסים אל מול הבנקים""",2024-01-17 12:33:00
060e8964-d519-4db9-a81f-b2fa96e20568,odata:vote:40291,plenum,,,,"הצעת חוק הרשות הארצית לכבאות והצלה (נכים ונספים), התשפ""ד-2023",2024-01-17 11:41:00
ac1efe97-74d4-40d6-a87f-b4065791a971,odata:vote:40290,plenum,,,,"הצעת חוק התגמולים לנפגעי פעולות איבה (תיקון - תביעה נגד מפגע), התשפ""ג-2022",2024-01-17 11:12:00
e0235b88-1254-464f-9134-3f958f89ba31,odata:vote:40289,plenum,,,,"הצעת חוק חופשה שנתית (תיקון - אי-קיזוז ימי חופשה למתנדב במסגרת כוחות הביטחון וההצלה בשעת חירום), התשפ""ד-2023",2024-01-17 10:56:00
261372b3-0a18-4497-bfd9-5959415b79fb,odata:vote:40287,plenum,,,,"הצעת חוק הביטוח הלאומי (תיקון - הגבלת שכר טרחה עבור טיפול בתביעה לנפגעי איבה), התשפ""ד-2023",2024-01-17 10:43:00
f6ce9dc0-638d-4e3e-a9b1-7a703798ec91,odata:vote:40286,plenum,,,,"הצעת חוק שירות המילואים (תיקון - הפחתת שיעור המס שחל על תגמולים למשרתי מילואים), התשפ""ד-2023",2024-01-17 10:31:00
9211cf44-b02f-457c-8c62-e92b65fa1269,odata:vote:40285,plenum,,,,"הצעת חוק סיוע לסטודנטים המשרתים במילואים (הוראת שעה - חרבות ברזל), התשפ""ד-2023",2024-01-17 09:57:00
205a08aa-1633-4ad1-bd26-4d4635dca34a,odata:vote:40284,plenum,,,,"הצעת חוק אספקת החשמל (הוראת שעה), התשפ""ד-2024",2024-01-17 09:41:00
3f5b09c6-6591-4c80-bbe2-4d3190d88e0d,odata:vote:40282,plenum,,,,"הצעת חוק זכויות החולה (תיקון מס' 16), התשפ""ד-2024",2024-01-15 18:49:00
8f00c578-232b-4a51-9354-42f729438812,odata:vote:40280,plenum,,,,"הצעת חוק לתיקון ולהארכת תוקפן של תקנות שעת חירום (חרבות ברזל) (פגישה עם עורך דין של עצור בעבירת ביטחון), התשפ""ד-2024",2024-01-15 18:40:00
c1f840b8-5a1c-4805-b7dc-7e38c6225820,odata:vote:40278,plenum,,,,"הצעת חוק לתיקון פקודת התעבורה (מס' 132 - הוראת שעה – חרבות ברזל), התשפ""ד-2024",2024-01-15 18:35:00
96a52be0-06c6-4f9d-beb9-04b77615dd39,odata:vote:40276,plenum,,,,"הצעת חוק לתיקון פקודת היבוא והיצוא (מס' 6), התשפ""ד-2024",2024-01-15 18:29:00
109cfce4-7a94-4cf9-8b4d-9a413ca27236,odata:vote:40275,plenum,,,,"הצעת חוק עבודת הנוער (תיקון מס' 22) (עבודת לילה בתקופת חופשת לימודים רשמית), התשפ""ג-2023",2024-01-15 18:08:00
a14df237-4985-404d-af65-5ff6f5bca465,odata:vote:40271,plenum,,,,"הצעת חוק בתי דין רבניים (סדרי דין בעת מצב חירום מיוחד), התשפ""ג-2023",2024-01-10 12:19:00
7bd4ec9a-38bf-48b1-aade-7e07db71b33c,odata:vote:40269,plenum,,,,"הצעה דחופה לסדר היום בנושא: ""היערכות משרד הביטחון לקליטתם של מעל 12,000 נכי צה""ל שיוכרו כנכים בעקבות מלחמת חרבות ברזל""",2024-01-10 10:35:00
2a9c8d8a-27d3-4f70-bed6-a9c551a1ab8d,odata:vote:40268,plenum,,,,"הצעה דחופה לסדר היום בנושא: ""6,000 מובטלים חדשים בינואר: יותר מ-200 אלף מתחילת המלחמה""",2024-01-10 10:03:00
57796db7-5810-471a-8cbd-775bbc6f3d4f,odata:vote:40267,plenum,,,,"הצעה דחופה לסדר היום בנושא: ""היחס של ממשלת ישראל לאונר""א""",2024-01-10 09:42:00
1f11ec2a-f146-4e38-b27d-48a428d33d51,odata:vote:40266,plenum,,,,"הצעת חוק הרשות לחקירה בטיחותית בתעופה, התשפ""ג-2023",2024-01-08 18:05:00
3283b191-9b53-444a-9480-23a872c6887c,odata:vote:40265,plenum,,,,"הצעת חוק לתיקון פקודת התעבורה (הוראת שעה – חרבות ברזל), התשפ""ד-2024",2024-01-08 17:48:00
975b096f-756b-453d-a649-ba3b50d3fa21,odata:vote:40263,plenum,,,,"הצעת חוק ההתיישנות (תיקון מס' 9 – הוראת שעה – חרבות ברזל), התשפ""ד-2024",2024-01-08 16:31:00
cf6806ae-ba31-4445-98bf-70ddb071f6f4,odata:vote:40260,plenum,,,,"הצעת חוק שירות המדינה (מינויים) (תיקון מס' 20), התשפ""ד–2024",2024-01-03 13:43:00
3a3c666f-2605-484c-9f34-18311bb7aba5,odata:vote:40259,plenum,,,,"הצעת חוק לתיקון פקודת המשטרה (מס' 39), התשפ""ג-2023",2024-01-03 13:17:00
822eca4c-fe3b-4274-b0f4-41e8671c4597,odata:vote:40257,plenum,,,,"הצעת חוק רשות התעופה האזרחית (תיקון מס' 3), התשפ""ג-2023",2024-01-03 13:09:00
3b27840a-947a-4bcf-97f2-6e5e00e6a8d5,odata:vote:40255,plenum,,,,"הצעת חוק עובדים זרים (תיקון מס' 24) (פיקדון לעובדים זרים), התשפ""ד-2023",2024-01-03 12:51:00
7c4d9f22-c0af-4373-bf49-d9c55e45583c,odata:vote:40254,plenum,,,,"""טיפול חירום בדיירי הדיור הציבורי בימי המלחמה""",2024-01-03 11:36:00
4a475d55-f151-4cc2-b4a2-ab542282bcf7,odata:vote:40253,plenum,,,,"""שמירה על האחדות בעם שנוצרה בעקבות הטבח של השבעה באוקטובר""",2024-01-03 10:58:00
de819edb-ec77-4d58-9f5c-705dc6948cc0,odata:vote:40252,plenum,,,,"""ההיערכות בזמן המלחמה להתמודדות עם דו""ח העוני וסיוע לאוכלוסיות מוחלשות""",2024-01-03 10:21:00
d7abf39e-20df-4ad4-a97c-9692f828ca3c,odata:vote:40251,plenum,,,,"""שיקום העיר אשקלון וסיוע דחוף לתושביה""",2024-01-03 09:45:00
34670761-86b8-4b91-b377-8f0031678060,odata:vote:40250,plenum,,,,"הצעת חוק יום משפחות היתומים בישראל, התשפ""ג–2023",2024-01-01 18:50:00
e5733e11-8984-4030-985c-dcbed9ad4c09,odata:vote:40249,plenum,,,,"הצעת חוק צוותי התערבות במשבר נפשי, התשפ""ג-2023",2024-01-01 18:41:00
7a1af5b0-9174-4231-b7ad-c964e2a7d2dd,odata:vote:40247,plenum,,,,"הצעת חוק הטיס (תיקון מס' 3), התשפ""ג-2023",2024-01-01 18:26:00
fb215ee8-63cd-41fe-a1b4-b400ea3a84aa,odata:vote:40246,plenum,,,,"הצעת חוק התגמולים לנפגעי פעולות איבה (תיקון מס' 42) (היכל ההנצחה בהר הרצל), התשפ""ד-2023",2024-01-01 18:20:00
931d4fe4-c0b5-4c0d-a6e6-040813281ade,odata:vote:40245,plenum,,,,"המלצת ועדת הפנים והגנת הסביבה בעניין החלטת הממשלה בצו לדחות את מועד הבחירות הכלליות לרשויות המקומיות ליום י""ח באדר התשפ""ד – 27.2.2024.",2024-01-01 17:56:00
6dda0f2f-6886-4f90-adcf-a6e8df710257,odata:vote:40244,plenum,,,,"החלטת הממשלה בהתאם לסעיף 31(א) לחוק-יסוד: הממשלה, למנות את השר אלי כהן לתפקיד שר האנרגיה והתשתיות, במקום השר ישראל כץ ולמנות את השר ישראל כץ לתפקיד שר החוץ, במקום השר אלי כהן",2024-01-01 16:39:00
4c41740d-528d-4750-b223-3077e7138d2d,odata:vote:40241,plenum,,,,"הצעת חוק שירות ביטחון (תיקון מס' 25 – הוראת שעה – חרבות ברזל) (העלאת גיל הפטור משירות מילואים), התשפ""ד-2023",2023-12-27 18:52:00
dc850ec7-124e-4a91-949f-6c2cc83d2d04,odata:vote:40239,plenum,,,,"הצעת חוק דחיית מועדים (הוראת שעה – חרבות ברזל) (חוזה, פסק דין או תשלום לרשות) (תיקון) (דחיית מועדים בתקופה הקובעת השנייה), התשפ""ד-2023",2023-12-27 18:43:00
206c1b10-b5aa-4838-b766-34de96f7c5e8,odata:vote:40236,plenum,,,,"הצעת חוק הסדרים במשק המדינה (תיקוני חקיקה) (תיקון מס' 19), התשפ""ד-2023",2023-12-27 13:48:00
eafaa400-149b-458d-bccf-91b8df26c047,odata:vote:40234,plenum,,,,"הצעת חוק משק הגז הטבעי (תיקון מס' 12), התשפ""ג-2023",2023-12-27 13:37:00
6ca45d48-0690-49ca-bb08-97a86250d5ab,odata:vote:40232,plenum,,,,"הצעת חוק לייעול האכיפה והפיקוח העירוניים ברשויות המקומיות (הוראת שעה) (תיקון מס' 11), התשפ""ד-2023",2023-12-27 13:27:00
a98bbe66-4d06-40ca-8cdb-dba4af540751,odata:vote:40230,plenum,,,,"הצעת חוק גיל הפרישה (הורה שילדו נפטר) (הוראת שעה) (תיקון מס' 2), התשפ""ד-2023",2023-12-27 13:22:00
1d0b9eaf-25e4-4f6c-99f7-a97cdbf99ab1,odata:vote:40229,plenum,,,,"הצעת חוק לשכת עורכי הדין (הוראת שעה – חרבות ברזל), התשפ""ד-2023",2023-12-27 13:08:00
079fb2cd-93c2-4a6d-b53c-d9e1d96318eb,odata:vote:40228,plenum,,,,משפחות חיילים שנפצעו במלחמה בעזה אינן מקבלות סיוע כספי מהמדינה,2023-12-27 10:43:00
5418cf23-ca83-4a11-9e3c-9cec8aed8950,odata:vote:40227,plenum,,,,"שינויים דרמטיים בכוחות הרבש""צים ורידוד כוחות כיתות הכוננות בישובים ברחבי הארץ",2023-12-27 10:23:00
71843e74-7746-4313-b82c-194a7192f211,odata:vote:40226,plenum,,,,"הצעת חוק הקמת חדרי מיון קדמיים, התשפ""ג-2023",2023-12-27 09:56:00
a5a843d1-064f-4184-9fca-c43be47067f4,odata:vote:40225,plenum,,,,"הצעת חוק חינוך ממלכתי (תיקון - איסור תמיכה בטרור), התשפ""ג-2023",2023-12-27 09:36:00
3da28f12-d6da-4574-b145-c68d89c430f4,odata:vote:40223,plenum,,,,"הצעת חוק התמודדות עם תקיפות סייבר חמורות במגזר השירותים הדיגיטליים ושירותי האחסון (הוראת שעה - חרבות ברזל), התשפ""ד-2023",2023-12-25 17:47:00
7edf0dad-65ad-4383-8274-2fbac0aea9a2,odata:vote:40221,plenum,,,,"הצעת חוק התוכנית הכלכלית (תיקוני חקיקה ליישום המדיניות הכלכלית לשנות התקציב 2023 ו-2024) (תיקון), התשפ""ד-2023",2023-12-25 17:22:00
1dc7b097-e1ac-41ab-947d-5567b519f961,odata:vote:40220,plenum,,,,"החלטת ועדת החוקה, חוק ומשפט בעניין תיקון טעות בחוק ההתייעלות הכלכלית (תיקוני חקיקה להשגת יעדי התקציב לשנות התקציב 2023 ו-2024), התשפ""ג-2023",2023-12-25 16:21:00
931c9c45-2465-4e3f-9a67-e786d1377e3c,odata:vote:40217,plenum,,,,"הצעת חוק קליטת חיילים משוחררים (תיקון מס' 25), התשפ""ד–2023",2023-12-20 12:57:00
a1c92836-1513-4278-864d-fe5632834355,odata:vote:40216,plenum,,,,המלצת ועדת הכספים לקבל את בקשת הממשלה לדחות את המועד להגשת דוח ההפרשים לכנסת,2023-12-20 12:02:00
5fbdd3ac-17b6-4b2a-a965-020e11adf164,odata:vote:40215,plenum,,,,"הצעה לסדר היום בנושא: ""זינוק בגילויי האנטישמיות והסכנה לקהילות היהודיות באירופה ובארה""ב""",2023-12-20 10:52:00
00e64cd6-0d6a-487f-a78b-e33aebedfe65,odata:vote:40214,plenum,,,,"הצעת חוק מגבלות על חזרתו של עבריין טרור לסביבת נפגע עבירה, התשפ""ג-2023",2023-12-20 10:06:00
e224c732-fdcd-4a70-a1a3-20953d3f0b25,odata:vote:40213,plenum,,,,"הצעת חוק הדחת נציג ציבור התומך במאבק מזוין נגד מדינת ישראל (תיקוני חקיקה), התשפ""ג-2023",2023-12-20 09:51:00
83a38786-aef5-49c3-882a-e362ba7621f3,odata:vote:40212,plenum,,,,"הצעת חוק קיום דיונים בהיוועדות חזותית בהשתתפות עצורים, אסירים וכלואים (הוראת שעה – חרבות ברזל), התשפ""ד-2023",2023-12-18 18:04:00
fad63c8a-52c6-4793-8a73-a8407a1cd3dd,odata:vote:40210,plenum,,,,"הצעת חוק זכויות החולה (תיקון מס' 15), התשפ""ד-2023",2023-12-18 16:42:00
a692e847-c2ff-4427-afb4-7bf6f645f2ad,odata:vote:40207,plenum,,,,"הצעת חוק כליאתם של לוחמים בלתי חוקיים (תיקון מס' 4 והוראת שעה – חרבות ברזל), התשפ""ד-2023",2023-12-18 16:36:00
5e595c30-539e-4923-9345-aeda3be92dd2,odata:vote:40205,plenum,,,,"הצעת חוק הגז (בטיחות ורישוי) (תיקון מס' 9), התשפ""ד–2023",2023-12-18 16:30:00
8ffa7154-ce39-43f9-be07-afa12953552d,odata:vote:40202,plenum,,,,"הצעת חוק זכויות החולה (תיקון מס' 16) (מקבל החלטות זמני לטיפול רפואי), התשפ""ד-2023",2023-12-18 15:40:00
55a6204e-8bf5-4dae-a38b-55df795445c9,odata:vote:40079,plenum,,,,"הצעת חוק שירות ביטחון (תיקון מס' 27 – הוראת שעה – חרבות ברזל) (העלאת גיל הפטור משירות מילואים), התשפ""ד-2023",2023-12-14 12:14:00
6c33eec5-eb84-45b8-8193-33f3f29927cb,odata:vote:40081,plenum,,,,"הצעת חוק תקציב נוסף לשנת הכספים 2023, התשפ""ד-2023",2023-12-14 11:34:00
8fb5a641-a4cf-4e19-9a6b-932995f63d71,odata:vote:40180,plenum,,,,"הצעת חוק הפחתת הגירעון והגבלת ההוצאה התקציבית (תיקון מס' 24), התשפ""ד-2023",2023-12-14 10:36:00
1e06bbbf-057c-4dde-8773-0fabcb04a765,odata:vote:40198,plenum,,,,הצעת חוק-יסוד: משק המדינה (תיקון מס' 14),2023-12-14 10:26:00
dacaf3de-289e-456d-865f-a13c55fc918d,odata:vote:40071,plenum,,,,"הצעת חוק הסמכת צבא הגנה לישראל ושירות הביטחון הכללי לביצוע חדירה לחומר מחשב המשמש להפעלת מצלמה נייחת ופעולה בו (הוראת שעה – חרבות ברזל), התשפ""ד-2023",2023-12-06 15:25:00
5a8a3252-a8d0-4072-8848-403885425738,odata:vote:40073,plenum,,,,"הצעת חוק התכנון והבנייה (תיקון מס' 150 והוראת שעה - חרבות ברזל), התשפ""ד-2023",2023-12-06 15:16:00
dfa8af0f-5487-4ccf-b0f6-7a768da2d45f,odata:vote:40070,plenum,,,,"הצעה דחופה לסדר היום בנושא: ""קריסת כל מוקדי החירום לשעות רבות בעקבות עבודת תשתיות של חברת בזק""",2023-12-06 10:36:00
ab0c6524-c6b6-4997-82c5-20a0c0c6a694,odata:vote:40069,plenum,,,,"הצעה דחופה לסדר היום בנושא: ""טיפול המדינה ביתומי חללי צה""ל""",2023-12-06 10:12:00
be65296a-bdcf-457b-8bac-651007efcb81,odata:vote:40067,plenum,,,,"הצעה דחופה לסדר היום בנושא: ""הסכם השכר של הפסיכולוגים הציבוריים""",2023-12-06 09:58:00
5b2c0f35-fad4-4d58-a446-ca60ed09887a,odata:vote:40066,plenum,,,,"הצעת חוק לתיקון דיני הראיות (הגנת ילדים) (תיקון מס' 19 - הוראת שעה - חרבות ברזל), התשפ""ד-2023",2023-12-04 16:39:00
761c1c6c-83fb-44d4-a0ca-90687411a146,odata:vote:40064,plenum,,,,"הצעת חוק זכויות החולה (תיקון מס' 15) (מסירת מידע לזיהוי נפטר או קביעת סיבת מוות), התשפ""ד-2023",2023-12-04 16:23:00
0821ae5e-594a-462f-82a8-f8fa001031b0,odata:vote:40063,plenum,,,,"הצעת חוק קליטת חיילים משוחררים (תיקון מס' 25) (מימון שכר לימוד מלא ללוחמים), התשפ""ד–2023",2023-12-04 15:38:00
dfa1b5df-6fb0-4bf3-940e-51fafdb268b7,odata:vote:40059,plenum,,,,"הצעת חוק התכנון והבנייה (תיקון מס' 149 והוראת שעה – חרבות ברזל), התשפ""ד-2023",2023-11-29 12:31:00
83de1c15-a296-420b-b921-3739075b4c63,odata:vote:40057,plenum,,,,"הצעת חוק הגז (בטיחות ורישוי) (תיקון מס' 9) (הארכת תקופת מעבר), התשפ""ד-2023",2023-11-29 11:29:00
b923b786-ec82-4ac0-9fff-ac0cfe032f75,odata:vote:40056,plenum,,,,"החלטת ועדת הפנים והגנת הסביבה בעניין פיצול הצעת חוק התכנון והבנייה (תיקון מס' 149 והוראת שעה – חרבות ברזל), התשפ""ד-2023",2023-11-29 11:07:00
d3f0d997-5dcf-4407-976c-d50970a947a8,odata:vote:40055,plenum,,,,"הצעה לסדר היום בנושא: ""אפליית חללי לוחמי אש""",2023-11-29 10:21:00
51f540d6-a26f-4280-b27d-9f374918b1e5,odata:vote:40053,plenum,,,,"הצעת חוק הגנה על עובדים בשעת חירום (תיקון מס' 5 והוראת שעה – חרבות ברזל), התשפ""ד-2023",2023-11-27 15:08:00
fede26ba-1500-4e33-8d16-1d9305436c6c,odata:vote:40051,plenum,,,,"הצעת חוק הארכת תקופות ודחיית מועדים (הוראת שעה – חרבות ברזל) (הליכי מס ומענקי סיוע), התשפ""ד-2023",2023-11-27 14:38:00
d4d02d4e-dfed-4868-bfce-24a7329374ee,odata:vote:40048,plenum,,,,"הצעת חוק הארכת תקופות ודחיית מועדים (הוראת שעה – חרבות ברזל) (סדרי מינהל, תקופות כהונה ותאגידים), התשפ""ד-2023",2023-11-22 14:01:00
1350243d-61cd-465e-a561-5ef060a7f2ee,odata:vote:40046,plenum,,,,"הצעת חוק התגמולים לנפגעי פעולות איבה (תיקון מס' 41 - הוראת שעה – חרבות ברזל) (מינוי רופא מוסמך), התשפ""ד-2023",2023-11-20 16:30:00
232584c7-7d8b-4d51-943b-0e5bce070454,odata:vote:40045,plenum,,,,"הצעת חוק ארגון הפיקוח על העבודה (תיקון מס' 12), התשפ""ד-2023",2023-11-20 16:23:00
a2391e7d-1370-4a6b-9585-94d81cde6f49,odata:vote:40040,plenum,,,,"הצעת חוק קיום דיונים בהיוועדות חזותית בהשתתפות עצורים ואסירים (הוראת שעה – חרבות ברזל), התשפ""ד-2023",2023-11-15 16:31:00
1dab582b-2972-43da-94aa-a6d502428a6d,odata:vote:40038,plenum,,,,"הצעת חוק הארכת תקופות ודחיית מועדים (הוראת שעה – חרבות ברזל) (תכנון ובנייה ומקרקעי ציבור), התשפ""ד-2023",2023-11-15 16:24:00
639b5f34-16d9-497f-a04b-6fca5f8164c2,odata:vote:40035,plenum,,,,"הצעת חוק הענקת אזרחות כבוד לחללי מערכות ישראל, התשפ""ד-2023",2023-11-15 11:27:00
c314e533-d65e-4613-91f5-2a18583648a8,odata:vote:40034,plenum,,,,"הצעת חוק התגמולים לנפגעי פעולות איבה (הוראת שעה – חרבות ברזל) (מינוי רופא מוסמך), התשפ""ד-2023",2023-11-15 11:13:00
d7ebb05c-4e82-4745-860c-625964c08a1d,odata:vote:40032,plenum,,,,"הצעה לסדר היום בנושא: ""מתן מענה נפשי וכלכלי למתנדבי זק""א""",2023-11-15 10:17:00
b18811de-7f42-4e64-82fa-2a8e526508f0,odata:vote:40030,plenum,,,,"הצעת חוק הארכת תקופות (הוראת שעה – חרבות ברזל) (אומנה לילדים), התשפ""ד-2023",2023-11-13 16:45:00
0db12499-c848-4c88-ac95-50e5657219d7,odata:vote:40029,plenum,,,,"הצעת חוק חינוך מיוחד (הוראת שעה – חרבות ברזל) (הארכת זכאות), התשפ""ד-2023",2023-11-13 16:39:00
2d60e9d5-be17-48b6-9611-f76fdc5b0994,odata:vote:40027,plenum,,,,"הצעת חוק פסיקת ריבית והצמדה (תיקון מס' 9), התשפ""ד-2023",2023-11-13 16:29:00
080852f3-df53-4363-87cc-7884c6a86e38,odata:vote:40024,plenum,,,,"הצעת חוק המאבק בטרור (תיקון מס' 10), התשפ""ד-2023",2023-11-13 16:08:00
50ce2b4e-b44e-44c3-8671-aaebfa57ad7f,odata:vote:40023,plenum,,,,"הצעת חוק אזרחות כבוד לחללי מערכות ישראל, התשפ""ד-2023",2023-11-13 15:55:00
5f411936-c64f-44fa-86f5-f2b19c58a35b,odata:vote:40018,plenum,,,,"הצעת חוק הביטוח הלאומי (תיקון מס' 238 - הוראת שעה – חרבות ברזל) (תגמולים למשרתים במילואים), התשפ""ד-2023",2023-11-09 12:49:00
5ecd3565-9049-4dee-8459-2cbd415714f3,odata:vote:40015,plenum,,,,"הצעת חוק התוכנית לסיוע כלכלי (הוראת שעה – חרבות ברזל), התשפ""ד-2023",2023-11-08 23:05:00
0545da26-9996-48d8-a172-8e578f764af7,odata:vote:40011,plenum,,,,"הצעת חוק העברת מידע לצורך זיהוי או אימות זהות של אדם לרבות גופה, ואיתור נעדר או שבוי, הנדרשים בשל פעולות האיבה או פעולות המלחמה (הוראות שעה – חרבות ברזל), התשפ""ד-2023",2023-11-08 18:08:00
68a4c189-4e9b-4783-8d5a-5c94fdc83748,odata:vote:40009,plenum,,,,"הצעת חוק איסור הלבנת הון (תיקון מס' 33), התשפ""ד-2023",2023-11-08 10:42:00
accd72c1-0656-4a05-a1ae-3d7e1a13f307,odata:vote:40006,plenum,,,,"הצעת חוק המאבק בטרור (תיקון מס' 9 והוראת שעה) (צריכת פרסומי טרור), התשפ""ד-2023",2023-11-08 10:35:00
b52a1719-a230-489d-8755-422384fa7e89,odata:vote:40002,plenum,,,,"הצעת חוק הביטוח הלאומי (הוראת שעה – חרבות ברזל) (תגמולים למשרתים במילואים), התשפ""ד-2023",2023-11-08 09:59:00
d332d4cc-2f0d-455a-8474-18ddd424abfa,odata:vote:39997,plenum,,,,"העברה מוועדה לוועדה - הצעת חוק הארכת תקופות ודחיית מועדים (הוראת שעה – חרבות ברזל) (החלטות מינהליות ופעולות כלפי רשות ציבורית, אומנה לילדים, תקופות כהונה תאגידים, בתי דין מינהליים ותכנון ובנייה), התשפ""ד-2023",2023-11-06 18:54:00
36a09ed9-33bc-48cd-aca8-668ec577fcb9,odata:vote:39996,plenum,,,,הצעה להגדלת מספר החברים בוועדת הבריאות,2023-11-06 18:51:00
72cc8eb3-8ec4-494f-aabc-2895fba99c98,odata:vote:39994,plenum,,,,"הצעת חוק נציב תלונות הציבור על שופטים (תיקון מס' 5 - הוראת שעה), התשפ""ד-2023",2023-11-06 18:46:00
cbe822ff-9ffa-4a2b-a034-45d41ddade6a,odata:vote:39992,plenum,,,,"הצעת חוק הירושה (תיקון מס' 19), התשפ""ד-2023",2023-11-06 18:35:00
627284ff-f7b2-4a92-b515-c8a22927df5d,odata:vote:39990,plenum,,,,"הצעת חוק הרשות הלאומית לביטחון קהילתי (תיקון מס' 2), התשפ""ג-2023",2023-11-06 18:21:00
3ecaac18-2701-4fe5-8211-2cf3181f39bd,odata:vote:39989,plenum,,,,"הצעת חוק העברת מידע לצורך זיהוי או אימות זהות של אדם לרבות גופה, ואיתור נעדר או שבוי, הנדרשים בשל פעולות המלחמה (הוראות שעה – חרבות ברזל), התשפ""ד-2023",2023-11-06 18:15:00
686a3f4c-9aa1-4473-a9c2-e4f352709415,odata:vote:39987,plenum,,,,"הצעת חוק תגמולים לבני משפחה של חטופים ונעדרים בפעולת איבה, התשפ""ד–2023",2023-11-06 17:51:00
4a03b63a-b404-4ecc-af9c-832536e1fe52,odata:vote:39986,plenum,,,,"הצעת חוק הגנה על עובדים בשעת חירום (הוראת שעה – חרבות ברזל), התשפ""ד-2023",2023-11-06 17:18:00
78d8485a-02d0-46c8-98f4-4cc71f147f3a,odata:vote:39984,plenum,,,,"החלטת ועדת החוקה, חוק ומשפט בעניין פיצול הצעת חוק הארכת תקופות ודחיית מועדים (הוראת שעה – חרבות ברזל) (החלטות מינהליות ופעולות כלפי רשות ציבורית, אומנה לילדים, תקופות כהונה תאגידים, בתי דין מינהליים ותכנון ובנייה), התשפ""ד-2023",2023-11-06 17:00:00
a9dc1ea9-8183-4085-896e-c00b2f5d2c61,odata:vote:39981,plenum,,,,"הצעת חוק התכנון והבנייה (תיקון מס' 146), התשפ""ד-2023",2023-11-06 16:00:00
fd112e4f-d071-410b-abaf-ff4b9dd0b37b,odata:vote:39980,plenum,,,,"החלטת ועדת החוקה, חוק ומשפט בעניין פיצול הצעת חוק המאבק בטרור (תיקון מס' 9 והוראת שעה) (צריכת פרסומי טרור), התשפ""ד-2023",2023-11-06 15:43:00
91310539-e20f-4348-8a2d-bbf7361b1684,odata:vote:39979,plenum,,,,"הצעת חוק הארכת תקופות ודחיית מועדים (הוראת שעה – חרבות ברזל) (החלטות מינהליות ופעולות כלפי רשות ציבורית, אומנה לילדים, תקופות כהונה תאגידים, בתי דין מינהליים ותכנון ובנייה), התשפ""ד-2023",2023-11-06 14:38:00
2fae8e7a-a658-4c69-8d03-aca3dacdc2ed,odata:vote:39977,plenum,,,,"הצעת חוק התכנית לסיוע כלכלי (הוראת שעה – חרבות ברזל), התשפ""ד-2023",2023-11-02 09:58:00
7c469917-f5ed-48d5-bfad-8066c3e23ebc,odata:vote:39976,plenum,,,,"הצעת חוק נציב תלונות הציבור על שופטים (הוראת שעה) (הארכת משך הכהונה), התשפ""ד-2023",2023-11-01 11:05:00
e2fa63ba-f559-41a1-b976-56ed3161536d,odata:vote:39975,plenum,,,,"הצעת חוק התגמולים לבני משפחה של נעדרים או חטופים בפעולת איבה או במלחמה, התשפ""ד–2023",2023-11-01 10:51:00
c9ddc691-a0b3-442c-bbb6-77a9973507ae,odata:vote:39973,plenum,,,,"הצעת חוק לדחיית הבחירות הכלליות לרשויות המקומיות (תיקון), התשפ""ד-2023",2023-11-01 10:03:00
a74ec1fa-cf7a-4ba7-82f2-65d1d9d1a3a7,odata:vote:39971,plenum,,,,"הצעת חוק הגנה על מענקים מיוחדים (חרבות ברזל), התשפ""ד-2023",2023-11-01 09:34:00
ac999545-0fbb-485e-b906-d198826cb5c3,odata:vote:39970,plenum,,,,"הצעה לסדר היום בנושא: ""חובת הממשלה לסגור מיידית את ערוץ אלג'זירה המסית נגד מדינת ישראל ותומך בחמאס תוך שהוא משדר בשטח ישראל""",2023-11-01 09:28:00
dd3a58be-170e-42e9-95b7-c789e4ef51e5,odata:vote:39969,plenum,,,,"הצעת חוק המקרקעין (תיקון מס' 37), התשפ""ד-2023",2023-10-30 17:15:00
b02a3d75-5011-4630-ab46-e928ad6e1c93,odata:vote:39967,plenum,,,,"הצעת חוק הירושה (הוראת שעה – חרבות ברזל), התשפ""ד-2023",2023-10-30 17:06:00
8fc51e59-36ba-4724-bb63-29db1249f73d,odata:vote:39966,plenum,,,,"הצעת חוק איסור הלבנת הון (העברת מידע למטה הלאומי ללוחמה כלכלית בטרור), התשפ""ד-2023",2023-10-30 16:31:00
104eeb02-35ef-49b2-b257-e64b003a6284,odata:vote:39965,plenum,,,,"הצעת חוק המאבק בטרור (תיקון מס' 10) (הכרזה על אדם זר כפעיל טרור), התשפ""ד-2023",2023-10-30 15:45:00
c63a63f5-cf54-4f54-b867-6b40c20a1664,odata:vote:39962,plenum,,,,"הצעת חוק הארכת תקופות ודחיית מועדים (הוראת שעה – חרבות ברזל) (אישורים רגולטוריים, עיצומים כספיים ובדיקות מיתקני גז), התשפ""ד-2023",2023-10-25 08:57:00
c6552824-a97f-4da9-885b-c741b73fec8a,odata:vote:39959,plenum,,,,"הצעת חוק התגמולים לבני משפחה של נעדרים, חטופים או שבויים, התשפ""ד-2023",2023-10-23 15:24:00
33a2a820-9bb9-43b1-8c65-40e9689c0a1a,odata:vote:39957,plenum,,,,"החלטת הממשלה בהתאם לסעיף 31(ג) לחוק-יסוד: הממשלה, לבטל את משרד ההסברה",2023-10-23 15:05:00
7da0ab4c-e63c-44fb-84a9-c613fe28a3cd,odata:vote:39955,plenum,,,,"הצעת חוק אמנת הבנק האסייני לפיתוח, התשפ""ד-2023",2023-10-23 14:50:00
afaed450-edc3-4975-997c-98ab2742e1f4,odata:vote:39953,plenum,,,,"הצעת חוק לדחיית הבחירות הכלליות לרשויות המקומיות ולמועצות האזוריות, התשפ""ד-2023",2023-10-23 14:46:00
d8409414-75f5-4a8a-9e15-84da9df45370,odata:vote:39952,plenum,,,,"הצעת חוק המקרקעין (תיקון מס' 38) (הרחבת בנייה לשם הקמת מרחב מוגן בבית מורכב), התשפ""ד-2023",2023-10-23 14:37:00
33c0f0a2-a846-49f1-9ee9-499d2b1fc213,odata:vote:39950,plenum,,,,הצעת חוק-יסוד: משק המדינה (הוראת שעה לעניין חוק התקציב לשנת 2024 – חרבות ברזל),2023-10-23 13:52:00
a7bc0605-07cd-4cc5-9715-0ce5ae227d73,odata:vote:39948,plenum,,,,"החלטת ועדת הפנים והגנת הסביבה בעניין פיצול הצעת חוק לדחיית הבחירות הכלליות לרשויות המקומיות ולמועצות האזוריות, התשפ""ד-2023",2023-10-23 13:34:00
e62961d7-f2ec-4995-8598-6a35ac8745aa,odata:vote:39940,plenum,,,,"הצעת חוק סדר הדין הפלילי (תיקון מס' 93 - הוראת שעה – חרבות ברזל) (היוועדות חזותית), התשפ""ד-2023",2023-10-18 15:22:00
397fa04e-f522-4dc8-a48f-929876089fef,odata:vote:39938,plenum,,,,"הצעת חוק דחיית מועדים (הוראת שעה – חרבות ברזל) (חוזה, פסק דין או תשלום לרשות), התשפ""ד-2023",2023-10-18 15:16:00
20ba6591-32ba-45c6-bbab-d98029597483,odata:vote:39937,plenum,,,,"הצעת חוק לתיקון פקודת בתי הסוהר (מס' 64 - הוראת שעה – חרבות ברזל) (מצב חירום כליאתי), התשפ""ד-2023",2023-10-18 08:23:00
45e9eaf1-6139-4519-a7fd-9038e1f0c72f,odata:vote:39935,plenum,,,,"הצעת חוק סדר הדין הפלילי (הוראת שעה – חרבות ברזל) (קיום דיון תחילת המשפט בהיוועדות חזותית), התשפ""ד-2023",2023-10-18 08:15:00
2142c19f-8684-4246-95f9-fec228fc7c0b,odata:vote:39946,plenum,,,,"הצעת חוק שמירת הניקיון (תיקון מס' 25 והוראת שעה), התשפ""ד-2023",2023-10-16 15:46:00
c858df04-42da-404f-acf0-9caac0e226ee,odata:vote:39931,plenum,,,,"הצעת חוק לתיקון פקודת בתי הסוהר (מצב חירום כליאתי) (הוראת שעה – חרבות ברזל), התשפ""ד-2023",2023-10-16 15:40:00
0fbfd587-e5db-41b0-a6c4-84dc0f387bed,odata:vote:39929,plenum,,,,"החלטת ועדת הפנים והגנת הסביבה בדבר פיצול הצעת חוק שמירת הניקיון (הוראת שעה), התשפ""ג-2023",2023-10-16 14:49:00
0452a8f4-32c1-48ba-8f34-1e70b17d3f64,odata:vote:39928,plenum,,,,פתיחת המושב השני של הכנסת ה-25,2023-10-16 14:23:00
91642a6e-4050-4a22-b0d8-f629ccc083d5,odata:vote:39897,plenum,,,,דיון משולב - הודעת הממשלה על צירוף שרים נוספים לממשלה ושינוי בחלוקת התפקידים בין השרים,2023-10-12 17:25:00
c73e325d-8bc0-411a-a149-7ae69c6a0fb1,odata:vote:39893,plenum,,,,"הצעת חוק לתיקון פקודת בריאות העם (מס' 41), התשפ""ג-2023",2023-09-18 21:00:00
ab06d72a-2879-4ba6-8196-0f8419433cb0,odata:vote:39896,plenum,,,,"הצעת חוק שחרור על-תנאי ממאסר (תיקון מס' 17 – הוראת שעה) (תיקון מס' 3), התשפ""ד-2023",2023-09-18 21:00:00
e4057f72-dfad-4652-bd28-fee71041caa5,odata:vote:39892,plenum,,,,"הצעה לסדר היום בנושא: ""המשמעות וההשלכות של קידום השינויים במערכת המשפט וחוק יסוד לימוד תורה""",2023-09-18 21:00:00
aee13d24-653c-4231-8cb2-8f9243f3d973,odata:vote:39886,plenum,,,,"הצעת חוק לתיקון פקודת היבוא והיצוא (מס' 5) (מתווה לשינוי שיטת היבוא), התשפ""ג-2023",2023-08-15 21:00:00
c540e4ee-44d8-41f6-99fe-6c803b244a60,odata:vote:39881,plenum,,,,"הצעת חוק התכנון והבנייה (תיקון מס' 146), התשפ""ג-2023",2023-08-15 21:00:00
ed198262-64e0-45ec-aca1-793bdbfceaa5,odata:vote:39882,plenum,,,,"הצעת חוק שמירת הניקיון (הוראת שעה), התשפ""ג-2023",2023-08-15 21:00:00
3eff7a61-b09b-4e2b-8ea1-0bf5d4c9f6c0,odata:vote:39885,plenum,,,,"הצעת חוק הבוררות המסחרית הבין-לאומית, התשפ""ג-2023",2023-08-15 21:00:00
e93c797c-507c-4340-b500-406a60b6df2c,odata:vote:39884,plenum,,,,"הצעת חוק לתיקון פקודת הרוקחים (מס' 35), התשפ""ג-2023",2023-08-15 21:00:00
6291651a-68ac-4fc3-a156-9f383607333b,odata:vote:39887,plenum,,,,"הצעת חוק תשלומים לחיילים בשירות סדיר (הגנה על תשלומים) (תיקון מס' 2), התשפ""ג-2023",2023-08-15 21:00:00
754686c0-9084-41e0-bdd5-944568ebda51,odata:vote:39883,plenum,,,,"הצעת חוק הסדרת העיסוק בקרינה מייננת, התשפ""ג-2023",2023-08-15 21:00:00
aebb0601-eeb8-487b-a6d5-cc79cd79620a,odata:vote:39857,plenum,,,,"הצעת חוק ביטוח בריאות ממלכתי (תיקון מס' 67), התשפ""ג–2023",2023-07-30 18:40:00
0a6d64c1-ba2a-4be2-bb4b-70f79aacb0a0,odata:vote:39855,plenum,,,,"הצעת חוק העונשין (תיקון מס' 146 והוראת שעה), התשפ""ג–2023",2023-07-30 18:09:00
282fdf5f-e982-4cf9-8467-d2969baa19b8,odata:vote:39852,plenum,,,,"הצעת חוק שירות ביטחון (הוראת שעה) (הצבת יוצאי צבא בשירות בתי הסוהר (תיקון מס' 11), התשפ""ג-2023",2023-07-30 17:58:00
04b1614a-bb71-435d-83c3-11f3acd2d1df,odata:vote:39851,plenum,,,,"הצעת חוק כלי הירייה (תיקון מס' 24), התשפ""ג-2023",2023-07-30 17:45:00
9b45894d-597d-4140-bea5-dcacef806703,odata:vote:39849,plenum,,,,"הצעת חוק שירות אזרחי (תיקון מס' 4), התשפ""ג-2023",2023-07-30 17:36:00
09d52ee9-8927-4375-b660-f7536d41cce3,odata:vote:39847,plenum,,,,"הצעת חוק הבנקאות (שירות ללקוח) (תיקון מס' 67) (הודעה על סיום הטבה בנקאית), התשפ""ג–2023",2023-07-30 17:32:00
c5541efc-9557-4d9d-a4d7-7ecb5d2515e0,odata:vote:39846,plenum,,,,"הצעת חוק דיווח לכנסת על תלונות וטיפול בהטרדות מיניות במשטרת ישראל ובשירות בתי הסוהר והטיפול בהן (תיקוני חקיקה), התשפ""ג–2023",2023-07-30 17:24:00
4ed490c4-5738-4023-ac1c-23236c66da18,odata:vote:39845,plenum,,,,"הצעת חוק התכנון והבנייה (תיקון מס' 147) (הוראות לעניין היטל השבחה – דחיית תשלום אגב פירוד ופטור לשיפורי מיגון), התשפ""ג–2023",2023-07-30 17:20:00
28087521-d6d5-4473-a79b-249dbdb9da34,odata:vote:39843,plenum,,,,"הצעת חוק הסדרת העיסוק במקצועות הטיפול הרפואי, התשפ""ג-2023",2023-07-30 17:17:00
37c00067-ed44-42cb-a87f-c939c5bfb36a,odata:vote:39841,plenum,,,,"הצעת חוק להסדר ההימורים בספורט (תיקון מס' 15), התשפ""ג-2023",2023-07-30 17:00:00
5b8e963b-39e0-4554-85e7-a8bfb9e010fc,odata:vote:39839,plenum,,,,"הצעת חוק הסדרת העיסוק במקצועות הבריאות (תיקון מס' 8), התשפ""ג-2023",2023-07-30 16:33:00
6b7e9d5f-6320-4925-944b-7d3ecd13d8d6,odata:vote:39837,plenum,,,,"הצעת חוק התאגיד לפיקוח וטרינרי (תיקוני חקיקה), התשפ""ג-2023",2023-07-30 16:18:00
5bfd85ff-0c07-4755-8f66-c160e6351ddc,odata:vote:39835,plenum,,,,"הצעת חוק מיסוי תשלומים בתקופת בחירות (תיקון מס' 9 - הוראת שעה), התשפ""ג–2023",2023-07-30 16:12:00
064ea12d-d2c3-44d2-b93b-67744afcedf1,odata:vote:39834,plenum,,,,"הצעת חוק עבודת הנוער (תיקון מס' 21), התשפ""ג-2023",2023-07-30 16:01:00
f145b7fe-5221-4dc5-a13d-c961fcbf67c8,odata:vote:39831,plenum,,,,"הצעת חוק רישוי שירותים ומקצועות בענף הרכב (תיקון מס' 11), התשפ""ג-2023",2023-07-30 15:50:00
3ed3ac6b-4f05-47b9-8f00-fe4640318399,odata:vote:39829,plenum,,,,"הצעת חוק הגנת הצרכן (תיקון מס' 66), התשפ""ג-2023",2023-07-30 15:41:00
883af218-f6fe-468d-a96d-9445aff84b2e,odata:vote:39828,plenum,,,,"הצעת חוק למניעת אלימות במשפחה (תיקון מס' 19 – הוראת שעה), התשפ""ג–2023",2023-07-30 15:24:00
f1fe13de-9810-42d8-9093-921327f289a8,odata:vote:39821,plenum,,,,"הצעת חוק למניעת העסקה במוסדות מסוימים של מי שהורשע באלימות כלפי ילדים וחסרי ישע, התשפ""ג-2023",2023-07-30 13:30:00
8e6f53c4-4f6c-45e6-b8c4-856ee310df77,odata:vote:39820,plenum,,,,"הצעת חוק שירות המדינה (מינויים) (תיקון מס' 20) (הצהרת אמונים למשרת ראש נציגות דיפלומטית או קונסולרית), התשפ""ג-2023",2023-07-30 12:59:00
07f52cb9-f4fa-47dc-893d-577e25f272b5,odata:vote:39819,plenum,,,,"הצעת חוק הנכים (תגמולים ושיקום) (תיקון מס' 32), התשפ""ג-2023",2023-07-30 12:33:00
8b535042-ccd3-4256-b2ea-ef56127e6140,odata:vote:39817,plenum,,,,"הצעת חוק לפיצוי קורבנות טרור (פיצויים לדוגמה), התשפ""ג-2023",2023-07-30 11:00:00
4129ace9-87b8-430d-9b82-e1d2d2b2897d,odata:vote:39812,plenum,,,,"הצעת חוק החמרת ענישה בעבירות מין על רקע לאומני (תיקוני חקיקה), התשפ""ג-2023",2023-07-30 10:02:00
e70e9b9e-54a5-45e3-9dfb-de892b00a62a,odata:vote:39801,plenum,,,,"הצעת חוק לעידוד תעשייה עתירת ידע (הוראת שעה), התשפ""ב-2022",2023-07-25 17:49:00
33e0c440-244e-4dab-8ddf-51a2d6cc9c81,odata:vote:39799,plenum,,,,"הצעת ועדת הכנסת להעברה מוועדה לוועדה - הצעת חוק המאבק בטרור (תיקון - מניעת הזדהות עם ארגון טרור), התשפ""ג-2023",2023-07-25 17:27:00
87096710-1392-4df8-9db1-95df9956abec,odata:vote:39795,plenum,,,,"הצעת חוק הצלילה הספורטיבית (תיקון מס' 3), התשפ""ג-2023",2023-07-25 17:23:00
ad0c33a7-c7cd-4a05-95a0-a66e880728d4,odata:vote:39797,plenum,,,,"הצעת חוק שירות לאומי-אזרחי (תיקון מס' 4), התשפ""ג-2023",2023-07-25 17:20:00
3d106cf6-9a5d-4f73-af48-a0f897035e9a,odata:vote:39794,plenum,,,,"הצעת חוק המועצה להשכלה גבוהה (תיקון מס' 22) (מתן עדיפות בסיוע לתלמידים ששירתו בשירות סדיר או בשירות מילואים), התשפ""ג-2023",2023-07-25 17:10:00
4980b9f4-bd01-4594-85b1-89af46197056,odata:vote:39793,plenum,,,,"הצעת חוק אמנת הבנק האסייני לפיתוח, התשפ""ג-2023",2023-07-25 16:56:00
8ae94689-a3c8-41eb-be03-6d97ed0aa934,odata:vote:39790,plenum,,,,"הצעת חוק לתיקון פקודת העיריות (צדק חלוקתי בכל הרשויות המתוקצבות במדינת ישראל), התשפ""ג-2023",2023-07-25 16:36:00
95004e4e-85f9-47ae-8931-66988fa5785f,odata:vote:39792,plenum,,,,"הצעת חוק לתיקון פקודת העיריות (צדק חלוקתי בכל הרשויות המתוקצבות במדינת ישראל), התשפ""ג-2022",2023-07-25 16:34:00
91e07baf-5325-45a2-a501-09029400af84,odata:vote:39789,plenum,,,,"הצעת חוק לתיקון פקודת העיריות (מס' 154) (חלוקת הכנסות), התשפ""ג–2023",2023-07-25 16:33:00
548e505f-9050-43f8-881b-06634fe1d9b6,odata:vote:39787,plenum,,,,"הצעת חוק לתיקון פקודת האגודות השיתופיות (מס' 12), התשפ""ג–2023",2023-07-25 15:28:00
b66c14f0-b901-474a-8d94-5764dc8fc42d,odata:vote:39782,plenum,,,,"החלטת ועדת הבריאות בדבר פיצול הצעת חוק ביטוח בריאות ממלכתי (תיקון מס' 65) (החזר דמי נסיעה באמבולנס לחולה סיעודי ובעד חולה שנפטר), התשפ""ב–2022",2023-07-24 20:59:00
61642074-3499-4382-991f-1c7ae5b1ec6b,odata:vote:39779,plenum,,,,"הצעת חוק לתיקון פקודת בתי הסוהר (הוראות שעה), התשפ""ג-2023",2023-07-24 20:55:00
1b729b7c-f57c-41e9-bc35-4d48cffef2a4,odata:vote:39778,plenum,,,,"הצעת חוק רישוי שירותים ומקצועות בענף הרכב (תיקון מס' 11) (הארכת תקופות), התשפ""ג-2023",2023-07-24 20:45:00
f1b17080-215c-4f18-852e-ad0a3235486b,odata:vote:39777,plenum,,,,"הצעת חוק שחרור על-תנאי ממאסר (תיקון מס' 17 – הוראת שעה) (תיקון מס' 3), התשפ""ג-2023",2023-07-24 20:43:00
0e49b205-1364-43af-aabd-a11408429c21,odata:vote:39807,plenum,,,,"הצעה להביע אי אמון בממשלה מטעם סיעת יש עתיד בנושא: ""הממשלה הכושלת מקום המדינה שמובילה אותנו למשבר מדיני עם הממשל האמריקאי""",2023-07-23 21:00:00
f394509b-e91d-496e-a913-e1f58b209c48,odata:vote:39811,plenum,,,,החלטת הממשלה בהתאם לסעיף 31(ב) בדבר העברת סמכות מהשר לשיתוף פעולה אזורי לשר התקשורת,2023-07-23 21:00:00
5999999f-b27d-43ff-b33b-617ba1eb208a,odata:vote:39810,plenum,,,,"הצעה להביע אי אמון בממשלה מטעם סיעת רע""ם בנושא: ""האלימות והפשיעה משתוללת בחברה הערבית ללא מתן מענה הולם מצד הממשלה""",2023-07-23 21:00:00
9507817e-2e37-426c-8849-0190e5f32182,odata:vote:39808,plenum,,,,"הצעה להביע אי אמון בממשלה מטעם סיעת המחנה הממלכתי בנושא: ""ממשלה שמפלגת את הארץ וקורעת את צבא העם""",2023-07-23 21:00:00
dffbccd1-d60b-4efe-b0ca-891ce64bfc78,odata:vote:39809,plenum,,,,"הצעה להביע אי אמון בממשלה מטעם סיעות ישראל ביתנו והעבודה בנושא: ""כישלון הממשלה בהתמודדות עם יוקר המחיה ופגיעה בכלכלה הישראלית""",2023-07-23 21:00:00
3c349498-a0ea-4c49-8f15-a783d084e1b7,odata:vote:39622,plenum,,,,"הצעת חוק מיסוי תשלומים בתקופת בחירות (תיקון מס' 9) (הארכת תקופת הבחירות), התשפ""ג–2023",2023-07-20 00:11:00
10b43337-8cfe-4c92-8872-14b66e5b1c10,odata:vote:39621,plenum,,,,"הצעת חוק התגמולים לנפגעי פעולות איבה (תיקון מס' 39) (זכאות לתגמולים וכן לפיצויים לפי חוק אחר ולפיצויים לדוגמה), התשפ""ג–2023",2023-07-20 00:08:00
cc886521-401a-49e4-ab82-0315c427fcfd,odata:vote:39618,plenum,,,,"הצעת חוק הגנת הצרכן (תיקון מס' 65), התשפ""ג–2023",2023-07-19 23:58:00
aa6b84e6-e1b4-4448-aaf5-650c8a0529f3,odata:vote:39620,plenum,,,,"הצעת חוק הביטוח הלאומי (תיקון - תשלום גמלה לשמירת היריון בעד כל התקופה), התשפ""ג-2022",2023-07-19 23:54:00
ab59e96c-9b3d-4bcf-824c-1f53574a54f6,odata:vote:39616,plenum,,,,"הצעת חוק הביטוח הלאומי (תיקון - פטור מכפל תשלום דמי ביטוח לאומי), התשפ""ג-2023",2023-07-19 23:47:00
d780f37a-d5bc-492d-a908-7d2b890331a0,odata:vote:39617,plenum,,,,"הצעת חוק הביטוח הלאומי (תיקון - תשלום גמלת ילד נכה לאומן בעד ילד הנמצא אצלו באומנה), התשפ""ג-2023",2023-07-19 23:44:00
c852dfb8-a6f8-4234-bee3-9c72e643c039,odata:vote:39613,plenum,,,,"הצעת חוק הגברת התחרות בשוק השידורים (תיקוני חקיקה), התשפ""ג-2023",2023-07-19 23:35:00
535c68aa-cc09-4a6c-9921-f7f1f89004b2,odata:vote:39612,plenum,,,,"הצעת חוק הקרימינולוגים השיקומיים, התשפ""ג-2023",2023-07-19 23:25:00
6a7fe117-8750-4ba9-9b3b-a89c2040c094,odata:vote:39610,plenum,,,,"הצעת חוק לתיקון פקודת התעבורה (תשלום עבור נסיעה בתחבורה ציבורית בכרטיס אשראי), התשפ""ג-2023",2023-07-19 23:21:00
418e6bf6-7867-4432-9b6e-6e955f807ecc,odata:vote:39608,plenum,,,,"הצעת חוק לתיקון פקודת התעבורה (חובת נשיאת לוחית זיהוי באופניים ממונעים ובקורקינט ממונע), התשפ""ג-2022",2023-07-19 23:13:00
ebdabdc8-89f1-4cf9-a3a1-a748ba77e687,odata:vote:39609,plenum,,,,"הצעת חוק לתיקון פקודת התעבורה (חובת נשיאת לוחית זיהוי באופניים ממונעים ובקורקינט ממונע), התשפ""ג-2023",2023-07-19 23:12:00
19a8dc12-15ae-4998-b502-91101f7e9bbe,odata:vote:39606,plenum,,,,"הצעת חוק העונשין (תיקון - הגנה על בסיסי צה""ל, שטחי אש, תחנות משטרה ומתקנים ביטחוניים), התשפ""ג-2023",2023-07-19 22:58:00
7548f4cc-30ec-45ee-b7d7-92d3527e171a,odata:vote:39605,plenum,,,,"הצעת חוק הכשרות המשפטית והאפוטרופסות (תיקון - הרחבת שלילת האפוטרופסות הטבעית והגבלת מימוש זכות הורות עבור מורשעים בעבירות אלימות במשפחה), התשפ""ג-2023",2023-07-19 22:45:00
4ac58ba8-891c-4db3-a7e5-bce6716a2352,odata:vote:39604,plenum,,,,"הצעת חוק זכויות מבצעים ומשדרים (תיקון - הרחבת היקף הזכויות), התשפ""ג-2023",2023-07-19 22:33:00
be84a015-1a88-45a6-bf52-07ae0dc1ed02,odata:vote:39603,plenum,,,,"הצעת חוק המאבק בטרור (תיקון - מניעת הזדהות עם ארגון טרור), התשפ""ג-2023",2023-07-19 22:24:00
f62713d2-46f2-4fec-bcea-b02eeff9880d,odata:vote:39602,plenum,,,,"הצעת חוק הבחירות לכנסת (תיקון - הצבעה של אזרחים המשרתים שירות לאומי אזרחי בחוץ לארץ), התשפ""ג-2023",2023-07-19 22:07:00
0326b880-f72a-45c3-a97a-ecce271737c8,odata:vote:39601,plenum,,,,"הצעת חוק המקרקעין (תיקון - מיתקן של חובב רדיו בבתים משותפים), התשפ""ג-2023",2023-07-19 22:03:00
fb1a3dd1-169c-4d7b-ba7a-a505dd2cf820,odata:vote:39600,plenum,,,,"הצעת חוק פיקוח על מחירים, שיווק וסבסוד של מזון ללא גלוטן, התשפ""ג-2023",2023-07-19 21:42:00
5188d033-ccbf-44ff-964b-344afa3f4a54,odata:vote:39599,plenum,,,,"הצעת חוק לתיקון פקודת התעבורה (תשלום דמי חניה), התשפ""ג-2023",2023-07-19 10:09:00
22a7bca9-3daa-4044-8542-261a23b8222f,odata:vote:39598,plenum,,,,"הצעת חוק לתיקון פקודת התעבורה (תיקון - תשלום דמי חניה), התשפ""ג-2022",2023-07-19 10:08:00
4d9853b3-a096-4dd3-b226-c9fd965335f4,odata:vote:39632,plenum,,,,"הצעת חוק הפרות מינהליות, התשפ""ג-2023",2023-07-18 21:00:00
d7614500-9b4c-42e3-9741-f0a29254c9d3,odata:vote:39631,plenum,,,,"הצעת חוק הסיוע המשפטי (תיקון - סיוע משפטי לנפגעי עבירות) (הוראת שעה), התשפ""ג-2023",2023-07-18 21:00:00
ca212fb6-8b99-4a5a-8792-2f510f5715b8,odata:vote:39623,plenum,,,,הצעת חוק-יסוד: משאל עם (תיקון - חובת אישור החלת ריבונות במשאל עם),2023-07-18 21:00:00
ba16aa53-6a1e-4594-8f78-7659f82d013f,odata:vote:39625,plenum,,,,"הצעת חוק זכויות הסטודנט (תיקון - הרחקת סטודנטים תומכי טרור ממוסד לימוד ופירוק תאים תומכי טרור), התשפ""ג-2023",2023-07-18 21:00:00
5c4068e2-00bf-45d7-946e-96ed4b466a1b,odata:vote:39634,plenum,,,,הצעת חוק-יסוד: כבוד האדם וחירותו (תיקון - הזכות לשוויון),2023-07-18 21:00:00
0b12eef5-1cbd-4f0d-a5cf-cec6207864a9,odata:vote:39624,plenum,,,,"הצעת חוק השיפוט הצבאי (תיקון - משך תחולת החוק על מי שחדל מהיות חייל ועבר עבירת מין), התשפ""ג-2023",2023-07-18 21:00:00
a02d58fa-06f1-4240-9b1f-88c0f017a67a,odata:vote:39630,plenum,,,,"הצעת חוק למניעת אלימות במשפחה (תיקון - מניעת אלימות כלכלית) (הוראת שעה), התשפ""ג-2023",2023-07-18 21:00:00
8c53a7c2-facf-4c38-84e9-e4fac3951834,odata:vote:39629,plenum,,,,"הצעת חוק משק החשמל (תיקון - איסור ניתוק חשמל לצרכן ביתי), התשפ""ג-2023",2023-07-18 21:00:00
bd6532e1-36c1-465d-9f45-f6c934dd79b2,odata:vote:39595,plenum,,,,"הצעה להביע אי אמון בממשלה מטעם סיעות העבודה וישראל ביתנו בנושא: ""החרבת קשרי החוץ האסטרטגיים של ישראל עם ארה""ב ופגיעה בביטחון הלאומי""",2023-07-16 21:00:00
427f0e1e-5d93-476b-9598-e9ffdb86a092,odata:vote:39596,plenum,,,,"הצעה להביע אי אמון מטעם סיעת חד""ש-תע""ל בנושא: ""ממשלה שמובילה מדיניות המחזקת את הפשיעה המשתוללת בחברה הערבית""",2023-07-16 21:00:00
26d0d98d-cd01-48cf-8cf4-1358d4a4e226,odata:vote:39592,plenum,,,,"הצעה להביע אי אמון בממשלה מטעם סיעת יש עתיד בנושא: ""הממשלה הכושלת מקום המדינה שמובילה אותנו למשבר כלכלי, ביטחוני, מדיני, משפטי וחברתי""",2023-07-16 21:00:00
f9365876-3b52-4aab-b7f9-6f9cbee0b134,odata:vote:39594,plenum,,,,"הצעה להביע אי אמון בממשלה מטעם סיעת המחנה הממלכתי בנושא: ""ממשלה ישראל הורסת את מרקם היחסים עם ארצות הברית ופוגעת במעמד מדינת ישראל בעולם""",2023-07-16 21:00:00
ae4698b5-a0bd-4eed-a5b4-7321fc1fa61f,odata:vote:39589,plenum,,,,"הצעה לסדר היום בנושא: ""תכנית חירות להעלאת יהודי צרפת לישראל""",2023-07-12 17:02:00
39c89864-5cfb-4fdc-9903-8af902b4aee0,odata:vote:39587,plenum,,,,"הצעת חוק מבקר המדינה (תיקון מס' 50), התשפ''ג-2023",2023-07-12 16:34:00
f54c0389-d11b-419f-a081-c14b341f3497,odata:vote:39584,plenum,,,,"הצעת חוק שוויון ההזדמנויות בעבודה (תיקון - הארכת תקופת ההתיישנות), התשפ""ג-2023",2023-07-12 16:27:00
e0b29f21-e5a9-4adb-8926-9711189adebb,odata:vote:39582,plenum,,,,"הצעת חוק מיסוי תשלומים בתקופת בחירות (תיקון - הארכת תקופת הבחירות), התשפ""ג-2022",2023-07-12 16:07:00
57eab464-ae42-4ab5-89c0-49ef0e8b22f4,odata:vote:39583,plenum,,,,"הצעת חוק למניעת הטרדה מינית (תיקון - הרחבת תחולה על עובד של קבלן שירות המועסק אצל מזמין השירות), התשפ""ג-2023",2023-07-12 16:04:00
283cad36-7346-4ea1-b7e3-cdb229660f7e,odata:vote:39580,plenum,,,,"הצעת חוק העונשין (תיקון - הגדרת איום), התשפ""ג-2023",2023-07-12 15:45:00
957bef64-4b70-499e-8136-883f0b681232,odata:vote:39579,plenum,,,,"הצעת חוק המאבק בטרור (תיקון - פיצוי עונשי לנפגעי עבירה), התשפ""ג-2023",2023-07-12 15:34:00
f5d0787a-ee52-4208-9e64-a8c9fa1caf1c,odata:vote:39578,plenum,,,,"הצעת חוק שלילת תקציב ממוסדות חינוך המלמדים את תוכנית הלימוד הפלסטינית הכוללים הסתה לטרור (תיקוני חקיקה), התשפ""ג-2023",2023-07-12 15:16:00
bac5fec4-e38e-435c-b5ee-d7164f557003,odata:vote:39577,plenum,,,,"הצעת חוק הרבנות הראשית לישראל (תיקון - הרכב האסיפה הבוחרת), התשפ""ג-2023",2023-07-12 15:00:00
d7e192ba-8539-42af-a50b-4cd7dfdb8656,odata:vote:39575,plenum,,,,"הצעת חוק שוברים להשלמת לימודי בסיס בחינוך הבלתי פורמלי, התשפ""ג–2022",2023-07-12 14:32:00
cb25069a-66b0-4359-994a-3aad4472015f,odata:vote:39576,plenum,,,,"הצעת חוק שוברים להשלמת לימודי בסיס בחינוך הבלתי פורמלי, התשפ""ג-2023",2023-07-12 14:31:00
5607cc0e-baaf-4495-9b17-5e272d24fe69,odata:vote:39573,plenum,,,,"הצעת חוק לתיקון פקודת התעבורה (פטור מתשלום אגרה לתאגיד השידור לאדם עם מוגבלות בשמיעה), התשפ""ג-2023",2023-07-12 13:34:00
eb916a6a-d464-446b-ac31-ba0194fe0aa7,odata:vote:39572,plenum,,,,"הצעת חוק לתיקון פקודת מס הכנסה (ניכוי תשלומים לביטוח בריאות לעצמאים), התשפ״ג-2022",2023-07-12 13:08:00
f2b410d4-f773-4560-8217-3d9727887505,odata:vote:39571,plenum,,,,"הצעת חוק נפגעי תאונות דרכים (סיוע לבני משפחה) (תיקון - הרחבת הסיוע), התשפ""ג-2023",2023-07-12 12:35:00
a28a05bc-1829-41d0-b72f-d8118b51a637,odata:vote:39570,plenum,,,,"הצעת חוק הרבנות הראשית לישראל (תיקון - ייצוג הציבור באסיפה הבוחרת), התשפ""ג-2022",2023-07-12 12:14:00
cc977e22-b7ad-422f-bee0-dd7cdb911b6c,odata:vote:39569,plenum,,,,"הצעת חוק לקידום הנשים בישראל, התשפ""ג-2023",2023-07-12 11:45:00
cbfe7750-31ee-4e00-913a-2890f5dd6630,odata:vote:39567,plenum,,,,"הצעת חוק הביטוח הלאומי (תיקון - פטור מכפל תשלום דמי ביטוח לאומי), התשפ""ג-2022",2023-07-12 11:06:00
bb95daed-165f-4bfa-a7ff-4c256167330e,odata:vote:39560,plenum,,,,"הצעת חוק התכנון והבנייה (תיקון מס' 145), התשפ""ג-2023",2023-07-11 15:33:00
d56ae88c-d4b7-4e11-98e6-9f61560edd0b,odata:vote:39559,plenum,,,,"הצעת חוק חוזה הביטוח (תיקון מס' 12), התשפ""ג-2023",2023-07-11 15:26:00
5c6cbc9a-1490-47fd-bad8-d1553cb27864,odata:vote:39557,plenum,,,,"הצעת חוק ההוצאה לפועל (תיקון מס' 73), התשפ""ג-2023",2023-07-11 15:10:00
4e781b67-28b7-40d4-9977-2dab9f9f142d,odata:vote:39555,plenum,,,,"הצעת חוק ההוצאה לפועל (תיקון מס' 74), התשפ""ג-2023",2023-07-11 14:57:00
e6d473ce-9208-4deb-8f7e-b5f3a8077e18,odata:vote:39552,plenum,,,,"הצעת חוק מיסוי מקרקעין (שבח ורכישה) (תיקון מס' 103), התשפ""ג–2023",2023-07-11 14:43:00
f68c7c38-994e-43f8-aefa-3f2bd1d4f941,odata:vote:39551,plenum,,,,"הצעת חוק שירותי רווחה (זכויות נשים ששהו במקלט לנשים מוכות) (תיקון מס' 5) (הגדלת מענק ההסתגלות ושינוי מועד התשלום), התשפ""ג–2023",2023-07-11 14:34:00
d829ff9b-41c5-4def-a4f4-8ade78172d5a,odata:vote:39566,plenum,,,,הצעת חוק-יסוד: השפיטה (תיקון מס' 5) (עילת הסבירות),2023-07-11 09:10:00
278c57d0-0c6b-4db9-aec5-0f8ca3ebddde,odata:vote:39547,plenum,,,,"הצעת חוק לתיקון דיני הבחירות לרשויות המקומיות, התשפ""ג-2023",2023-07-10 22:26:00
cc2809fd-c951-41e1-b680-e23a9e6ac71b,odata:vote:39544,plenum,,,,"הצעת חוק שירות לאומי-אזרחי (תיקון מס' 5), התשפ""ג-2023",2023-07-10 22:16:00
7ccd547a-0bf1-42ac-abc3-83f4f507ccdc,odata:vote:39564,plenum,,,,"הצעת אי אמון מטעם סיעות ישראל ביתנו והעבודה בנושא: ""כישלון הממשלה בהתמודדות עם יוקר המחיה ופגיעה בכלכלה הישראלית""",2023-07-09 21:00:00
6fe5c7e7-3786-4bee-b9c6-544ab27a99d0,odata:vote:39565,plenum,,,,"הצעת אי אמון מטעם סיעת חד""ש-תע""ל בנושא: ""ממשלת התנחלויות פולשת""",2023-07-09 21:00:00
94676292-9358-492d-856c-837017059ffe,odata:vote:39563,plenum,,,,"הצעה להביע אי אמון בממשלה מטעם סיעת המחנה הממלכתי בנושא: ""ממשלת ישראל נגד ״סטארט אפ ניישן״: הממשלה חוזרת לרפורמה חד צדדית ופוגעת קשה בהייטק הישראלי""",2023-07-09 21:00:00
125cf577-3d4b-4701-b9dd-efd9d55a9f06,odata:vote:39562,plenum,,,,"הצעה להביע אי אמון בממשלה מטעם סיעת יש עתיד בנושא: ""ההחלטה החד צדדית של הקואליציה לקידום חוקי ההפיכה המשטרית""",2023-07-09 21:00:00
be415400-6b8f-4ceb-a755-c30958109019,odata:vote:39527,plenum,,,,"הצעת חוק הכניסה לישראל (הוראת שעה – נגיף הקורונה החדש), התשפ""ג-2023",2023-07-05 23:12:00
4613e0a0-0bcf-4a09-b301-e58990490305,odata:vote:39526,plenum,,,,"הצעת חוק אומנה לילדים (תיקון - אומנת חירום), התשפ""ג-2023",2023-07-05 23:04:00
daf326f3-4e06-4fbd-87b7-dd5aba6da5fd,odata:vote:39525,plenum,,,,"הצעת חוק אומנה לילדים (תיקון מס' 4) (אומנת חירום), התשפ""ג-2023",2023-07-05 23:03:00
e7cba3a3-e6c9-4b5c-a305-509fb4a1dbfd,odata:vote:39523,plenum,,,,"הצעת חוק הסדרת העיסוק במקצועות הבריאות (תיקון - טיפול באמצעות אמנויות), התשפ""ג-2023",2023-07-05 09:10:00
1e259ef5-5533-4635-831b-007a4683ceed,odata:vote:39519,plenum,,,,"הצעת חוק הסדרת העיסוק במקצועות הבריאות (תיקון - טיפול באמצעות אמנויות), התשפ""ג-2022",2023-07-05 09:08:00
550ceeed-3ef5-4c06-8325-2a9b3fed097b,odata:vote:39515,plenum,,,,"הצעת חוק הרשויות המקומיות (בחירות)(תיקון מס' 53), התשפ""ג-2023",2023-07-04 22:21:00
fba448a3-313a-45e0-8693-167757babf19,odata:vote:39536,plenum,,,,"הצעה לסדר היום בנושא: ""מצוקה אדירה במחלקות הפנימיות בבתי החולים בארץ""",2023-07-04 21:00:00
26e4698c-1f7e-4402-b9d4-e8f82a95a25a,odata:vote:39530,plenum,,,,"הצעת חוק הביטוח הלאומי (תיקון - השוואת זכויות אלמן ואלמנה), התשפ""ג-2023",2023-07-04 21:00:00
872bd956-ba41-4c21-8f05-1a71f4e66e41,odata:vote:39537,plenum,,,,"הצעת חוק לתיקון פקודת מס הכנסה (תיקון מס' 268), התשפ""ג-2023",2023-07-04 21:00:00
5241b939-e316-42a7-a357-36009072ec7f,odata:vote:39532,plenum,,,,"הצעת חוק התכנון והבנייה (תיקון - שומה מתוקנת מוסכמת), התשפ""ג-2022",2023-07-04 21:00:00
6feb054a-30c8-415c-980d-56ef3745878f,odata:vote:39531,plenum,,,,"הצעת חוק הנוער (שפיטה, ענישה ודרכי טיפול) (תיקון - מעצר ומאסר בעבירות טרור), התשפ""ג-2023",2023-07-04 21:00:00
20dd2f28-2f69-4f21-808b-98e4d4e67eb7,odata:vote:39534,plenum,,,,"הצעת חוק איסור פרסומת והגבלת השיווק של מוצרי טבק ועישון (תיקון - תמונה בדבר נזקי העישון), התשפ""ג-2023",2023-07-04 21:00:00
9b96cd89-752d-4973-bcb9-cde95f810023,odata:vote:39539,plenum,,,,"הצעת חוק הביטוח הלאומי (תיקון - ביטוח שאירים לאלמן), התשפ""ג-2023",2023-07-04 21:00:00
daca3faa-75b5-4a89-a3ca-1dad69e07987,odata:vote:39535,plenum,,,,"הצעת חוק איסור פרסומת והגבלת השיווק של מוצרי טבק ועישון (תיקון - איסור על ייצור ושיווק של מוצר עישון בטעם או בריח מובחן), התשפ""ג-2023",2023-07-04 21:00:00
270cd054-c8a3-43b0-b6e6-a1e840669ed4,odata:vote:39529,plenum,,,,"הצעת חוק תאגידי מים וביוב (תיקון - הפעלת שירותי מים וביוב על ידי רשות מקומית), התשפ""ג-2023",2023-07-04 21:00:00
ef901fe1-5402-4a93-8301-54200945dcf8,odata:vote:39482,plenum,,,,"הצעת ועדת הכנסת להעברה מוועדה לוועדה - הצעת חוק העונשין (תיקון - הגדרת איום), התשפ""ג-2023",2023-07-04 02:46:00
f7a23638-0b66-473c-93b3-d6904bceb478,odata:vote:39483,plenum,,,,"החלטה על החלת דין רציפות על הצעת חוק למניעת אלימות במשפחה (פיקוח טכנולוגי להבטחת קיומו של צו הגנה, והערכת מסוכנות- הוראת שעה",2023-07-04 02:44:00
3501b1e0-ca5b-4291-9c36-566844ce414e,odata:vote:39480,plenum,,,,"הצעת חוק זכויות לאנשים עם מוגבלות המועסקים כמשתקמים, התשפ""ג - 2023",2023-07-04 02:42:00
a3220697-3db2-4f79-bf94-b27a65a87371,odata:vote:39481,plenum,,,,"הצעת חוק הרבנות הראשית לישראל (הארכת כהונה של הרבנים הראשיים לישראל ושל חברי מועצת הרבנות הראשית לישראל) (הוראת שעה), התשפ""ג-2023",2023-07-04 02:39:00
21d915bb-6db3-4091-bb97-54ff69d5f760,odata:vote:39487,plenum,,,,"הצעה להביע אי אמון בממשלה מטעם סיעת יש עתיד בנושא: ""הממשלה הכושלת מקום המדינה שפוגעת בנשים ובזכויותיהן""",2023-07-02 21:00:00
ef8df891-94e7-4f9d-aac2-a9a9a353983b,odata:vote:39491,plenum,,,,"הצעה להביע אי אמון בממשלה מטעם סיעת המחנה הממלכתי בנושא: ""חזרה חד צדדית לקידום הרפורמה במערכת המשפט""",2023-07-02 21:00:00
2b78826c-75b5-4d3d-9a3d-13f5dfc80eb2,odata:vote:39437,plenum,,,,"החלטת הממשלה בדבר רצונה להחיל דין רציפות על הצעת חוק הטיס (תיקון מס' 4), התשפ""ב-2022",2023-06-28 14:04:00
3c7b342d-7c5c-446c-916a-33d9588ca30e,odata:vote:39435,plenum,,,,"החלטת הממשלה בדבר רצונה להחיל דין רציפות על הצעת חוק הטיס (תיקון מס' 3), התשפ""ב-2021",2023-06-28 14:03:00
0c602251-d71b-4a0a-8f92-4d056d788f7b,odata:vote:39436,plenum,,,,"הצעה רגילה לסדר בנושא: ""תושבי מודיעין עילית, העיר היחידה עם כניסה יחידה, נצורים לעיתים תכופות או תקועים שעות בפקק בדרך לעיר""",2023-06-28 14:02:00
ef0bcc4a-2969-4ccb-9070-ff9d35ba53a3,odata:vote:39434,plenum,,,,"הצעה לסדר היום בנושא: ""מעל 20 ילדים נשכחו ומעל 900 ילדים ננעלו ברכב וחולצו מתחילת שנת 2023""",2023-06-28 13:38:00
0a5cef86-7c43-456d-93e6-1e885d08b724,odata:vote:39433,plenum,,,,"הצעת חוק הסיוע הניתן מטעם המדינה לסטודנטים במוסדות להשכלה גבוהה, התשפ""ג-2023",2023-06-28 12:32:00
c0df966c-0db9-45ad-b524-a024731ff3c6,odata:vote:39432,plenum,,,,"הצעת חוק הגנה על עיתונאים (תיקוני חקיקה), התשפ""ג-2023",2023-06-28 12:04:00
49cdf43d-5afd-478f-821b-b79aec46a6e2,odata:vote:39430,plenum,,,,"הצעת חוק הרשויות המקומיות (מימון בחירות) (תיקון - איסור קבלת תרומות מיישוב שיתופי), התשפ""ג-2023",2023-06-28 11:05:00
e68f87a5-6c8d-48c8-a0aa-b088fff6e87f,odata:vote:39429,plenum,,,,"הצעת חוק הפרשנות (תיקון - הגדרת הפליה על רקע זהות מגדרית, נטייה מינית או אמונה דתית), התשפ""ג-2023",2023-06-28 10:51:00
57dc7a32-2a2f-4103-b7fd-2cd28265b4ce,odata:vote:39428,plenum,,,,"הצעת חוק שירותי הדת היהודיים (בחירות רבני עיר, רבנים אזוריים, רבני יישוב ורבני שכונות), התשפ""ג-2023",2023-06-28 10:23:00
197f21c5-6e5a-4290-8851-3d10440b62bf,odata:vote:39427,plenum,,,,"הצעת חוק אימוץ ילדים (תיקון - איסור הפרדה בין אחים בהליך אימוץ), התשפ""ג-2023",2023-06-28 09:57:00
fbcb9e97-6c6f-4fa6-b4e4-009df0e324a6,odata:vote:39425,plenum,,,,"הצעת חוק התכנון והבנייה (תיקון - דחיית תשלום היטל השבחה אגב גירושין), התשפ""ג-2022",2023-06-28 09:38:00
ab5f4eb5-61c6-4932-b2f2-afa48ae85de4,odata:vote:39426,plenum,,,,"הצעת חוק התכנון והבנייה (תיקון - דחיית תשלום היטל השבחה אגב גירושין), התשפ""ג-2023",2023-06-28 09:37:00
a5102ec7-e201-4993-9564-399c8079d7d4,odata:vote:39424,plenum,,,,"הצעת חוק הגנת הצרכן (תיקון מס' 68) (שירות טלפוני לביטול עסקה עם חברת תעופה), התשפ""ג–2023",2023-06-27 15:09:00
76de88dc-ddbd-47db-89d3-fb0ca92a1835,odata:vote:39423,plenum,,,,"הצעת חוק לתיקון פקודת המועצות המקומיות (מס' 79) (אחוז החסימה בבחירות לוועד מקומי), התשפ""ג–2023",2023-06-27 15:03:00
a330821f-4e44-4b11-abbe-281d76b72a8c,odata:vote:39422,plenum,,,,"הצעת חוק העונשין (תיקון מס' 149) (הוספת עבירה של גביית דמי חסות), התשפ""ג–2023",2023-06-27 14:53:00
1cefcb94-9aa9-4b2f-8fef-fbd379c9d65d,odata:vote:39419,plenum,,,,"הצעת חוק ההתייעלות הכלכלית (תיקוני חקיקה להשגת יעדי התקציב לשנות התקציב 2017 ו-2018) (תיקון מס' 9), התשפ""ג-2023",2023-06-27 14:41:00
12917d23-a38f-45cf-a70b-bbf75a8b3abb,odata:vote:39416,plenum,,,,"הצעת חוק לייעול האכיפה והפיקוח העירוניים ברשויות המקומיות (הוראת שעה) (תיקון מס' 10), התשפ""ג-2023",2023-06-26 19:42:00
c5dad23f-0eb9-478f-8d27-8c5b3f4501ea,odata:vote:39414,plenum,,,,"צו הכללת אמצעי זיהוי ביומטריים ונתוני זיהוי ביומטריים במסמכי זיהוי ובמאגר מידע (תיקון והוראת שעה) (הארכת מועד), התשפ""ג–2023",2023-06-26 19:36:00
3d64bd61-850c-46e7-ab40-6042e44a3660,odata:vote:39412,plenum,,,,"הצעת חוק הגנת הצרכן (תיקון - הפרה בנסיבות מחמירות), התשפ""ג-2023",2023-06-26 19:31:00
d384cda4-4028-49ce-b878-15e9ecde1bb1,odata:vote:39413,plenum,,,,"הצעת חוק הגנת הצרכן (תיקון מס' 67) (הפרה בנסיבות מחמירות), התשפ""ג-2023",2023-06-26 19:30:00
4e63c384-cb70-47ce-ab7b-6262f35176fc,odata:vote:39411,plenum,,,,"הצעת חוק שירות אזרחי (תיקון מס' 5), התשפ""ג-2023",2023-06-26 19:22:00
f6c41b09-62e0-4bdd-958c-c0efc55a1530,odata:vote:39410,plenum,,,,"הצעת חוק ארגון הפיקוח על העבודה (תיקון מס' 13), התשפ""ג-2023",2023-06-26 19:09:00
15fae907-72dc-492c-99aa-046734ed72d0,odata:vote:39409,plenum,,,,"הצעת חוק הרשויות המקומיות (בחירות) (תיקון מס' 54) (הזכות להיבחר), התשפ""ג-2023",2023-06-26 18:07:00
21997091-2b80-4e12-bd30-3f3c512652ed,odata:vote:39417,plenum,,,,"""סיכון צבא העם"" – דיון בהשתתפות ראש הממשלה על פי בקשתם של 40 חברי כנסת",2023-06-25 21:00:00
71d19f5f-94c7-42d2-b473-0f190d14ee54,odata:vote:39407,plenum,,,,"הצעה לסדר היום בנושא: ""בצל יוקר המחיה: קריסת בעלי עסקים בינוניים וקטנים כתוצאה מרצף העלאות הריבית""",2023-06-21 11:45:00
e86adae3-f74d-49f4-87b2-39493a8699ad,odata:vote:39406,plenum,,,,"הצעה לסדר היום בנושא: ""השלמת חוסרי קופה ממשכורות הקופאיות""",2023-06-21 11:21:00
fcf8c40c-3a9d-46c6-8f43-154668f5ef1b,odata:vote:39405,plenum,,,,"הצעת חוק סדר הדין הפלילי (סמכויות אכיפה - מעצרים) (תיקון - החמרת תנאי שחרור בערובה), התשפ""ג-2023",2023-06-21 10:47:00
91196ae2-8a77-443d-96fe-5d264e909aa3,odata:vote:39403,plenum,,,,"הצעת חוק איסור טיפול המרה לקטין, התשפ""ג-2023",2023-06-21 10:22:00
9ea06165-a69b-465a-bc44-1bd0fbf1cb63,odata:vote:39402,plenum,,,,"הצעת חוק הבחירות לכנסת (תיקון - הצבעת אנשי צוות אוויר), התשפ""ג-2022",2023-06-21 09:44:00
0cd42aab-56ea-41fd-8e4b-a1d49e1cad6d,odata:vote:39401,plenum,,,,"הצעת חוק הנכים (תגמולים ושיקום) (תיקון - הגבלת שכר טרחת עורך דין), התשפ""ג-2023",2023-06-21 09:21:00
0762f35a-74a5-4a44-8392-8eac4056977f,odata:vote:39400,plenum,,,,"הצעת חוק תאגידי מים וביוב (תיקון מס' 15), התשפ""ג–2023",2023-06-20 15:59:00
714bfe0e-dd1b-45ec-a831-47d6490e2e5c,odata:vote:39398,plenum,,,,"הצעת חוק חוזה הביטוח (תיקון מס' 13) (שינוי מוטב בלתי חוזר בביטוח חיים אגב הלוואה לדיור), התשפ""ג-2023",2023-06-20 15:48:00
73ffc7e5-628a-46b0-96e5-b7f28a8a8222,odata:vote:39397,plenum,,,,"הצעת חוק ההוצאה לפועל (תיקון מס' 74) (הגבלת האפשרות לצוות על עיכוב יציאה מהארץ בשל חוב כספי נמוך), התשפ""ג-2023 (פ/1557/25)",2023-06-20 15:26:00
e2e70007-1118-4ee7-8dfb-b9121fc2850d,odata:vote:39392,plenum,,,,"הצעת חוק טיפול בחולי נפש (תיקון מס' 12), התשפ""ג-2023",2023-06-19 18:57:00
bec770d6-a605-46ab-b339-c81d36cec00c,odata:vote:39391,plenum,,,,"הצעת חוק התחרות הכלכלית (תיקון מס' 23 והוראת שעה), התשפ""ג-2023",2023-06-19 18:51:00
01608db6-84ae-4bdd-9c6f-3a9ee41d180e,odata:vote:39388,plenum,,,,"הצעת חוק תובענות ייצוגיות (תיקון מס' 15), התשפ""ג-2023",2023-06-19 18:43:00
0e3159df-5bb9-447f-90c1-5e9c8efbe15d,odata:vote:39387,plenum,,,,"הצעת חוק הרבנות הראשית לישראל (הארכת כהונה של הרבנים הראשיים לישראל והארכת כהונה של חברי מועצת הרבנות הראשית לישראל) (הוראת שעה), התשפ""ג-2023",2023-06-19 18:15:00
bcce250d-e26e-4345-a37f-07c83cf9bef3,odata:vote:39394,plenum,,,,"הצעה להביע אי אמון בממשלה מטעם סיעת יש עתיד בנושא: ""ראש ממשלה חלש  שלא שולט בקואליציה שלו ובכך מוביל להמשך הקרע בעם והרס הדמוקרטיה""",2023-06-18 21:00:00
7a81b157-d30a-411f-a5b5-4ae50563db28,odata:vote:39395,plenum,,,,"הצעה להביע אי אמון בממשלה מטעם סיעת המחנה הממלכתי בנושא: ""ממשלה שמרסקת את מערכת החינוך ופוגעת בתלמידי ישראל""",2023-06-18 21:00:00
71c672a5-aa53-4369-9579-feb535c2eaa0,odata:vote:39380,plenum,,,,"הצעה רגילה לסדר בנושא: ""מחירים מופקעים במוצרי צריכה בסיסיים בבתי הכלא""",2023-06-14 18:18:00
2c9e13bd-93dc-4927-9a45-c17b06d6a889,odata:vote:39379,plenum,,,,"הצעה לסדר היום בנושא: ""מצב חירום: פשיעה ואלימות בחברה הערבית""",2023-06-14 17:56:00
34dc0809-7c51-493a-af47-96e2aa0e9d27,odata:vote:39378,plenum,,,,"הצעה לסדר היום בנושא: ""הקטל בכבישים: עשרות פצועים ושני הרוגים כתוצאה מרצף תאונות דרכים שאירעו במהלך סוף השבוע""",2023-06-14 17:29:00
036078eb-503f-444e-81dd-29d653a73803,odata:vote:39377,plenum,,,,"הצעה לסדר היום בנושא: ""השתלטות הרשות הפלסטינית על השטחים הפתוחים ביהודה ושומרון - האסטרטגיה הפלסטינית והמענה הישראלי אליה""",2023-06-14 17:04:00
b59bd273-add1-4315-ad4f-b23fac6f5c2e,odata:vote:39376,plenum,,,,"הצעה לסדר היום בנושא: ""התערבות זרה בתוך החברה הישראלית והענקת פרס למייצגי מחבלים""",2023-06-14 16:32:00
a759a389-962d-4c94-accd-27c29de28cb4,odata:vote:39375,plenum,,,,"הצעת חוק הפיקוח על שירותים פיננסיים (קופות גמל) (תיקון - שלילת זכאות לקצבאות ולפיצויי פיטורים עקב ביצוע פעילות טרור), התשפ""ג-2023",2023-06-14 16:25:00
a39a4549-1d57-482c-9280-39eccb735ec4,odata:vote:39374,plenum,,,,"הצעת חוק לתיקון פקודת התעבורה (סימון מקום חניה לרכב חשמלי), התשפ""ג-2023",2023-06-14 16:16:00
d888109d-0fd2-42f7-9de4-7b08bca5b274,odata:vote:39373,plenum,,,,"הצעת חוק לתיקון פקודת סדר הדין הפלילי (מעצר וחיפוש) (שלילת הסכמה כהיתר לחיפוש בחומר מחשב), התשפ""ג-2023",2023-06-14 16:05:00
49f5b2c8-faaf-450d-8a10-7b1152d80e28,odata:vote:39371,plenum,,,,"הצעת חוק מגבלות על חזרתו של מורשע במעשה טרור לסביבת נפגעי העבירה, התשפ""ג-2023",2023-06-14 15:53:00
1a4c1cb5-b383-4277-8c57-c24601e2c6ef,odata:vote:39369,plenum,,,,"הצעת חוק הרשויות המקומיות (מימון בחירות) (תיקון - עידוד התמודדות נשים לראשות רשות מקומית או מועצה אזורית), התשפ""ג-2023",2023-06-14 15:26:00
ed293e5d-ce15-4416-9261-75c5ac305b75,odata:vote:39368,plenum,,,,"הצעת חוק לקידום שירותים פיננסיים חברתיים (תיקוני חקיקה), התשפ""ג-2022",2023-06-14 15:01:00
48838444-05e3-4fd0-8a46-192ba01d5dbe,odata:vote:39367,plenum,,,,"הצעת חוק העונשין (תיקון - קנס על החזקת נשק בלתי חוקי), התשפ""ג-2023",2023-06-14 14:39:00
51a14e34-36e5-4f1c-9f71-253cb8da63f8,odata:vote:39365,plenum,,,,"הצעת חוק מאבק בארגוני פשיעה (תיקון - הרחבת הנסיבה המחמירה לזיקה בארגון פשיעה), התשפ""ג-2023",2023-06-14 14:13:00
d441b4f1-3233-4e07-94cf-d73f41dbf422,odata:vote:39366,plenum,,,,"הצעת חוק מאבק בארגוני פשיעה (תיקון - הרחבת הנסיבה המחמירה לזיקה לארגון פשיעה), התשפ""ג-2023",2023-06-14 14:12:00
7c7877c5-712c-4fa3-bb36-029c47d3598f,odata:vote:39363,plenum,,,,"הצעת חוק העונשין (תיקון - הרחבת הגדרת הגזענות), התשפ""ג-2023",2023-06-14 13:37:00
e1fa5d21-17b3-46f1-bc91-be487269f640,odata:vote:39364,plenum,,,,"הצעת חוק העונשין (תיקון - הרחבת הגדרת הגזענות), התשפ""ג-2022",2023-06-14 13:36:00
041849df-954f-429b-9ffe-fa40529621f4,odata:vote:39362,plenum,,,,"הצעת חוק המרכז לגביית קנסות, אגרות והוצאות (תיקון - פיצויים שהוטלו על ידי בית משפט צבאי), התשפ""ג-2023",2023-06-14 12:47:00
59cb8e70-ab89-4a91-b72a-b7af97eefcaf,odata:vote:39386,plenum,,,,בחירת נציגי הכנסת לוועדות מינויים לנושאי משרה שיפוטית,2023-06-14 10:31:00
cc25c4c0-24cd-4802-9b9e-c39667736ab3,odata:vote:39358,plenum,,,,"הצעת ועדת הכנסת להעברה מוועדה לוועדה - הצעת חוק לביטול ההתיישנות בעבירות מין במשפחה (תיקוני חקיקה), התשפ""ג-2023",2023-06-12 22:10:00
cb13f1c4-4da7-4576-804b-c3da9b3772f1,odata:vote:39356,plenum,,,,"החלטת ועדת הכנסת על רצונה להחיל דין רציפות עלהצעת חוק הכנסת (תיקון מס' 51) (תשלומים עבור עובדי הסיעות), התשפ""ב–2022",2023-06-12 22:07:00
e9117640-cc5c-4740-8647-683fd0121b8a,odata:vote:39357,plenum,,,,"החלטת הוועדה המיוחדת לזכויות הילד על רצונה להחיל דין רציפות על הצעת חוק עבודת הנוער (תיקון מס' 21), התשפ""ב-2022 (פ/2228/24)",2023-06-12 22:06:00
885a8dd5-280b-42e1-aab6-e684f1590614,odata:vote:39346,plenum,,,,"הצעת חוק הדרכונים (תיקון מס' 10), התשפ""ג-2023",2023-06-12 22:03:00
f9d7154c-0329-4a32-b0ea-a2c7b01b49a4,odata:vote:39339,plenum,,,,החלטת הממשלה בדבר העברת סמכות משר המשפטים לשר עמיחו אליהו,2023-06-12 18:25:00
27484519-c7d0-4782-8fc2-579d289b8ac3,odata:vote:39338,plenum,,,,"הצעה להביע אי אמון בממשלה מטעם סיעת המחנה הממלכתי בנושא: ""כישלון השר בן גביר בהתמודדות עם אלימות ופשיעה בחברה הערבית""",2023-06-12 15:41:00
32e5e265-0504-49b9-8922-e448ad9292ed,odata:vote:39359,plenum,,,,"הצעה להביע אי אמון בממשלה מטעם סיעת יש עתיד בנושא: ""ממשלת ישראל מטעה ומשקרת את הציבור הישראלי באופן קבוע ובכל נושא""",2023-06-12 15:10:00
0a77aa6b-9bf3-47df-ae61-2d571c66118e,odata:vote:39335,plenum,,,,"הצעה לסדר היום בנושא: ""מחסומים ביהודה ושומרון""",2023-06-07 15:10:00
0f5aed70-7707-487c-9821-2ca818d3de72,odata:vote:39334,plenum,,,,"הצעה לסדר היום בנושא: ""הפסקות חשמל בערב שבת ברחבי הארץ""",2023-06-07 14:49:00
dda01411-beb7-4336-a45b-87b51b966dee,odata:vote:39333,plenum,,,,"הצעת חוק מבקר המדינה (תיקון מס' 50) (הגנה על חושפי שחיתויות במשטרת ישראל ובשירות בתי הסוהר), התשפ''ג-2023",2023-06-07 14:30:00
5ecfb07d-2fdd-428a-b95e-4aa2a659a36b,odata:vote:39331,plenum,,,,"הצעת חוק ההתיישנות (תיקון - הרחבת הגדרת בן משפחה לעניין תקופת ההתיישנות של תביעה בשל תקיפה מינית או התעללות), התשפ""ג-2023",2023-06-07 14:25:00
5ee086b3-79af-497a-b1b5-42ad513caaa2,odata:vote:39330,plenum,,,,"הצעת חוק איסור הלבנת הון (תיקון - איסור גביית דמי שמירה בלא רישיון), התשפ""ג-2022",2023-06-07 14:11:00
9e28fbba-f753-41fc-ab9b-0ebbfd5d6db0,odata:vote:39326,plenum,,,,"הצעת חוק שירות המדינה (מינויים) (תיקון - העדפה מתקנת למשרתים), התשפ""ג-2022",2023-06-07 13:40:00
f2240e15-137a-4327-9734-807a56dcc34f,odata:vote:39325,plenum,,,,"הצעת חוק שירות המדינה (מינויים) (תיקון - מתן העדפה למשרתים בהעדפה מתקנת), התשפ""ג-2023",2023-06-07 13:40:00
c7d818af-7d73-46bb-b550-61eb9cb7fbc8,odata:vote:39324,plenum,,,,"הצעת חוק הבנקאות (שירות ללקוח) (תיקון - שינוי או סיום תוכנית הטבות בנקאית), התשפ""ג-2023",2023-06-07 13:18:00
49c1b1e3-029d-41c9-9e7a-65bac128a737,odata:vote:39323,plenum,,,,"הצעת חוק לתיקון פקודת האגודות השיתופיות (מספר בתי אב ביישוב קהילתי), התשפ""ג-2023",2023-06-07 13:00:00
efbc69fa-6130-43e9-834e-8dbe81b77939,odata:vote:39322,plenum,,,,"הצעת חוק להנצחת הרב עובדיה יוסף (ציון זכרו ופועלו), התשפ""ג-2022",2023-06-07 12:38:00
e69e5f59-99e4-4231-851e-d9945033de32,odata:vote:39321,plenum,,,,"הצעת חוק הרשויות המקומיות (בחירות) (תיקון - הזכות להיבחר), התשפ""ג-2023",2023-06-07 12:17:00
cde5b41f-82a1-47c1-bc07-ca4334836ec3,odata:vote:39320,plenum,,,,"הצעת חוק מס ערך מוסף (תיקון - תשלום המס במתן שירותי כוח אדם ועבודות בנייה), התשפ""ג-2023",2023-06-07 11:48:00
0ff33b35-7a04-47b4-abfe-431bb9d770dc,odata:vote:39319,plenum,,,,"הצעת חוק להקמת אוניברסיטה במחוז הצפון, התשפ""ג-2023",2023-06-07 11:11:00
4c972399-b94e-4888-a524-a3c435a842de,odata:vote:39317,plenum,,,,"הצעת חוק נישואין וגירושין, התשפ""ג-2022",2023-06-07 10:05:00
a3ed334b-f550-454e-afe5-300bf6c084ea,odata:vote:39312,plenum,,,,"הצעת חוק הדיור הציבורי (זכויות רכישה) (תיקון - הארכת תוקף), התשפ""ג-2022",2023-06-07 09:37:00
791827a4-32c3-4771-a48a-0f208d245541,odata:vote:39314,plenum,,,,"הצעת חוק הדיור הציבורי (זכויות רכישה) (תיקון - הארכת תוקף), התשפ""ג-2023",2023-06-07 09:36:00
31727ff7-1086-48eb-8ee7-9f269600d0d3,odata:vote:39313,plenum,,,,"הצעת חוק הדיור הציבורי (זכויות רכישה) (תיקון - הארכת תוקף והוספת תבחינים לרכישת הדירה), התשפ""ג-2023",2023-06-07 09:36:00
29c91a9d-5c50-48e9-9fba-d0c4740419ab,odata:vote:39310,plenum,,,,"הצעת חוק התכנון והבנייה (תיקון מס' 142) (דיון בהחלטות ועדות משנה), התשפ""ג-2023",2023-06-06 14:11:00
430088d4-8832-4d41-85d3-dbbae09a3028,odata:vote:39309,plenum,,,,"הצעת חוק מיסוי מקרקעין (שבח ורכישה) (תיקון מס' 101) (רכישת דירה עבור ילד יתום מאחד מהוריו), התשפ""ג–2023",2023-06-06 14:06:00
ab33f437-7156-4e95-87c0-69159493ec59,odata:vote:39303,plenum,,,,"הצעת חוק הגדלת נקודות זיכוי להורים במס הכנסה והרחבת מענק עבודה, התשפ""ג-2023",2023-06-05 19:59:00
34080f85-c5d4-46a9-b240-aa7126227771,odata:vote:39301,plenum,,,,"הצעת חוק רשות התעופה האזרחית (תיקון מס' 4) (אישור בדבר כשירות אווירית לכלי טיס של צבא זר), התשפ""ג-2023",2023-06-05 19:51:00
482bfe5a-fad5-4469-84ea-6ee4a46250fb,odata:vote:39300,plenum,,,,"הצעת חוק להסדרת הצבה של כוורות וייצור דבש, התשפ""ג-2023",2023-06-05 19:44:00
a97def3a-60f3-4992-b896-cef3d08aa548,odata:vote:39299,plenum,,,,"הצעת חוק הצלילה הספורטיבית (תיקון מס' 4) (צלילת היכרות), התשפ""ג-2023",2023-06-05 19:38:00
56e61217-2eda-47ea-a34c-96947a42d06a,odata:vote:39298,plenum,,,,"הצעת חוק בתי דין רבניים (קיום פסקי דין של גירושין) (תיקון מס' 10), התשפ""ג-2023",2023-06-05 19:31:00
30e452da-8517-4181-ba68-40886290daf0,odata:vote:39304,plenum,,,,"הצעה להביע אי אמון בממשלה מטעם סיעת יש עתיד בנושא: ""הממשלה הכושלת מקום המדינה שמובילה אותנו למשבר כלכלי וחברתי""",2023-06-04 21:00:00
e6a4a498-ab71-4ab1-b8f7-76f0d93358da,odata:vote:39305,plenum,,,,"הצעה להביע אי אמון בממשלה מטעם סיעת המחנה הממלכתי בנושא: ""ממשלת ""הכל עולה"" – הריבית, שיעור האינפלציה ומחירי המזון המפוקח״",2023-06-04 21:00:00
71eeaf85-0c1b-49dd-a308-be34c13322be,odata:vote:39307,plenum,,,,החלטת הממשלה בדבר העברת סמכות משר המשפטים לשר לשירותי דת,2023-06-04 21:00:00
1e7a0ec6-e2db-4322-8e09-386f5e8e3f62,odata:vote:39296,plenum,,,,"ההסתה כנגד ציבור הימין בכלל, והציבור החרדי בפרט",2023-05-31 14:08:00
dc6fe012-c4bf-42b9-94d2-9453cdf2eeab,odata:vote:39295,plenum,,,,"הצעה לסדר היום בנושא: ""כשלי מח""ש בחקירת מותו של אהוביה סנדק ז""ל""",2023-05-31 13:57:00
13eaa282-3b3d-4e3b-8ba9-38b7cb3cd1e7,odata:vote:39294,plenum,,,,ביטול דרישת מבחני כניסה וציון פסיכומטרי,2023-05-31 13:35:00
6f543eb8-10d5-41df-ae00-5b63c3deeb98,odata:vote:39293,plenum,,,,"הצעה לסדר היום בנושא: ""כשלים חמורים בהנגשת שירותי ממשל לאנשים עם מוגבלות ולציבור שאינו משתמש במדיה הדיגיטלית""",2023-05-31 13:27:00
73462aff-40b8-411b-8438-a75f770203ce,odata:vote:39292,plenum,,,,"הצעת חוק למניעת העסקה במוסדות מסוימים של מי שהורשע או הואשם באלימות כלפי ילדים וחסרי ישע, התשפ""ג-2023",2023-05-31 13:02:00
b9facadd-14df-42e5-a0fa-3f53ad197941,odata:vote:39291,plenum,,,,"הצעת חוק הקמת מאגר מידע גנטי של כלבים, התשפ""ג-2022",2023-05-31 12:49:00
1c4a0eba-c781-4bfb-aca6-68ca74ef5aea,odata:vote:39290,plenum,,,,"הצעת חוק הקמת מאגר מידע גנטי של כלבים, התשפ""ג-2023",2023-05-31 12:48:00
9778753b-dc93-4db7-bc72-d5c6437e4359,odata:vote:39289,plenum,,,,"הצעת חוק קידום התחרות בענף המזון (תיקון - החלת החוק על ענף מוצרי הצריכה), התשפ""ג-2023",2023-05-31 12:37:00
410aa167-851c-4785-a883-34fc42a29346,odata:vote:39288,plenum,,,,"הצעת חוק חובת לימודי ליבה וביטול מוסדות הפטור (תיקוני חקיקה), התשפ""ג-2023",2023-05-31 12:16:00
123cac90-6b58-4925-8299-29b5ae82cd58,odata:vote:39285,plenum,,,,"הצעת חוק שיקים ללא כיסוי (תיקון - הקלות בהגבלת חשבון), התשפ""ג-2023",2023-05-31 11:42:00
392c5d1a-0b8a-4d8a-b519-c3cd4ec2a177,odata:vote:39284,plenum,,,,"הצעת חוק הקמת חדרי מיון בשדרות ובקריית שמונה, התשפ""ג-2023",2023-05-31 11:30:00
f888ada7-32ac-4a2b-8c09-c27f7007584e,odata:vote:39282,plenum,,,,"הצעת חוק אסדרת שוק הקנאביס לצריכה עצמית, התשפ""ג-2022",2023-05-31 11:06:00
2b17231b-d7d4-4640-9e41-c0778f9cf750,odata:vote:39279,plenum,,,,"הצעת חוק חינוך ממלכתי (תיקון - איסור תמיכה בטרור), תשפ""ג-2023",2023-05-31 10:06:00
6949fc42-e54b-4154-aef5-5aaf8d88f6e4,odata:vote:39278,plenum,,,,"הצעת חוק פיקוח על בתי ספר (תיקון - איסור העסקת מורשעי ותומכי טרור ופיקוח על תכני הלימוד למניעת הסתה), התשפ""ג-2023",2023-05-31 09:46:00
1c2c04c2-3440-4b67-b5bc-5599c0a48d50,odata:vote:39277,plenum,,,,"הצעת חוק הכרה ברישיונות מקצועיים על בסיס הנחיות האיחוד האירופי (תיקוני חקיקה), התשפ""ג-2023",2023-05-31 09:17:00
8bfb18d2-2e7d-484a-87a6-61583d2e91bc,odata:vote:39276,plenum,,,,"הצעת חוק סדר הדין הפלילי (סמכויות אכיפה - מעצרים) (תיקון - מעצר עד תום ההליכים בגין עבירה של החזקת נשק שלא כדין), התשפ""ג-2023",2023-05-31 09:00:00
f3b3b686-8b67-4a52-ad74-bae81c7bcc4d,odata:vote:39272,plenum,,,,"הצעת חוק יום לציון אירועי הפרהוד, התשפ""ג-2022",2023-05-30 13:33:00
2006bccc-cfa5-4624-b773-1225eaa3d84d,odata:vote:39266,plenum,,,,"החלטת ועדת הכנסת להעברה מוועדה לוועדה - הצעת חוק שימוש בזרע של נפטר לשם הולדה, התשפ""ג-2023",2023-05-29 21:31:00
ac2bc21c-b896-45e7-81c8-64d39f0da74a,odata:vote:39261,plenum,,,,"החלטת הוועדה המיוחדת לזכויות הילד על רצונה להחיל דין רציפות הצעת חוק עבודת הנוער (תיקון מס' 21), התשפ""ב-2022",2023-05-29 21:22:00
23c16ebe-28a4-4e97-ad77-fa85ae352144,odata:vote:39259,plenum,,,,"הצעת חוק המקרקעין (תיקון מס' 36), התשפ""ג–2023",2023-05-29 21:11:00
535c9db6-3d58-4aca-849c-0fec2a965e35,odata:vote:39258,plenum,,,,"הצעת חוק בתי המשפט (תיקון מס' 106) (שופט עמית), התשפ""ג-2023",2023-05-29 21:05:00
279b9e2e-909a-450d-aead-169b8b00d06e,odata:vote:39270,plenum,,,,החלטת הממשלה בדבר העברת סמכויות משר המשפטים לשר במשרד המשפטים,2023-05-28 21:00:00
ef144c96-2282-47f1-a96c-0dd5d2de1c46,odata:vote:39269,plenum,,,,"""הידרדרות בביטחון האישי ואוזלת ידה של הממשלה למול הכפלת מקרי הרצח בדגש על מקרי הרצח בחברה הערבית"" – דיון בהשתתפות ראש הממשלה על פי בקשתם של 40 חברי כנסת",2023-05-28 21:00:00
c9102f66-885b-4fe8-b989-501fa2baf0f5,odata:vote:39240,plenum,,,,"הצעת חוק התקציב לשנת הכספים 2024, התשפ""ג-2023",2023-05-24 03:04:00
0125b11c-8660-461e-a9d5-62b24d6d1f47,odata:vote:39252,plenum,,,,"הצעת חוק התוכנית הכלכלית (תיקוני חקיקה ליישום המדיניות הכלכלית לשנות התקציב 2023 ו-2024), התשפ""ג-2023",2023-05-24 01:10:00
cdeae919-3b34-426a-935f-d01eac053677,odata:vote:39004,plenum,,,,"הצעת חוק ההתייעלות הכלכלית (תיקוני חקיקה להשגת יעדי התקציב לשנות התקציב 2023 ו-2024), התשפ""ג-2023",2023-05-23 23:44:00
21664084-0346-447d-bdf2-39ab4f3597e0,odata:vote:38969,plenum,,,,"הצעת חוק ההתאמות הפיסקליות, התשפ""ג-2023",2023-05-23 23:00:00
47381706-3518-4e85-9e10-a18304b3ef9e,odata:vote:38956,plenum,,,,הצעת חוק-יסוד: משק המדינה (תיקון מס' 13),2023-05-23 22:57:00
e74ae0f7-e803-4ec8-9b9a-14c4b3a57d77,odata:vote:39247,plenum,,,,"הצעת חוק התקציב לשנת הכספים 2023, התשפ""ג-2023",2023-05-23 22:19:00
8e91259f-5c8c-42f9-99f4-2b345c65aa06,odata:vote:38742,plenum,,,,"הצעת חוק הפחתת הגירעון והגבלת ההוצאה התקציבית (תיקון מס' 23) (הוראת שעה), התשפ""ג-2023",2023-05-23 19:40:00
89a55a13-4418-4845-970c-51d9352bac55,odata:vote:38736,plenum,,,,תגבור האבטחה על הקהילות היהודיות בעולם בעקבות הפיגוע בתוניסיה,2023-05-17 15:20:00
6d262780-8881-4e94-bf6f-f2072f83f9d0,odata:vote:38735,plenum,,,,"הצעה לסדר היום בנושא: ""דרישה להוציא את ועדת המעקב העליונה מחוץ לחוק ולזמן לחקירה את ראשי הוועדה בגין תמיכה בטרור""",2023-05-17 15:04:00
c9800820-d663-4bee-852f-4a420860ee4f,odata:vote:38734,plenum,,,,"הצעת חוק שמירת הניקיון (תיקון - טיפול בפסולת בניין), התשפ""ג-2023",2023-05-17 14:28:00
a4e6b2f9-5335-4176-8cf7-d4061b6ba1b6,odata:vote:38733,plenum,,,,"הצעת חוק שמירת הסביבה החופית (בחינה ועדכון של תוכניות), התשפ""ג-2022",2023-05-17 14:09:00
9478bd05-c060-45cd-bccd-2eeb193e2b90,odata:vote:38732,plenum,,,,"הצעת חוק שמירת הניקיון (תיקון - איסור הנחת דברי פרסומת בתיבות דואר ופיצויים לדוגמה), התשפ""ג-2023",2023-05-17 13:50:00
32d0e3c4-46ca-4c20-b151-70fdc80ce154,odata:vote:38730,plenum,,,,"הצעת חוק ביטוח בריאות ממלכתי (תיקון - העברת תיק רפואי במעבר בין קופות), התשפ""ג-2022",2023-05-17 13:26:00
077c3fb8-7bcf-4048-9921-f83004d8890c,odata:vote:38731,plenum,,,,"הצעת חוק ביטוח בריאות ממלכתי (תיקון - העברת מידע מלא בעת מעבר בין קופות החולים), התשפ""ג-2023",2023-05-17 13:26:00
d2465a07-6bb0-4dcd-8450-e25ee737208b,odata:vote:38729,plenum,,,,"הצעת חוק זאב ז'בוטינסקי (ציון זכרו ופועלו) (תיקון - הגדלת תקציב הפעילות ומימון המכון), התשפ""ג-2023",2023-05-17 13:06:00
d6bbac2a-daa6-4278-a409-1015ee4782eb,odata:vote:38728,plenum,,,,"הצעת חוק לתיקון פקודת העדה הדתית (המרה) (גיור על ידי רב עיר), התשפ""ג-2023",2023-05-17 12:59:00
df5110d4-be05-4a86-ba50-cf8e8b84cb4a,odata:vote:38727,plenum,,,,"הצעת חוק התקנת מצלמות לשם הגנה על פעוטות במעונות יום לפעוטות (תיקון - הרחבת הגישה לצילומים), התשפ""ג-2023",2023-05-17 12:35:00
4df90a7d-604d-464e-b013-403474c1fbc2,odata:vote:38726,plenum,,,,"הצעת חוק זכאות לאבחון לקויות למידה לילדים ממשפחות מעוטות יכולת, התשפ""ג-2023",2023-05-17 12:10:00
5b807006-e51e-4d23-98b9-43278516f584,odata:vote:38724,plenum,,,,"הצעת חוק הכשרות המשפטית והאפוטרופסות (תיקון - שלילת האפוטרופסות הטבעית עבור נאשמים ומורשעים בעבירות אלימות במשפחה), התשפ""ג-2023",2023-05-17 11:39:00
0c76220e-0d42-46a5-86a0-cfe0b0519a47,odata:vote:38723,plenum,,,,"הצעת חוק החברות (תיקון - פרסום דוחות כספיים של מונופול), התשפ""ג-2022",2023-05-17 11:14:00
40dfec99-a5ca-4a29-8187-fed581ca3198,odata:vote:38722,plenum,,,,"הצעת חוק שירות חובה לכל, התשפ""ג-2023",2023-05-17 11:02:00
9de4fde2-ad7c-4685-8c9d-d2ae4586b250,odata:vote:38721,plenum,,,,"הצעת חוק העונשין (תיקון - איסור הנפת דגל של ישות עוינת), התשפ""ג-2022",2023-05-17 10:37:00
dce5290c-f903-4451-846f-493b58ecb21b,odata:vote:38720,plenum,,,,"הצעת חוק למניעת הטרדה מינית (תיקון - החמרת ענישה בעבירות טרור לאומני), התשפ""ג-2023",2023-05-17 10:20:00
356922b5-e8c9-4e7d-bda7-ed2778ae28be,odata:vote:38718,plenum,,,,"הצעת חוק הסדרת העיסוק במקצועות הבריאות (תיקון - הסדרת העיסוק בפודולוגיה), התשפ""ג-2023",2023-05-17 09:58:00
9005d79b-7145-41c4-aad3-345994faadee,odata:vote:38719,plenum,,,,"הצעת חוק הסדרת העיסוק במקצועות הבריאות (תיקון - הסדרת העיסוק בפודולוגיה), התשפ""ג-2022",2023-05-17 09:57:00
4749d313-89f8-45d6-8426-469e27e8e41d,odata:vote:38712,plenum,,,,"הצעת חוק מיסוי מקרקעין (שבח ורכישה) (תיקון מס' 99), התשפ""ג–2023",2023-05-15 18:58:00
968b499c-0a12-4578-b7eb-fa42bf1fd2df,odata:vote:38711,plenum,,,,"הצעת חוק העונשין (תיקון מס' 133 – הוראת שעה) (תיקון מס' 2), התשפ""ג-2023",2023-05-15 18:52:00
59dbe959-e3c3-4a80-9cad-8291fc409d39,odata:vote:38709,plenum,,,,"הצעת חוק טיפול בחולי נפש (תיקון מס' 12) (הוראות לעניין מינוי חברים לוועדות), התשפ""ג-2023",2023-05-15 18:41:00
27a6bc17-f751-494b-906c-acb6be97938e,odata:vote:38708,plenum,,,,"הצעת חוק להסדר ההימורים בספורט (תיקון מס' 17), התשפ""ג-2023",2023-05-15 17:56:00
14f8631a-ad8c-4efa-b620-c1d9c69ef775,odata:vote:38714,plenum,,,,"הצעה להביע אי אמון בממשלה מטעם סיעת יש עתיד בנושא: ""ממשלה שמפקירה את המאבק ביוקר המחייה ונכנעת לסחטנות קואליציונית על חשבון כיסם של אזרחי ישראל""",2023-05-14 21:00:00
457db574-f409-44ad-a83d-49c7473bb5a1,odata:vote:38716,plenum,,,,"הצעה להביע אי אמון בממשלה מטעם סיעת המחנה הממלכתי בנושא: ""ממשלה שכושלת בטיפול כנגד אלימות ורצח נשים""",2023-05-14 21:00:00
636b7ada-cae2-44bd-9a7f-f1a37365c268,odata:vote:38715,plenum,,,,"הצעה להביע אי אמון מטעם סיעות ישראל ביתנו והעבודה בנושא: ""כישלון הממשלה בהתמודדות עם יוקר המחיה ופגיעה בכלכלה הישראלית""",2023-05-14 21:00:00
6045bfb3-0300-4837-a81c-f2ec764ce88d,odata:vote:38695,plenum,,,,"הצעה לסדר היום בנושא: ""תוכנית חינוך חינם מגיל לידה ועד גיל שלוש""",2023-05-10 13:28:00
13efb10f-450d-4b29-9eee-abd325c061ba,odata:vote:38694,plenum,,,,"הצעה לסדר היום בנושא: ""דוח מבקר המדינה על כישלון תוכנית משרד החינוך בסגירת הפערים בין תלמידים""",2023-05-10 13:01:00
6b05bd1c-d562-429f-ae39-3013e8e3d803,odata:vote:38693,plenum,,,,"פרק כ""ד (קידום תשתיות לאומיות), למעט הסע' הבאים בתוך סע' 94 המוצע: 1 עד 30, 35-32, 47-46, 56, 62(1)(ה), 62(4), 62(11), 62(14) והתוספת השנייה, מתוך הצעת חוק התכנית הכלכלית (תיקוני חקיקה ליישום המדיניות הכלכלית לשנות התקציב 2023 ו-2024), התשפ""ג-2023",2023-05-10 12:28:00
831141a8-bc83-40b2-94a5-40b2993491ec,odata:vote:38692,plenum,,,,"הצעת חוק שירותי רווחה (זכויות נשים ששהו במקלט לנשים מוכות) (תיקון - העלאת סכום מענק ההסתגלות ושינוי מועד תשלומו), התשפ""ג-2023",2023-05-10 12:23:00
bc099011-b535-462b-b33b-8f464cb84372,odata:vote:38690,plenum,,,,"הצעת חוק יחסי ממון בין בני זוג (תיקון - הפקעת זכות האיזון מבן זוג שהורשע ברצח בן הזוג השני), התשפ""ג-2022",2023-05-10 11:51:00
41e505d8-8155-44be-a740-4e178c55fc9f,odata:vote:38691,plenum,,,,"הצעת חוק יחסי ממון בין בני זוג (תיקון - הפקעת זכות האיזון מבן זוג שהורשע ברצח בן הזוג השני), התשפ""ג-2023",2023-05-10 11:50:00
220ceed8-ed5d-418b-85ef-456af6e66044,odata:vote:38689,plenum,,,,"הצעת חוק מוקד חירום רפואי טלפוני, התשפ""ג-2023",2023-05-10 10:59:00
5306af9a-a318-42df-a354-f1044493880b,odata:vote:38688,plenum,,,,"הצעת חוק לתיקון פקודת מס הכנסה (נקודות זיכוי להורי חיילים), התשפ""ג-2023",2023-05-10 10:43:00
4eafac59-64b0-43c0-b02b-67df0d83e3f7,odata:vote:38687,plenum,,,,"הצעת חוק לתיקון פקודת הדיג (איסור דיג מכמורת), התשפ""ג-2022",2023-05-10 10:05:00
a90884cf-63e8-4185-bb8a-a58b53141c22,odata:vote:38685,plenum,,,,"הצעת חוק הירושה (תיקון - שלילת הזכות לירושה), התשפ""ג-2022",2023-05-10 09:46:00
358e58f1-2785-4f23-8d6a-47a7888b6a82,odata:vote:38686,plenum,,,,"הצעת חוק הירושה (תיקון - פסלות לרשת ומניעת עסקאות בזכות יורש שהמית את המוריש), התשפ""ג-2023",2023-05-10 09:45:00
3a84430c-b55d-4ae1-afed-40f60ad61d03,odata:vote:38682,plenum,,,,"הצעת חוק הביטוח הלאומי (תיקון - הגדרת ילד נכה), התשפ""ג-2023",2023-05-10 09:26:00
5c7a921d-7962-4abf-8baa-ed15f2cc93b2,odata:vote:38679,plenum,,,,"הצעת חוק לביטול ההתיישנות בעבירות מין במשפחה (תיקוני חקיקה), התשפ""ג-2023",2023-05-10 08:54:00
b3f288e6-963f-43a2-a621-0170e16c10b0,odata:vote:38680,plenum,,,,"הצעת חוק לביטול ההתיישנות בעבירות מין (תיקוני חקיקה), התשפ""ג-2023",2023-05-10 08:53:00
750b081c-4e3c-4491-86c4-307cd5facb75,odata:vote:38706,plenum,,,,"הצעת חוק המאבק בטרור (תיקון - קנסות בגין הנפת דגל של ארגון טרור) (הוראת שעה), התשפ""ג-2023",2023-05-09 21:00:00
35005d28-13dd-4db8-b059-3992b6820b34,odata:vote:38668,plenum,,,,"הצעה לסדר היום בנושא: ""הצורך בהקמת וועדת חקירה פרלמנטרית בעניין הירי בדר' מחמד אלעסיבי ויוסף אבו ג'אבר""",2023-05-03 13:11:00
d59e7f65-8687-4a35-8cb7-9f60e3885bfd,odata:vote:38665,plenum,,,,"הצעת חוק הביטוח הלאומי (תיקון - דמי אבטלה לעצמאים), התשפ""ג-2023",2023-05-03 12:48:00
8e599641-1926-45c4-bcc1-e3d795adb859,odata:vote:38663,plenum,,,,"הצעת חוק הקמת בית חולים בעיר סח'נין (תיקוני חקיקה), התשפ""ג-2022",2023-05-03 12:15:00
52e79605-32a9-48ec-897e-bd8a7e0909ed,odata:vote:38662,plenum,,,,"הצעת חוק הקמת בית חולים בעיר סח'נין (תיקוני חקיקה), התשפ""ג-2023",2023-05-03 12:13:00
8b1094cc-81e3-4cd7-8796-dc523583bfd4,odata:vote:38661,plenum,,,,"הצעת חוק פיצויי קורבנות הטרור (תיקוני חקיקה), התשפ""ג-2023",2023-05-03 11:35:00
3719400e-6e57-4744-bf9e-3b68530c1eec,odata:vote:38660,plenum,,,,"הצעת חוק העונשין (תיקון - מאסר עולם לאונס קטינים), התשפ""ג-2022",2023-05-03 11:24:00
a6d00d2a-278a-492e-b6e3-43de999d6124,odata:vote:38659,plenum,,,,"הצעת חוק הביטוח הלאומי (תיקון - כפל קצבאות), התשפ""ג-2023",2023-05-03 10:59:00
4c15e866-7608-427b-9e7f-85b5f0d410cf,odata:vote:38657,plenum,,,,"הצעת חוק הביטוח הלאומי (תיקון - כפל קצבאות), התשפ""ג-2022",2023-05-03 10:57:00
f7c3b138-084a-497b-a8b6-a288140f781c,odata:vote:38654,plenum,,,,"הצעת חוק צירוף משפחות נפגעי טרור כצד להליך המשפטי (תיקוני חקיקה), התשפ""ג-2022",2023-05-03 10:04:00
642ef481-174b-4743-9897-9fa373985dbe,odata:vote:38653,plenum,,,,"הצעת חוק חוזה הביטוח (תיקון - העברת מוטב בביטוח חיים בין תאגידים בנקאיים), התשפ""ג-2022",2023-05-03 09:48:00
f13ee120-efc1-4242-bcfc-c3ffddf7d4ce,odata:vote:38651,plenum,,,,"הצעת חוק שימוש בזרע של נפטר לשם הולדה, התשפ""ג-2022",2023-05-03 09:42:00
197e010a-a66f-4c99-b172-05f3ff2984e1,odata:vote:38652,plenum,,,,"הצעת חוק שימוש בזרע של נפטר לשם הולדה, התשפ""ג-2023",2023-05-03 09:41:00
03a3063d-91ff-4104-af28-26c29d360e6a,odata:vote:38647,plenum,,,,"החלטת ועדת החינוך, התרבות והספורט על רצונה להחיל דין רציפות על הצעת חוק הארכת השעיה של עובד המדינה ופיטורים של עובד הוראה לשם הגנה על קטין או חסר ישע (תיקוני חקיקה), התשפ""ב–2022",2023-05-01 19:21:00
196bf530-ec5e-420b-a7a5-4f36c689a02a,odata:vote:38646,plenum,,,,"החלטת הממשלה על רצונה להחיל דין רציפות עלהצעת חוק כלי הירייה (תיקון מס' 23), התשפ""ב-2022",2023-05-01 19:21:00
b2195f2a-1b70-4b5d-a799-2b622cc49527,odata:vote:38648,plenum,,,,"החלטת ועדת הכלכלה בדבר רצונה להחיל דין רציפות על הצעת חוק הגנת הצרכן (תיקון מס' 65) (סימון תוצרת חקלאית שאינה ארוזה מראש), התשפ""ב–2022 (פ/897/24) (פ/2645/24)",2023-05-01 19:20:00
8b85cc1c-8cdc-4fac-bb75-3a85dd919384,odata:vote:38649,plenum,,,,"החלטת ועדת הכלכלה על רצונה להחיל דין רציפות עלהצעת חוק לתיקון פקודת האגודות השיתופיות (מס' 12) (הרחבת תחולה לעניין ועדות קבלה ביישובים קהילתיים), התשפ""ב–2022 (פ/2190/24) (פ/2386/24)",2023-05-01 19:19:00
1757d2d3-f11c-4c30-b535-b14744381ac2,odata:vote:38644,plenum,,,,"החלטת ועדת הבריאות על רצונה להחיל דין רציפות על הצעת חוק ביטוח בריאות ממלכתי (תיקון מס' 65) (החזר דמי נסיעה באמבולנס לחולה סיעודי ובעד חולה שנפטר), התשפ""ב–2022 (פ/1382/24)",2023-05-01 19:18:00
e3e19ed1-a83a-437b-b4e1-336e5d604448,odata:vote:38645,plenum,,,,"הצעת חוק לתיקון פקודת התעבורה (תיקון מס' 133), התשפ""ג-2023",2023-05-01 19:17:00
63c636f3-12d8-46a1-ab49-886b26d93f3e,odata:vote:38643,plenum,,,,"הצעת חוק ההתייעלות הכלכלית (תיקוני חקיקה להשגת יעדי התקציב לשנות התקציב 2017 ו-2018) (תיקון מס' 9) (הקצאת סכום לרשויות המקומיות הסמוכות לנמל התעופה בן-גוריון), התשפ""ג-2023",2023-05-01 19:12:00
fa8c7f08-7300-4fab-82c2-558e21487a06,odata:vote:38642,plenum,,,,"הצעת חוק ציוד רפואי (תיקון מס' 2 והוראת שעה), התשפ""ג-2023",2023-05-01 19:06:00
f21d168a-efae-4c73-aa56-e4156005f01b,odata:vote:38640,plenum,,,,"החלטת הממשלה בדבר הקמת המשרד לקידום מעמד האישה, מינוי השרה לקידום מעמד האישה, העברת סמכויות",2023-05-01 18:43:00
68e30d66-2c21-4e9a-9329-637e71ece5b7,odata:vote:38639,plenum,,,,"""חקיקת חוקה"" – דיון בהשתתפות ראש הממשלה על פי בקשתם של 40 חברי כנסת",2023-05-01 16:16:00
58a0f0c0-fe5e-4474-a538-f06393ce4230,odata:vote:38637,plenum,,,,"הצעת חוק הגדלת נקודות זיכוי להורים במס הכנסה והגדלת מענק עבודה (הוראת שעה) (תיקון), התשפ""ג-2023",2023-04-19 12:41:00
37bcb46f-c527-41ae-bcf9-39a2dde97a2b,odata:vote:38633,plenum,,,,"החלטת הממשלה בהתאם לסעיף 31(א) לחוק יסוד: הממשלה, למנות את השר משה ארבל לתפקיד שר הבריאות, במקום השר יואב בן צור, שמילא את התפקיד כממלא מקום לפי סעיף 24(ב) לחוק יסוד: הממשלה, אשר ימשיך לכהן כשר העבודה",2023-04-19 12:01:00
f52bdef1-a2f0-4bf8-abd2-5bf905229cab,odata:vote:38634,plenum,,,,"החלטת הממשלה בהתאם לסעיף 31(א) לחוק יסוד: הממשלה, למנות את השר משה ארבל לתפקיד שר הפנים, במקום השר מיכאל מלכיאלי, שמילא את התפקיד כממלא מקום לפי סעיף 24(ב) לחוק יסוד: הממשלה, אשר ימשיך לכהן בתפקיד השר לשירותי דת",2023-04-19 12:00:00
09ba48ef-6e90-44ce-8c6b-1fd7f09b0ccd,odata:vote:38635,plenum,,,,החלטת הממשלה בהתאם לסעיף 15 לחוק יסוד: הממשלה ועל פי הצעת ראש הממשלה לצרף את חבר הכנסת משה ארבל כשר נוסף בממשלה,2023-04-19 11:59:00
7745441c-c56e-45cf-b613-91327a52dc2c,odata:vote:38632,plenum,,,,"החלטת הממשלה בהתאם לסעיף 31(ב) לחוק יסוד: הממשלה, להעביר לשר לשיתוף פעולה אזורי את הסמכויות הנתונות לשר האוצר לפי מספר חוקים",2023-04-19 10:56:00
db213c7f-c846-4482-b3a6-ef87958bc0ad,odata:vote:38631,plenum,,,,הודעת ועדת הכנסת בדבר הגדלת מספר חברי הוועדה לביטחון לאומי,2023-04-02 07:59:00
d6a26507-aa71-4e57-a775-cc8d72faa230,odata:vote:38629,plenum,,,,"הודעת ועדת הכנסת בדבר העברת הצעת חוק העונשין (תיקון – הארכת ההתיישנות בעבירות מין בקטינים), התשפ""ג-2022, מוועדת החוקה, חוק ומשפט לוועדה המשותפת לוועדת החוקה, חוק ומשפט ולוועדה לקידום מעמד האישה לדיון בהצעת חוק לביטול ההתיישנות בעבירות מין",2023-04-02 07:57:00
5fd2eb0b-6535-4f6b-b71c-d8e3e17e2249,odata:vote:38625,plenum,,,,"הודעת ועדת הכנסת בדבר חלוקה ופיצול הצעת חוק ההתייעלות הכלכלית (תיקוני חקיקה להשגת יעדי התקציב לשנות התקציב 2023 ו-2024), התשפ""ג-2023",2023-04-02 07:41:00
9332811a-dac9-4938-8b7c-dd16c9b884b6,odata:vote:38626,plenum,,,,"הודעת ועדת הכנסת בדבר חלוקה ופיצול הצעת חוק התכנית הכלכלית (תיקוני חקיקה ליישום המדיניות הכלכלית לשנות התקציב 2023 ו-2024), התשפ""ג-2023",2023-04-02 07:41:00
f667f88c-0851-4d92-b77c-41ab2739d238,odata:vote:38618,plenum,,,,"הצעת חוק להסדרת אירוע הילולת רבי שמעון בר יוחאי בהר מירון (הוראת שעה), התשפ""ג-2023",2023-04-02 07:13:00
1eccfcaf-12fc-4763-9f9d-e8bb78944736,odata:vote:38614,plenum,,,,"התנגדות על הודעת הממשלה על רצונה להחיל דין רציפות על הצעת חוק העונשין (תיקון מס' 146) (תקיפת עובד ציבור שהוא מטפל או ממלא תפקיד בארגון חירום והצלה טרום אשפוז או בחדר מיון), התשפ""ב-2022",2023-03-29 10:06:00
303be2af-5090-4c70-95d4-bee13a6bfac0,odata:vote:38616,plenum,,,,"התנגדות על הודעת הממשלה על רצונה להחיל דין רציפות על הצעת חוק הספורט (תיקון מס' 16) (הסדרת העיסוק באימון ספורט), התשפ""ב-2022 (פ/3856/24) (פ/3923/24)",2023-03-29 10:05:00
04882c47-1804-4893-8bda-cd8c253dc558,odata:vote:38613,plenum,,,,"הצעת חוק תאגידי מים וביוב (תיקון מס' 14) (תאגידים אזוריים ומינוי נושאי משרה בתאגידי מים וביוב), התשפ""ג–2023",2023-03-29 10:00:00
d3ffc178-81fc-4e5e-9305-18217958d31a,odata:vote:38611,plenum,,,,"הצעת חוק הנכים (תגמולים ושיקום) (תיקון מס' 31), התשפ""ג-2023",2023-03-29 09:25:00
6f9fff56-b6ac-40d4-a373-93a04fa4eb60,odata:vote:38608,plenum,,,,"הצעת חוק סמכויות לאיסוף ואבחון של נתוני נוסעים הנכנסים לישראל או היוצאים ממנה, התשפ""ג-2023",2023-03-29 08:26:00
a4105b37-b858-4e0a-ac96-10164ed1fbff,odata:vote:38601,plenum,,,,"הצעת חוק סדר הדין הפלילי (סמכויות אכיפה – חיפוש בגוף ונטילת אמצעי זיהוי) (תיקון מס' 8), התשפ""ג-2023",2023-03-28 11:51:00
301e6691-9b82-4bb3-86f6-958a808dce14,odata:vote:38597,plenum,,,,"הצעת חוק המאבק בכלי הנשק הבלתי חוקיים (תיקון חקיקה והוראת שעה), התשפ""ג–2023 (פ/2394/25)",2023-03-28 11:37:00
7c20c3cf-634d-4f20-9a2d-4a7851a6d364,odata:vote:38594,plenum,,,,"הצעת חוק לתיקון פקודת הרופאים (מס' 15), התשפ""ג-2023",2023-03-28 09:50:00
fb428c92-0c12-42f4-97d2-94dac0a7be0f,odata:vote:38593,plenum,,,,"הצעת חוק זכויות החולה (תיקון מס' 13) (הסדרים לעניין מזון בבית חולים בחג הפסח), התשפ""ג–2023 (פ/397/25) (פ/398/25) (פ/1793/25) (פ/1888/25)",2023-03-28 09:45:00
44281cf5-5145-44e0-a429-0ee729b58227,odata:vote:38620,plenum,,,,"הצעת חוק התכנית הכלכלית (תיקוני חקיקה ליישום המדיניות הכלכלית לשנות התקציב 2023 ו-2024), התשפ""ג-2023",2023-03-26 21:00:00
9eb8dd4f-8473-4c88-b287-f83c127eda25,odata:vote:38604,plenum,,,,"הצעה להביע אי אמון בממשלה מטעם סיעת המחנה הממלכתי בנושא: ""ממשלה עסקנית שאינה דואגת למשילות, יוקר המחיה ולביטחון אזרחיה""",2023-03-26 21:00:00
7df3e486-d667-404b-b2f0-4b420e14fd43,odata:vote:38624,plenum,,,,"החלטת הממשלה בהתאם לסעיף 15 לחוק יסוד: הממשלה, ועל פי הצעת ראש הממשלה, לצרף את חבר הכנסת דוד אמסלם כשר בממשלה",2023-03-26 21:00:00
98171bb1-4819-47d7-8c4e-454500c30f60,odata:vote:38627,plenum,,,,"החלטת הממשלה בהתאם לסעיף 31(א) לחוק יסוד: הממשלה, לשנות את חלוקת התפקידים בממשלה ולמנות את השר דוד אמסלם לתפקיד השר לשיתוף פעולה אזורי והשר המקשר בין הממשלה לכנסת, במקומו של השר יואב קיש אשר ימשיך לכהן כשר החינוך",2023-03-26 21:00:00
0c127ec5-5cf5-4e08-a44f-e438deb9d18f,odata:vote:38603,plenum,,,,"הצעה להביע אי אמון בממשלה מטעם סיעת יש עתיד בנושא: ""ממשלה שמשתלטת על מערכת המשפט, רומסת את בג״ץ ומחסלת את האיזונים והבלמים בין הרשויות במדינה""",2023-03-26 21:00:00
78d44472-7b03-4d6a-9879-ce892f19f32e,odata:vote:38561,plenum,,,,"הודעת ועדת העבודה והרווחה בדבר פיצול הצעת חוק הנכים (תגמולים ושיקום) (תיקון מס' 33), התשפ""ב-2022",2023-03-23 04:09:00
cd824277-9dfd-4d0d-b2f3-6db773b9ab37,odata:vote:38567,plenum,,,,הצעת חוק־יסוד: הממשלה (תיקון מס' 12),2023-03-23 03:40:00
691cf03c-bceb-40b0-b7eb-0dca5e9350fa,odata:vote:38471,plenum,,,,"הצעה דחופה לסדר היום בנושא: ""הדאגה בקרב תושבי הצפון על רקע האירוע הבטחוני החריג: ""קיים מחסור של אלפי חדרי ביטחון ממוגנים ביישובי הצפון""",2023-03-22 19:13:00
f70c82a9-b596-4578-8f1d-e212fce56a12,odata:vote:38469,plenum,,,,"הצעת חוק הספורט (תיקון - הסדרת העיסוק באימון ספורט), התשפ""ג–2023",2023-03-22 18:13:00
62d8919d-88a6-4b31-94f9-9760f5d000ff,odata:vote:38470,plenum,,,,"הצעת חוק הספורט (תיקון – הסדרת העיסוק באימון ספורט), התשפ""ג–2023",2023-03-22 18:12:00
574a8bd4-6b61-41bb-9b05-4a8ce4910c13,odata:vote:38467,plenum,,,,"הצעת חוק יום האחדות, התשפ""ג-2023",2023-03-22 17:57:00
d9a3f81f-2b10-4ff7-b976-2d74a32f8ad5,odata:vote:38466,plenum,,,,"הצעת חוק הסדרת העיסוק במקצועות הבריאות (תיקון - הסדרת מקצוע הרנטגנאות והדימות), התשפ""ג-2022",2023-03-22 17:39:00
0e8b2e16-5d10-4dde-9e7e-fe720fa21dfa,odata:vote:38455,plenum,,,,"הצעת חוק לתיקון פקודת התעבורה (הגבלת דמי חניה במוסד רפואי), התשפ""ג-2023",2023-03-22 16:53:00
b351d9ba-4062-4c07-b791-36121b2e57e5,odata:vote:38453,plenum,,,,"הצעת חוק לתיקון פקודת המועצות המקומיות (בחירות לוועד מקומי במועצה אזורית), התשפ""ג-2022",2023-03-22 15:42:00
ef4567b2-063e-4537-82ed-4dfe9d2b3215,odata:vote:38451,plenum,,,,"הצעת חוק מיסוי מקרקעין (שבח ורכישה) (תיקון - רכישת דירה על ידי ילד יתום), התשפ""ג-2022",2023-03-22 14:27:00
cb6977b7-3d8f-4376-973b-d02753ac36e9,odata:vote:38450,plenum,,,,"הצעת חוק יום משפחות היתומים בישראל, התשפ""ג–2022",2023-03-22 14:11:00
9bb337f9-834c-4d94-9646-b01f03383470,odata:vote:38448,plenum,,,,"הצעת חוק זכויות הסטודנט (תיקון – הרחבת זכויות הסטודנט), התשפ""ג–2023",2023-03-22 13:37:00
4a49a8d5-f085-4358-99fa-1327b316502a,odata:vote:38445,plenum,,,,"הצעת חוק למניעת אלימות במשפחה (פיקוח טכנולוגי להבטחת קיומו של צו הגנה והערכת מסוכנות - הוראת שעה), התשפ""ג-2023",2023-03-22 13:18:00
92fa2106-8436-4969-8a1f-b69b67753a7d,odata:vote:38446,plenum,,,,"הצעת חוק למניעת אלימות במשפחה (פיקוח טכנולוגי להבטחת קיומו של צו הגנה, והערכת מסוכנות - הוראת שעה), התשפ""ג-2022",2023-03-22 13:17:00
91bc32ec-8875-4419-ab58-5c7d23fbf2e2,odata:vote:38447,plenum,,,,"הצעת חוק למניעת אלימות במשפחה (פיקוח טכנולוגי להבטחת קיומו של צו הגנה, והערכת מסוכנות - הוראת שעה), התשפ""ג-2023",2023-03-22 13:16:00
e3487399-d253-4355-852d-81f08111b14e,odata:vote:38444,plenum,,,,"הצעת חוק לחילוט תקבולי עבירה בשווי בעבירת גניבה חקלאית ובעבירות הגורמות נזק לרכוש חקלאי, התשפ""ג-2023",2023-03-22 12:09:00
1408a9e5-9089-4284-bd39-43afa2f73737,odata:vote:38443,plenum,,,,"הצעת חוק התמודדות עם תופעת נטילת דמי חסות, התשפ""ג-2022",2023-03-22 11:11:00
18c42ecf-da90-48a2-b845-3cb2785adabe,odata:vote:38442,plenum,,,,"הצעת חוק להקפאת קצבאות שמשולמות לפעיל טרור ומשפחתו מקופת המדינה, התשפ""ג-2022",2023-03-22 10:14:00
db308257-5bba-48dc-8ca6-a68b5fcc2763,odata:vote:38441,plenum,,,,"הצעת חוק ההתייעלות הכלכלית (תיקוני חקיקה להשגת יעדי התקציב לשנות התקציב 2017 ו-2018) (תיקון - הקצאת סכום לרשויות המקומיות הסמוכות לנמל התעופה בן-גוריון), התשפ""ג-2022",2023-03-22 09:59:00
622a08b4-6e70-43a7-8bf8-c9b439850c12,odata:vote:38439,plenum,,,,"הצעת חוק לעידוד השקעות הון בחקלאות (תיקון - השוואת ההטבות בתעשייה להטבות בחקלאות), התשפ""ג-2023",2023-03-22 09:54:00
512ecb5f-e7a5-466b-a53a-10bf9dea0406,odata:vote:38431,plenum,,,,"התנגדות על החלטת הממשלה על רצונה להחיל דין רציפות על להצעת חוק הנכים (תגמולים ושיקום) (תיקון מס' 33), התשפ""ב-2022",2023-03-21 00:27:00
433bad37-79c1-4a6a-9df5-182baf8b9902,odata:vote:38432,plenum,,,,"הצעת חוק חדלות פירעון ושיקום כלכלי (תיקון מס' 4 – הוראת שעה – נגיף הקורונה החדש) (תיקון), התשפ""ג-2023",2023-03-21 00:26:00
5aa01e8b-6a28-4d45-981a-fa5f09104ecf,odata:vote:38430,plenum,,,,"הצעת חוק יישום תוכנית ההתנתקות (תיקון מס' 7) (ביטול איסור הכניסה לשטח בצפון השומרון והשהייה בו), התשפ""ג-2023",2023-03-21 00:10:00
03a14b07-a8a3-44d9-93f6-33427ebe3156,odata:vote:38419,plenum,,,,"הצעת חוק המאבק בכלי הנשק הבלתי חוקיים (תיקון חקיקה והוראת שעה), התשפ""ג–2023",2023-03-20 22:19:00
c3930a55-adea-4a35-98b7-64acec8aea02,odata:vote:38437,plenum,,,,"הצעה להביע אי אמון בממשלה מטעם סיעת העבודה בנושא: ""ממשלת ישראל מבצעת מדיניות מושחתת ודיקטטורית שמובילה לכאוס ומשבר כלכלי, ביטחוני וחברתי מסוכן לקיומה של מדינת ישראל""",2023-03-19 22:00:00
53ec6815-b17c-4a6f-96fb-d7b4dc1f5d5a,odata:vote:38435,plenum,,,,"הצעה להביע אי אמון בממשלה מטעם סיעת יש עתיד בנושא: ""ראש ממשלה שאיבד שליטה על הכלכלה, על מדיניות החוץ, על הביטחון האישי ועל חברי הכנסת שלו""",2023-03-19 22:00:00
dd7d5263-2def-4620-b4f3-90dc2457d9fe,odata:vote:38438,plenum,,,,הצעת חוק-יסוד: הממשלה (תיקון מס' 16) (כשירותם של השרים וסגני השרים),2023-03-19 22:00:00
2676f448-bfba-44d0-af3f-3e86a1efa842,odata:vote:38436,plenum,,,,"הצעה להביע אי אמון מטעם סיעת המחנה הממלכתי בנושא: ""יצירת קרע בעם על ידי התעלמות הממשלה מקולות המחאה ברחבי המדינה""",2023-03-19 22:00:00
32ede556-2760-435f-bb1a-a304d6ee845f,odata:vote:38411,plenum,,,,"הצעה לסדר היום בנושא: ""דאגה לרווחת חיילי המילואים המשרתים באופן חריג""",2023-03-15 15:37:00
a8ed5e10-798d-45f9-82aa-f7140543b806,odata:vote:38409,plenum,,,,הצעת חוק-יסוד: הממשלה (תיקון - תקופת כהונה מרבית בתפקיד ראש הממשלה),2023-03-15 14:49:00
1cb0e424-36d7-4b64-8920-d162192d4b53,odata:vote:38404,plenum,,,,"הצעת חוק חינוך ממלכתי (תיקון – שלילת השתתפות בתקציב עקב הפליה), התשפ""ג–2023",2023-03-15 12:54:00
fe6dfa13-820a-462a-a550-052328343b79,odata:vote:38403,plenum,,,,"הצעת חוק שלילת תקצוב מוסדות חינוך המפלים תלמידים ברישום אליהם (תיקוני חקיקה), התשפ""ג-2023",2023-03-15 12:54:00
a4509c27-4bff-412a-9b95-4d944dc7e326,odata:vote:38402,plenum,,,,"הצעת חוק עידוד מעורבות סטודנטים בפעילות חברתית וקהילתית (תיקון - הקלות למשרתי מילואים), התשפ""ג-2023",2023-03-15 12:09:00
7d0a1673-1a6e-452c-880a-58f4ad751e1b,odata:vote:38401,plenum,,,,"הצעת חוק צוותי התערבות במשבר, התשפ""ג-2022",2023-03-15 11:50:00
dfffebe6-6e56-4b7f-88ef-d3e333028940,odata:vote:38400,plenum,,,,"הצעת חוק להרחבת הייצוג ההולם של בני האוכלוסייה החרדית ברשויות ובתאגידים ציבוריים (תיקוני חקיקה), התשפ""ג-2023",2023-03-15 11:31:00
d8c04ef7-797b-4333-8be4-8e4e67813335,odata:vote:38399,plenum,,,,"הצעת חוק הרשות לפיתוח הפריפריה החברתית, התשפ""ג-2023",2023-03-15 11:07:00
68023a28-1277-48c6-aa43-9f5fc07837d9,odata:vote:38398,plenum,,,,"הצעת חוק דיווח לכנסת על תלונות וטיפול בהטרדות מיניות במשטרת ישראל ובשירות בתי הסוהר והטיפול בהן, התשפ""ג-2022",2023-03-15 10:45:00
5d980b8f-ce41-46b3-90db-ea7718a819a4,odata:vote:38397,plenum,,,,"הצעת חוק העונשין (תיקון - הסדר חילוט לרכושו של סוחר נשק), התשפ""ג-2023",2023-03-15 10:08:00
35a55249-d890-4a47-a17d-0b99f209c948,odata:vote:38396,plenum,,,,"הצעת חוק העונשין (תיקון - חילוט בעבירות החזקת נשק בלתי חוקי ללא אישום או הרשעה), התשפ""ג-2023",2023-03-15 09:52:00
5ff6d577-332e-4277-92d4-8587917ba18d,odata:vote:38386,plenum,,,,"התנגדות על החלטת ועדת החוקה, חוק ומשפט על רצונה להחיל דין רציפות על הצעת חוק ההוצאה לפועל (תיקון מס' 72) (הגנה מפני עיקול של כספי סיוע להורה עצמאי), התשפ""ב-2022",2023-03-14 06:12:00
7bfe705a-e4f5-4a96-961d-bf4c152ad898,odata:vote:38387,plenum,,,,"הצעת חוק המקרקעין (תיקון מס' 37) (מנגנון שבת למשאבת מים), התשפ""ג–2023",2023-03-14 06:10:00
0436e589-dfee-4601-8d39-2cd54bf6883a,odata:vote:38383,plenum,,,,"הצעת חוק חדלות פירעון ושיקום כלכלי (תיקון מס' 4 – הוראת שעה – נגיף הקורונה החדש) (תיקון) (הארכת תוקף), התשפ""ג-2023",2023-03-14 05:26:00
7dcc27b2-3e21-46bd-88b8-a26080fa350a,odata:vote:38382,plenum,,,,"החלטת הממשלה בהתאם לסעיף 31(ב) לחוק יסוד: הממשלה, להעביר לשר הפנים סמכויות הנתונות לשר האוצר לפי מספר חוקים",2023-03-14 05:12:00
1ee523b8-a4cd-4428-bcd8-266d4e232ff7,odata:vote:38395,plenum,,,,"הצעה להביע אי אמון בממשלה מטעם סיעת ישראל ביתנו בנושא: ""כישלון הממשלה בניהול המדינה בתחום המדיני,הביטחוני והכלכלי",2023-03-13 15:30:00
3383cf14-659d-47b0-9575-54711bfcfff8,odata:vote:38394,plenum,,,,"הצעה להביע אי אמון בממשלה מטעם סיעת המחנה הממלכתי בנושא: ""ממשלה הורסת ומפלגת את החברה הישראלית""",2023-03-13 15:15:00
227da45c-5e9f-4cf2-a3cb-75b4e4785dee,odata:vote:38392,plenum,,,,"הצעה להביע אי אמון בממשלה מטעם סיעת יש עתיד בנושא: ""ממשלה מנותקת שדואגת רק לעצמה ומפקירה את כלכלת ישראל, ביטחון אזרחי ישראל וקורעת את החברה הישראלית""",2023-03-13 15:00:00
d975ed6a-b69f-4387-b554-ac8a8149f9d0,odata:vote:38417,plenum,,,,"הצעת חוק התכנון והבנייה (תיקון מס' 140), התשפ""ג-2023",2023-03-12 22:00:00
4e49c0ae-5101-46d9-9b67-381c5fb8443f,odata:vote:38391,plenum,,,,הצעת חוק־יסוד: הממשלה (תיקון מס' 15) (נבצרות ראש הממשלה),2023-03-12 22:00:00
2acbd72c-16f1-4feb-bbc5-8539cb56e12f,odata:vote:38390,plenum,,,,הצעת חוק-יסוד: השפיטה (תיקון מס' 4) (ביקורת שיפוטית בעניין תוקפו של חוק),2023-03-12 22:00:00
7dcf0be0-cefa-4be6-861f-a6884292451c,odata:vote:38418,plenum,,,,"הצעת חוק התכנון והבנייה (תיקון מס' 141), התשפ""ג-2023",2023-03-12 22:00:00
7a679733-32ee-4d24-b6d8-ae0bb7fb58f5,odata:vote:38376,plenum,,,,"הצעת חוק העונשין (תיקון - תקיפת עובד ציבור מטפל), התשפ""ג-2023",2023-03-06 11:41:00
a6308ba6-e5c4-4304-9611-774832530dcc,odata:vote:38377,plenum,,,,"הצעת חוק העונשין (תיקון - החמרת ענישה בשל תקיפת צוות רפואי), התשפ""ג-2023",2023-03-06 11:40:00
1fdad47c-05c7-4cfd-9abb-d76ca714cdbe,odata:vote:38378,plenum,,,,"הצעת חוק העונשין (תיקון - החמרת הענישה על עבירות כלפי אנשי צוות רפואי), התשפ""ג-2022",2023-03-06 11:40:00
cd545d1f-1711-4500-a509-7301b52643a7,odata:vote:38380,plenum,,,,"הצעת חוק העונשין (תיקון - החמרת ענישה בשל תקיפת צוות רפואי), התשפ""ג-2022",2023-03-06 11:39:00
f065fb4e-d1ad-435d-8c14-08973b720684,odata:vote:38374,plenum,,,,"הצעת חוק התגמולים לנפגעי פעולות איבה (תיקון - זכאות לתגמולים ולפיצויים לפי חוק אחר), התשפ""ג-2023",2023-03-06 11:02:00
9ccacf1d-e254-4250-b0a4-0bc7bdddcdf9,odata:vote:38375,plenum,,,,"הצעת חוק התגמולים לנפגעי פעולות איבה (תיקון - זכאות לתגמולים ולפיצויים לפי חוק אחר), התשפ""ג-2022",2023-03-06 11:01:00
8e235448-9cd5-4266-b5b1-1253298617f3,odata:vote:38373,plenum,,,,"הצעת חוק התקשורת (בזק ושידורים) (תיקון - התראת חיוב בהתקשרות לחוץ לארץ), התשפ""ג-2023",2023-03-06 10:40:00
d626d7dc-9859-4910-96f3-73032ff60d5f,odata:vote:38372,plenum,,,,"הצעת חוק לתיקון פקודת העיריות (קיצור תקופת הפטור מתשלום ארנונה לבניין שנהרס או ניזוק), התשפ""ג-2022",2023-03-06 10:36:00
44f33245-78a5-4c8e-be8e-ef9c7cca6192,odata:vote:38371,plenum,,,,"הצעת חוק השכירות והשאילה (תיקון - הגבלה על העלאת דמי השכירות), התשפ""ג-2022",2023-03-06 10:14:00
ce20d5bd-3650-470c-a0e7-03de18de5035,odata:vote:38370,plenum,,,,"הצעת חוק מס ערך מוסף (תיקון - פטור ממס במכירת תרופות אונקולוגיות שאינן כלולות בסל הבריאות), התשפ""ג-2023",2023-03-06 09:01:00
ed808d3a-f391-44a7-95dc-3e62d3696707,odata:vote:38364,plenum,,,,"הצעה להביע אי אמון בממשלה מטעם סיעת חד""ש-תע""ל בנושא: ""ממשלה כובשת שתומכת בשריפת בתים""",2023-03-06 08:43:00
0f121e91-8ebc-4386-92cc-91bace96be93,odata:vote:38365,plenum,,,,הצעות להביע אי אמון בממשלה - דיון,2023-03-06 08:42:00
875df106-a099-44fb-88e7-20e84bd42ac4,odata:vote:38368,plenum,,,,"הצעת חוק זכויות החולה (תיקון מס' 13) (הסדרים לעניין מזון בבית חולים בחג הפסח), התשפ""ג–2023",2023-03-04 22:00:00
939fa69d-440e-45d8-8d89-6434ef3a64f3,odata:vote:38367,plenum,,,,הצעה לתיקון תקנון הכנסת,2023-03-04 22:00:00
14e660c6-909a-4048-bfa6-773a9f2d2bc9,odata:vote:38358,plenum,,,,"הצעה לסדר בנושא: ""צורך בהקמת ועדת חקירה פרלמנטרית לבדיקת סיכול מועמדותו של גל הירש למפכ""ל""",2023-03-01 14:35:00
866452c0-15b3-4d5d-8db8-f31c514c0327,odata:vote:38356,plenum,,,,"הצעה לסדר היום בנושא: ""רבבות נוטלי המשכנתאות נאנקים נוכח העלאת הריבית""",2023-03-01 14:21:00
e0423392-7413-4a5b-9d27-9fb7d802d39d,odata:vote:38355,plenum,,,,"הצעה לסדר היום בנושא: ""חסמי בנייה של רשות מקרקעי ישראל מונעת פיתוח המרחב הכפרי שבנגב ובגליל""",2023-03-01 13:59:00
afe383b6-69b3-499b-b90c-9426bffbb4d8,odata:vote:38354,plenum,,,,"הצעה לסדר היום בנושא: ""פינוי תושבי שכונות בתל אביב ויפו""",2023-03-01 13:48:00
1d1138a0-aada-47a1-9035-8942bae8545b,odata:vote:38351,plenum,,,,"הצעת חוק עובדים זרים (תיקון - שימוש בכספים שלא הוצאו על ידי עובדים זרים ומסתננים), התשפ''ג-2022",2023-03-01 11:58:00
b48f15c7-a618-4c4a-a16e-6ec7cae7e184,odata:vote:38350,plenum,,,,"הצעת חוק התכנון והבנייה (תיקון - דיון בהחלטות ועדות משנה), התשפ""ג-2022",2023-03-01 11:49:00
c0d4d21a-2900-4cea-a392-110584c93594,odata:vote:38349,plenum,,,,"הצעת חוק העונשין (תיקון - עבירה כלפי קשיש או חסר ישע), התשפ""ג- 2022",2023-03-01 11:20:00
4d725e5e-940c-42e4-95d0-52e47105b106,odata:vote:38345,plenum,,,,"הצעת חוק קליטת חיילים משוחררים (תיקון - מימון מלא לתוכנית ""ממדים ללימודים""), התשפ""ג-2023",2023-03-01 10:53:00
68e1258a-d902-4952-a304-c7a6373ed9fc,odata:vote:38346,plenum,,,,"הצעת חוק קליטת חיילים משוחררים (תיקון - מימון שכר לימוד מלא ללוחמים), התשפ""ג-2023",2023-03-01 10:52:00
eff3f638-5e8d-4d83-9031-711dd919214b,odata:vote:38341,plenum,,,,"הצעת חוק הסדרת העיסוק במקצועות הטיפול הרפואי, התשפ""ג-2022‏",2023-03-01 09:40:00
1f93868e-d6eb-4497-8da7-73e7eebceccb,odata:vote:38361,plenum,,,,"הצעת חוק קליטת חיילים משוחררים (תיקון - מימון שכר לימוד מלא ללוחמים), התשפ""ג-2022",2023-02-28 22:00:00
aee5d446-9374-429a-89a6-cf3061557013,odata:vote:38360,plenum,,,,הצעת חוק-יסוד: הממשלה (תיקון - נבצרות ראש הממשלה),2023-02-28 22:00:00
23369488-b8f7-4b34-8eb4-fee3d28b6394,odata:vote:38333,plenum,,,,"התנגדות על החלטה להחיל דין רציפות בהצעת חוק לעידוד תעשייה עתירת ידע (הוראת שעה), התשפ""ב-2022",2023-02-28 05:50:00
17d9478d-c725-4d62-84dd-29360930bbd2,odata:vote:38334,plenum,,,,"התנגדות על החלטה להחיל דין רציפות בהצעת חוק התקשורת (בזק ושידורים) (תיקון מס' 76) (הגבלות מוסכמות על שירות תקשורת וציוד תקשורת), התשפ""ב–2022",2023-02-28 05:49:00
bd8bd448-9c41-44b2-829d-0f5ccc78948a,odata:vote:38331,plenum,,,,"הצעת חוק תכנון משק החלב (תיקון מס' 5), התשפ""ג-2023",2023-02-28 05:48:00
0a8229f6-6608-4a96-a2b0-3db003a0b84c,odata:vote:38335,plenum,,,,"""מערכת משפט חזקה ועצמאית"" – דיון בהשתתפות ראש הממשלה על פי בקשתם של 40 חברי כנסת",2023-02-26 22:00:00
d7e69ef8-8a51-4840-a0b9-47535803c6fe,odata:vote:38326,plenum,,,,"הצעה רגילה לסדר היום בנושא: ""תביעות אזרחיות באירועי טרור""",2023-02-22 17:36:00
6447034c-f338-4a24-88c3-b9fb5fddac38,odata:vote:38325,plenum,,,,"הצעה דחופה לסדר היום בנושא: ""סגירת סניפי דואר ישראל תפגע בעיקר בשכבות החלשות ובקשישים""",2023-02-22 17:02:00
9e6049e1-73ce-4584-8845-80c65531ad9e,odata:vote:38324,plenum,,,,"הצעת חוק למניעת העסקה בתחום החינוך והטיפול של אדם שהורשע או שמואשם בתקיפה או בהתעללות בחסר ישע, התשפ""ג-2022",2023-02-22 16:45:00
c8e43aa8-f93c-44ee-8277-bf7ff7b70191,odata:vote:38322,plenum,,,,"הצעת חוק ההוצאה לפועל (תיקון - ביטול האפשרות לצוות על עיכוב יציאה מהארץ בגין חוב כספי נמוך), התשפ""ג-2023",2023-02-22 16:20:00
bfbdf573-00f3-49b3-a360-28241714fb11,odata:vote:38320,plenum,,,,"הצעת חוק רשות מקרקעי ישראל (תיקון - הקצאת קרקעות בנגב ובגליל לחיילים משוחררים ומשרתי שירות לאומי-אזרחי), התשפ""ג-2022",2023-02-22 15:58:00
342d4833-73f3-4821-a227-18890ba9f3e9,odata:vote:38321,plenum,,,,"הצעת חוק רשות מקרקעי ישראל (תיקון - הקצאת קרקעות בנגב ובגליל לחיילים משוחררים), התשפ""ג-2022",2023-02-22 15:56:00
bb8f9231-49f0-4d5d-ae0d-dd79021fdd15,odata:vote:38319,plenum,,,,"הצעת חוק להסדרת המגורים בשטחי מרעה, התשפ""ג–2022",2023-02-22 15:32:00
03b35f1d-0e9f-41bc-853d-8deaf6667d27,odata:vote:38317,plenum,,,,"הצעת חוק לתיקון פקודת בתי הסוהר (שלילת זכאות למימון שירותי בריאות משפרי איכות חיים לאסיר ביטחוני), התשפ""ג-2022",2023-02-22 15:21:00
89f20de1-a0ee-41e5-9123-762b9f8a776e,odata:vote:38316,plenum,,,,"הצעת חוק אימוץ ילדים (תיקון - כשירות המאמץ), התשפ""ג-2022",2023-02-22 14:31:00
7c0d2a9b-48a4-41d5-b4e0-2d4339b3d99a,odata:vote:38314,plenum,,,,"הצעת חוק שיפוט בתי דין דתיים (בוררות), התשפ""ג-2023",2023-02-22 14:08:00
c1c4d940-5877-431e-a781-dc563cceeee9,odata:vote:38311,plenum,,,,"הצעת חוק חג המצות (איסורי חמץ) (תיקון - איסור הצגת חמץ בפסח בבתי חולים), התשפ""ג-2022",2023-02-22 13:50:00
cd46544d-4337-49e9-a4ee-e2eb851f2a49,odata:vote:38313,plenum,,,,"הצעת חוק זכויות החולה (תיקון - הכנסת מזון למוסדות רפואיים בחג הפסח), התשפ""ג-2022",2023-02-22 13:49:00
dbb75824-302c-44fa-ab87-bc95a983cadf,odata:vote:38310,plenum,,,,"הצעת חוק זכויות החולה (תיקון - הכנסת מזון למוסדות רפואיים בחג הפסח), התשפ""ג-2023",2023-02-22 13:47:00
e01dc04d-59ed-48f1-b6e1-c72dcb2c4383,odata:vote:38327,plenum,,,,הצעת חוק-יסוד: הממשלה (תיקון - ביקורת שיפוטית לעניין כשירות במינוי),2023-02-22 10:40:00
82fab95e-44d0-4ce1-bfe2-ff9c714de72d,odata:vote:38308,plenum,,,,"הצעת חוק העונשין (תיקון - הארכת ההתיישנות בעבירות מין בקטינים), התשפ""ג-2022",2023-02-22 10:26:00
ee1893c1-59ea-4cb2-a35f-245b14c76a16,odata:vote:38306,plenum,,,,"הצעת חוק הרשות הלאומית למאבק בעוני, התשפ""ג-2023",2023-02-22 10:19:00
ad27f10e-a5b0-4142-9849-4c9ecae3bc6e,odata:vote:38305,plenum,,,,"הצעת חוק הרשות הלאומית למאבק בעוני, התשפ""ג-2022",2023-02-22 10:18:00
b712c1d1-fdbf-4f37-9b4e-e12e1f80b741,odata:vote:38303,plenum,,,,"הצעת חוק תאגידי מים וביוב (תיקון - הוראות שונות לעניין תאגידים אזוריים), התשפ""ג-2023",2023-02-22 09:45:00
6a443bac-ff56-48df-9945-3bf3c40916ee,odata:vote:38329,plenum,,,,הצעת חוק-יסוד: ההתגברות (תיקוני חקיקה),2023-02-21 22:00:00
7ae50781-0217-4d66-a5c3-91d4c652521e,odata:vote:38330,plenum,,,,"הצעת חוק לתיקון פקודת המשטרה (המחלקה לחקירת שוטרים), התשפ""ג-2022",2023-02-21 22:00:00
9e77e178-4daa-4a47-9f7e-161367e70446,odata:vote:38302,plenum,,,,"הודעת הממשלה על רצונה להחיל דין רציפות על הצעת חוק לתיקון פקודת הרופאים (מס' 13 והוראת שעה) (ביצוע פעולות בבית החולה), התשפ""ב-2022",2023-02-21 14:29:00
fb35c01a-7fca-4930-a4c9-1ae027f9feb1,odata:vote:38294,plenum,,,,"הצעת חוק הכניסה לישראל (תיקון מס' 35), התשפ""ג-2023",2023-02-21 02:09:00
dbb06bcf-972a-4db9-ba2b-e2dcd328ce96,odata:vote:38285,plenum,,,,"הצעת חוק הרשות השנייה לטלוויזיה ורדיו (תיקון מס' 48), התשפ""ג-2023",2023-02-21 02:03:00
8a335854-0408-4851-9cfe-af6665b6281c,odata:vote:38280,plenum,,,,"הצעת חוק שירות ביטחון (הוראת שעה) (הצבת יוצאי צבא בשירות בתי הסוהר) (תיקון מס' 10), התשפ""ג–2023",2023-02-21 01:37:00
66ab0c07-4b9b-4bbb-bee8-9182a710ceb3,odata:vote:38279,plenum,,,,החלטת הממשלה בדבר הקמת המשרד לעניינים אסטרטגיים ושינוי בחלוקת התפקידים בממשלה,2023-02-21 00:19:00
c6f86861-b2b6-4ded-86eb-3858cdc635d4,odata:vote:38296,plenum,,,,"הצעה להביע אי אמון בממשלה מטעם סיעת המחנה הממלכתי בנושא: ""התדרדרות במצב הביטחוני בירושלים וכישלון השר לביטחון לאומי במבצע ""חומת מגן 2""",2023-02-20 15:20:00
56c52bae-745e-4231-8986-63e749f35ca3,odata:vote:38295,plenum,,,,"הצעה להביע אי אמון בממשלה מטעם סיעת יש עתיד בנושא: ""השלמת ההפיכה המשפטית תפגע באחדות העם ותפרק את החברה הישראלית""",2023-02-20 15:00:00
a53a6e23-8b1c-4cf7-bb5f-68677dc0f296,odata:vote:38298,plenum,,,,הצעת חוק-יסוד: השפיטה (תיקון מס' 3) (חיזוק הפרדת הרשויות),2023-02-19 22:00:00
0613a98c-96ab-4383-af26-ffd352b765a7,odata:vote:38299,plenum,,,,"הצעת חוק בתי המשפט (תיקון מס' 105) (הוראות לעניין הוועדה לבחירת שופטים), התשפ""ג–2023",2023-02-19 22:00:00
de795879-48f5-4567-8096-70e8e04c13a7,odata:vote:38272,plenum,,,,"הצעה לסדר היום בנושא: ""חוסר מודעות של גופים ציבוריים למוגבלותם של קשישים בכל הקשור לדיגיטציה""",2023-02-15 18:25:00
f2e1b795-6367-4723-b717-5acf826621f7,odata:vote:38271,plenum,,,,"הצעה לסדר היום בנושא: ""הסתה וקידום נרטיב פלסטיני בתכני הלימוד של בתי הספר במזרח ירושלים""",2023-02-15 18:07:00
7d2784ce-aad4-4c4c-bbb8-f127d4364f1a,odata:vote:38270,plenum,,,,דבריו של היועץ המשפטי לממשלה לשעבר מנדלבליט על עיוות הדין שנעשה לרב דרעי,2023-02-15 17:36:00
aa0d0844-e501-4f5d-8b26-ab0e248d2b47,odata:vote:38266,plenum,,,,"הצעת חוק דמי מחלה (היעדרות בשל מחלת ילד) (תיקון - היעדרות בשל אשפוז פג), התשפ""ג-2023",2023-02-15 17:21:00
fee11842-58f9-4220-9c09-92f7af0ce20e,odata:vote:38267,plenum,,,,"הצעת חוק דמי מחלה (היעדרות בשל מחלת ילד) (תיקון - היעדרות בשל אשפוז פג), התשפ""ג-2022",2023-02-15 17:20:00
32fcaab6-90b6-4987-9267-d986fc5c6a81,odata:vote:38265,plenum,,,,"הצעת חוק תקיפה מינית על רקע לאומני (הרחבת הענישה על עבירות מין כדין ענישה בגין מעשה טרור), התשפ""ג-2022",2023-02-15 17:03:00
a3060738-51f7-4cb2-b459-5016fdc476d4,odata:vote:38263,plenum,,,,"הצעת חוק המאבק בכלי הנשק הבלתי חוקיים (תיקוני חקיקה) (הוראת שעה), התשפ""ג-2023",2023-02-15 16:47:00
a9d6c7b9-019e-4f1b-90a2-b8d9b48e69b9,odata:vote:38262,plenum,,,,"הצעת חוק מבקר המדינה (תיקון - הגנה על חושפי שחיתויות במשטרת ישראל), התשפ''ג-2022",2023-02-15 16:26:00
9031369f-8223-47c7-a806-532dde6eb533,odata:vote:38261,plenum,,,,"הצעת חוק המקרקעין (תיקון - מנגנון שבת למשאבת מים), התשפ""ג-2022",2023-02-15 16:19:00
7a107897-d150-44da-8f8b-84bb06ca007e,odata:vote:38260,plenum,,,,"הצעת חוק יישום תוכנית ההתנתקות (תיקון - ביטול סעיפי הפינוי), התשפ""ג-2023",2023-02-15 15:44:00
3ca2c953-c9ee-4e43-876d-fa72a97b00f2,odata:vote:38258,plenum,,,,"הצעת חוק גירוש משפחות מחבלים, התשפ""ג-2023",2023-02-15 14:54:00
c7db9aac-1b25-4384-aa7d-101dd5a2164a,odata:vote:38257,plenum,,,,"הצעת חוק גירוש משפחות מחבלים, התשפ""ג-2022",2023-02-15 14:52:00
421c2b5d-b62e-46a8-91b8-a65a5d87d40e,odata:vote:38248,plenum,,,,"הצעת חוק לביטול אזרחותו או תושבותו של פעיל טרור שמקבל תגמול עבור ביצוע מעשה הטרור (תיקוני חקיקה), התשפ""ג-2023",2023-02-15 13:53:00
fd40d139-de05-406b-a8e5-bb59d04f043f,odata:vote:38223,plenum,,,,"הצעת חוק שירות ביטחון (תיקון מס' 7 והוראת שעה) (שירות במשטרה ושירות מוכר) (תיקון מס' 18), התשפ""ג–2023",2023-02-14 15:16:00
9e5a7927-88a2-4ec3-b274-7e95e997b92b,odata:vote:38219,plenum,,,,"הודעת הממשלה על רצונה להחיל דין רציפות על הצעת חוק התחרות הכלכלית (איסור פגיעה ביבוא מקביל או ביבוא אישי) (הוראת שעה), התשפ""ב-2022",2023-02-14 14:57:00
8947a21b-07ee-4cc5-9b54-9a7a9d33fe76,odata:vote:38221,plenum,,,,"הודעת הממשלה על רצונה להחיל דין רציפות על הצעת חוק מיסוי מקרקעין (שבח ורכישה) (תיקון מס' 99), התשפ""ב-2022",2023-02-14 14:56:00
54d17db7-da74-41ee-a12f-44ea6cee7193,odata:vote:38220,plenum,,,,"הודעת הממשלה על רצונה להחיל דין רציפות על הצעת חוק סמכויות לאיסוף ואבחון של נתוני נוסעים הנכנסים לישראל או היוצאים ממנה, התשפ""ב-2022",2023-02-14 14:56:00
a2c21217-1217-454a-8d80-58083ca114b0,odata:vote:38215,plenum,,,,"הצעת חוק לייעול האכיפה והפיקוח העירוניים ברשויות המקומיות (הוראת שעה) (תיקון מס' 9), התשפ""ג-2023",2023-02-14 05:05:00
8569f0bf-8014-4363-98f7-611d5c3cd757,odata:vote:38275,plenum,,,,"החלטת ועדת החוץ והביטחון בדבר פיצול הצעת חוק שירות ביטחון (הצבת יוצאי צבא במשטרת ישראל ובשירות בתי הסוהר) (תיקוני חקיקה) (הוראת שעה) (תיקון), התשפ""ג-2023",2023-02-14 03:00:00
79318df2-5378-45a2-8ff4-a1fd7c2d752a,odata:vote:38273,plenum,,,,"הצעת חוק לפינוי שדות מוקשים ושטחי נפלים (תיקון מס' 2), התשפ""ג-2023",2023-02-14 02:39:00
dba3d6a3-563c-45da-b254-50039663ab4b,odata:vote:38226,plenum,,,,"הצעת חוק סמכויות מיוחדות להתמודדות עם נגיף הקורונה החדש (הוראת שעה) (תיקון מס' 12), התשפ""ג-2023",2023-02-13 23:05:00
66ce7226-443a-4af4-a702-a7e5a954910e,odata:vote:38278,plenum,,,,"הצעה להביע אי אמון בממשלה מטעם סיעת המחנה הממלכתי בנושא: ""נתניהו ודרעי דוהרים לשינוי המשטר בישראל למען אינטרסים אישיים""",2023-02-13 15:15:00
f7c894fb-6486-4c9f-8397-62bb35303742,odata:vote:38277,plenum,,,,"הצעת אי אמון מטעם סיעת יש עתיד בנושא: ""ההפיכה המשטרית והסכנה הוודאית הנשקפת למדיניות החוץ של ישראל""",2023-02-13 15:00:00
05149b23-abb0-4827-86bb-582ecfa9dd87,odata:vote:38118,plenum,,,,"החלטת הוועדה לביטחון לאומי בדבר פיצול הצעת חוק לייעול האכיפה והפיקוח העירוניים ברשויות המקומיות (הוראת שעה) (תיקון מס' 8), התשפ""ב-2022",2023-02-08 19:43:00
68a34a3b-967c-45d2-909c-53fd7b9a0ce9,odata:vote:38116,plenum,,,,"הצעת חוק לתיקון פקודת מס הכנסה (מס' 263), התשפ""ג-2023",2023-02-08 19:31:00
06dda3de-4d0f-4e03-b57e-85246460672a,odata:vote:38113,plenum,,,,"הצעת חוק ההוצאה לפועל (נגיף הקורונה החדש – תיקון מס' 68 והוראת שעה) (תיקון מס' 2), התשפ""ג-2023",2023-02-08 18:38:00
8663a477-98e7-4669-9c07-532539930565,odata:vote:38110,plenum,,,,"הצעת חוק המרכז לגביית קנסות, אגרות והוצאות (תיקון מס' 19 והוראת שעה) (תיקון), התשפ""ג-2023",2023-02-08 17:57:00
ebf13dae-ca4d-47ca-af2d-61ad7970710e,odata:vote:38098,plenum,,,,"הצעת חוק לתיקון פקודת בתי הסוהר (מס' 61 והוראת שעה), התשפ""ג-2023",2023-02-08 15:38:00
116e5541-7561-45b1-a666-273c3a5fadcb,odata:vote:38093,plenum,,,,"הודעת הממשלה על רצונה להחיל דין רציפות על הצעת חוק הרשות הלאומית לביטחון קהילתי (תיקון מס' 2), התשפ""ב-2022",2023-02-08 12:07:00
44972f4c-e2e9-4892-9023-e4cfdaa4b7b7,odata:vote:38094,plenum,,,,"הודעת הממשלה על רצונה להחיל דין רציפות על הצעת חוק ההוצאה לפועל (תיקון מס' 71) (ריבית ודמי פיגורים), התשפ""ב-2022",2023-02-08 12:06:00
3f6a8a77-9f45-44d2-b070-e56a12075a06,odata:vote:38095,plenum,,,,"הודעת הממשלה להחיל דין רציפות על הצעת חוק פסיקת ריבית והצמדה (תיקון מס' 9), התשפ""ב-2022",2023-02-08 12:05:00
72bb59b5-a91d-4971-85d0-0a858c8550ec,odata:vote:38092,plenum,,,,"הצעה לסדר היום בנושא: ""היערכות המדינה לרעידות אדמה""",2023-02-08 11:30:00
d155e352-c0ab-4150-8576-ef22c0486bd1,odata:vote:38091,plenum,,,,"הצעה לסדר היום בנושא: ""פגיעה בבתי כנסת ומצוקת הקהילה היהודית באוקראינה בעקבות מלחמת רוסיה אוקראינה""",2023-02-08 11:09:00
b5d82b3a-5435-4b2c-853f-d15e0e2658dc,odata:vote:38090,plenum,,,,"הצעה לסדר היום בנושא: ""פקיעת הוראת השעה לזכאות לכפל קצבאות""",2023-02-08 10:50:00
f4059e99-5cbe-4222-88b8-d7bb6aea8853,odata:vote:38089,plenum,,,,"הצעת חוק לעניין ועדות הכנסת (תיקוני חקיקה והוראת שעה), התשפ""ג-2023",2023-02-07 15:04:00
5118823b-ef15-4aa4-a37e-91183b454b68,odata:vote:38081,plenum,,,,"הצעת חוק שירות ביטחון (הצבת יוצאי צבא במשטרת ישראל ובשירות בתי הסוהר) (תיקוני חקיקה) (הוראת שעה) (תיקון), התשפ""ג-2023",2023-02-07 01:25:00
482ebcaa-5099-4d97-9d51-b0163733c4de,odata:vote:38085,plenum,,,,"החלטת הממשלה בהתאם לסעיף 31(ב) לחוק יסוד: הממשלה, להעביר לשר הנגב, הגליל והחוסן הלאומי סמכויות הנתונות לשרים אחרים לפי חוק",2023-02-05 22:00:00
92534252-2f21-4928-a2dc-51d27bff7fa3,odata:vote:38082,plenum,,,,"הצעה להביע אי אמון בממשלה מטעם סיעת יש עתיד בנושא: ""החקיקה נגד הדמוקרטיה של הממשלה מובילה להפקרות כלכלית ופגיעה באזרחי ישראל""",2023-02-05 22:00:00
7966d32c-d71f-49bc-8d2f-22dc25f38b65,odata:vote:38083,plenum,,,,"הצעה להביע אי אמון בממשלה מטעם סיעת המחנה הממלכתי בנושא: ""ממשלה שהורסת את הכנסת והמסורת הפרלמנטרית בישראל""",2023-02-05 22:00:00
660dfbfe-d7e9-42c8-97e4-9e9821355f40,odata:vote:38079,plenum,,,,בחירת ועדות,2023-02-01 14:21:00
0453aff5-5bf3-4756-b4fc-e814bcf0a95c,odata:vote:38077,plenum,,,,הצעה על תיקון תקנון הכנסת,2023-02-01 12:56:00
24d89a7d-16f3-41b8-82fd-8d513679bdf8,odata:vote:38074,plenum,,,,"הודעת הממשלה על החלת דין רציפות עלהצעת חוק לייעול האכיפה והפיקוח העירוניים ברשויות המקומיות (הוראת שעה) (תיקון מס' 8), התשפ""ב-2022",2023-02-01 12:53:00
b2066fb4-343a-4d8c-973f-8415e0c72451,odata:vote:38075,plenum,,,,"הודעת הממשלה על החלת דין רציפות עלהצעת חוק הכניסה לישראל (תיקון מס' 34), התשפ""ב-2022",2023-02-01 12:52:00
9aa68d4d-685e-412e-a228-97c31f223368,odata:vote:38076,plenum,,,,"הודעת הממשלה על החלת דין רציפות על הצעת חוק הכניסה לישראל (תיקון מס' 33) (נטילת אמצעי זיהוי ביומטריים מזרים והפקת נתוני זיהוי ביומטריים), התשפ""ב-2021",2023-02-01 12:51:00
ef46ed9e-3ef7-4231-8ca6-08d9b3c7bc79,odata:vote:38073,plenum,,,,"הצעה לסדר היום בנושא: ""טיפול ביוקר המחייה ובלימת ההתייקרות במשק""",2023-02-01 12:43:00
a4bde050-6c34-4972-9d25-1da86b713730,odata:vote:38072,plenum,,,,"הצעה לסדר היום בנושא: ""משבר גיוס חיילי המילואים וההוקרה הראויה להם""",2023-02-01 12:18:00
18211b21-1915-4e14-811a-48ae07483d15,odata:vote:38071,plenum,,,,"הצעה לסדר היום בנושא: ""נהלי חקירה משטרתית באירועי הגנה עצמית""",2023-02-01 11:59:00
e91faa1a-f2a1-4ad0-b2aa-a505f44dda92,odata:vote:38070,plenum,,,,"הצעה לסדר היום בנושא: ""תקיפת הצוותים הרפואיים בבתי החולים""",2023-02-01 11:46:00
0ce7b2f6-2501-4cad-b311-9b75a60cbd9e,odata:vote:38068,plenum,,,,"הצעה לסדר היום בנושא: ""הזנחה מתמדת של דירות הדיור הציבורי על ידי עמידר ותנאי המחייה של דיירי הדיור הציבורי""",2023-02-01 11:20:00
77386c27-4fe4-4f96-a4d0-fca0650bdfce,odata:vote:38064,plenum,,,,החלטת הממשלה בדבר העברת סמכויות לשר המורשת,2023-01-29 22:00:00
a4916555-d669-4a93-9238-40ae70405946,odata:vote:38060,plenum,,,,"החלטת הממשלה בדבר הקמת משרד העבודה, מינוי שר העבודה, שינוי בחלוקת התפקידים בממשלה והעברת סמכויות",2023-01-29 22:00:00
d82e5cd1-6394-41ea-bacc-a7419fab05f0,odata:vote:38061,plenum,,,,"הצעת חוק לתיקון פקודת בתי הסוהר (מס' 60 והוראת שעה), התשפ""ג-2023",2023-01-29 22:00:00
1858d556-3638-4384-90b6-bcb3cf79656c,odata:vote:38058,plenum,,,,"הצעה להביע אי אמון בממשלה מטעם סיעת רע""מ בנושא: ""התעלמותה של הממשלה הנוכחית מהחברה הערבית בקווי יסוד הממשלה ובהסכמים הקואליציוניים""",2023-01-29 22:00:00
50a79216-ab0a-4c79-aec9-e5aa7992d8c6,odata:vote:38057,plenum,,,,"הצעה להביע אי אמון בממשלה מטעם סיעת יש עתיד בנושא: ""פגיעה אנושה של הממשלה בזהותה היהודית של מדינת ישראל""",2023-01-29 22:00:00
8b874a14-0bd2-4dd5-b8f8-6c0c02082b41,odata:vote:38048,plenum,,,,בחירת ועדות לעיניין מסויים,2023-01-25 10:33:00
df68746e-a4d4-450d-a4a9-cd297df40dee,odata:vote:38047,plenum,,,,"הצעה לסדר היום בנושא: ""עליית מחירי הנדלן""",2023-01-25 10:10:00
b9649803-7b86-4a6c-82cd-61a6224021e7,odata:vote:38044,plenum,,,,"הודעת הממשלה על רצונה להחיל דין רציפות על הצעת חוק רכבת תחתית (מטרו) (תיקון), התשפ""א-2021",2023-01-24 18:18:00
2901ce04-a972-48c8-9b79-f54d698eff39,odata:vote:38043,plenum,,,,"הודעת הממשלה על רצונה להחיל דין רציפות על סימן ג' בפרק ב' (המועצה המאסדרת) בפרק כ""א בחוק התכנית הכלכלית (תיקוני חקיקה ליישום המדיניות הכלכלית לשנות התקציב 2021 ו-2022), התשפ""ב-2021",2023-01-24 18:18:00
178939c9-f53d-4136-aa53-56f15c400edc,odata:vote:38041,plenum,,,,"הצעת חוק להארכת תוקפן של תקנות שעת חירום (יהודה והשומרון – שיפוט בעבירות ועזרה משפטית), התשפ""ג-2023",2023-01-24 17:53:00
7ea2c161-98b1-45c0-81a5-4f8a3118f08a,odata:vote:38032,plenum,,,,הצעת חוק-יסוד: הכנסת (תיקון מס' 52),2023-01-23 21:11:00
b17b116a-b5ca-4669-ab3e-4750a7d842f6,odata:vote:38046,plenum,,,,"הצעה להביע אי אמון בממשלה מטעם סיעת המחנה הממלכתי בנושא: ""ממשלה מתנפחת וחסרת מעצורים""",2023-01-22 22:00:00
033da8ba-afbe-4622-b9bc-aee7466f4b8c,odata:vote:38049,plenum,,,,"הצעה להביע אי אמון בממשלה מטעם סיעת ישראל ביתנו בנושא: ""פגיעה קשה ומתמשכת בערכי היהדות, ע""י ראשי ש""ס ויהדות התורה""",2023-01-22 22:00:00
6cfe0e08-f706-4db8-a929-924c0484df02,odata:vote:38045,plenum,,,,"הצעה להביע אי אמון בממשלה מטעם סיעת יש עתיד בנושא: ""ניסיון הרמייה של ראש הממשלה החלש את בוחריו בנושא המהפכה המשטרית וביטול הדמוקרטיה דה פקטו""",2023-01-22 22:00:00
974aeceb-9f5a-4238-af0a-9dabdeb0df78,odata:vote:37939,plenum,,,,בחירת סגנים זמניים ליושב ראש הכנסת,2023-01-18 12:02:00
97b277ca-62e5-495d-becc-0d1c0ffd1d0c,odata:vote:37938,plenum,,,,"הצעה לסדר היום בנושא: ""דו""ח ממדי העוני של המוסד לביטוח לאומי""",2023-01-18 11:21:00
4fd00d34-84b4-43de-8072-b7a446ec40b2,odata:vote:37937,plenum,,,,"הצעה לסדר היום בנושא: ""הפרת פסיקת בג״ץ על ניתוקי חשמל""",2023-01-18 10:48:00
a06697a5-783c-4f0f-a268-d41a7a755238,odata:vote:37933,plenum,,,,"הודעת יו""ר ועדת הכנסת בדבר הקמת ועדה משותפת לדיון בהצעות חוק בנושא: ""ביטול אזרחותו או תושבותו של פעיל טרור שמקבל תגמול עבור ביצוע מעשה הטרור""",2023-01-16 16:36:00
901e539b-3bfc-42be-a693-d2efdda9ea27,odata:vote:37948,plenum,,,,"החלטת הממשלה בהתאם לסעיף 31(ג) לחוק יסוד: הממשלה, להקים את משרד ההסברה ולמנות את השרה גלית דיסטל אטבריאן בהתאם לסעיף 31(א) לחוק-יסוד: הממשלה לתפקיד שרת ההסברה",2023-01-15 22:00:00
0a33d746-e750-4bc8-b27d-b000283152c0,odata:vote:37944,plenum,,,,הצעת חוק-יסוד: הכנסת (תיקון מס' 52) (הפסקת חברות בכנסת של שר או סגן שר),2023-01-15 22:00:00
af52347e-a983-4e45-a6f8-795f60591c76,odata:vote:37947,plenum,,,,"החלטת הממשלה בהתאם לסעיף 15 לחוק יסוד: הממשלה, ועל פי הצעת ראש הממשלה, לצרף את חברת הכנסת מאי גולן כשרה בלי תיק במשרד ראש הממשלה",2023-01-15 22:00:00
bb8fb025-2662-404a-818b-910a0b28b91b,odata:vote:37941,plenum,,,,"הצעה להביע אי אמון בממשלה מטעם סיעת המחנה הממלכתי בנושא: ""התוכנית המסוכנת של הממשלה לשינוי המשטר בישראל""",2023-01-15 22:00:00
bc7bd721-91c9-42af-bfb9-58e24172eba8,odata:vote:37940,plenum,,,,"הצעה להביע אי אמון בממשלה מטעם סיעת יש עתיד בנושא: ""הרפורמה השיפוטית בבית המשפט העליון שמטרתה היחידה היא הרס מוחלט של המבנה החוקתי ופגיעה אנושה בדמוקרטיה הישראלית""",2023-01-15 22:00:00
0a9f2e9f-fb79-4718-9691-3646746e602f,odata:vote:37949,plenum,,,,"הצעת חוק לפינוי שדות מוקשים (תיקון מס' 2), התשפ""ג-2023",2023-01-15 22:00:00
24f86222-a119-484e-ba61-ec1ead5b1637,odata:vote:37932,plenum,,,,"הצעה לסדר היום בנושא: ""מספר תאונות העבודה שבהן נהרגו עובדים ונפצעו קשה ובינוני, היה הגבוה ביותר בארבע שנים האחרונות""",2023-01-11 11:02:00
a7523a8a-1aee-482a-a64c-6e5c5679e440,odata:vote:37927,plenum,,,,"הצעת חוק לביטול אזרחותו או תושבותו של פעיל טרור שמקבל תגמול עבור ביצוע מעשה הטרור (תיקוני חקיקה), התשפ""ג-2022",2023-01-11 10:52:00
e9c89458-a746-4189-b755-9a2ef4ddba9a,odata:vote:37917,plenum,,,,"הצעה להביע אי אמון בממשלה מטעם סיעת יש עתיד בנושא: ""חולשתו של ראש הממשלה נתניהו בהסכמתו לשר הקיצוני ביותר בממשלתו לעלות להר הבית בחוסר אחריות מדינית ופגיעה ישירה ביחסי החוץ של מדינת ישראל""",2023-01-08 22:00:00
f3c5f5a2-6363-4e21-a26d-0ff715c5621f,odata:vote:37921,plenum,,,,"החלטת הממשלה בהתאם לסעיף 31(א) לחוק-יסוד: הממשלה, לשנות את חלוקת התפקידים בממשלה כך שהשר איתמר בן גביר יכהן גם בתפקיד השר לחיזוק וקידום קהילתי וזאת עד למועד שבו ייכנס לתוקף ביטול המשרד לחיזוק וקידום קהילתי.",2023-01-08 22:00:00
7079dd1c-51a7-4aef-98a5-8bb8f57bb961,odata:vote:37918,plenum,,,,"הצעה להביע אי אמון בממשלה מטעם סיעת המחנה הממלכתי בנושא: ""ממשלה שמייצרת משברים בין לאומיים כבר מראשית דרכה""",2023-01-08 22:00:00
d7293bb5-d667-4822-92b1-d0544dc5c74b,odata:vote:37919,plenum,,,,"הצעה להביע אי אמון בממשלה מטעם סיעת ישראל ביתנו בנושא: ""ביטול צביונה של מדינת ישראל כמדינה ציונית וליברלית ומחיקת כל זכר לעקרון השוויון בנטל הביטחוני והכלכלי""",2023-01-08 22:00:00
9744606c-b50a-4335-a5fb-1df462aab032,odata:vote:37900,plenum,,,,הצעת הוועדה המסדרת בדבר הרכב הוועדות,2023-01-04 11:26:00
bf44adbe-9e80-4efc-b9a5-9660b416804d,odata:vote:37903,plenum,,,,"החלטת הממשלה בהתאם לסעיף 15 לחוק-יסוד: הממשלה, לצרף את חברי הכנסת גילה גמליאל ומאיר פרוש כשרים נוספים לממשלה והחלטתה בהתאם לסעיף 31(א) לחוק-יסוד: הממשלה לשנות את חלוקת התפקידים בממשלה ולמנות את השרה גילה גמליאל לתפקיד שרת המודיעין, במקומו של השר יריב לוין",2023-01-01 22:00:00
e94bc014-4a6d-4c95-a284-f85bee3764a2,odata:vote:37901,plenum,,,,"הצעה להביע אי אמון בממשלה מטעם סיעת יש עתיד: ""חולשתו של נתניהו בהליך המשא ומתן הקואליציוני מול שותפיו הקיצוניים שהוביל למכירת הערכים ופירוק יסודות המדינה והקמת הממשלה הקיצונית והחשוכה ביותר מקום המדינה""",2023-01-01 22:00:00
103fca98-c095-481a-8b3c-448de5381dda,odata:vote:37902,plenum,,,,"הצעה להביע אי אמון בממשלה מטעם סיעת המחנה הממלכתי בנושא: ""ממשלת פירוק על מלא – ממשלה בתהליך הקמתה מפרקת לרסיסים את משרדי הממשלה ומוסדות המדינה""",2023-01-01 22:00:00
8c52f2f6-1ec0-4ad4-a57c-056cb6f1fbec,odata:vote:37889,plenum,,,,בחירת יושב ראש הכנסת,2022-12-29 14:25:00
0ea44f6b-9c46-44d9-91ca-ae99214782c5,odata:vote:37888,plenum,,,,כינון הממשלה - דיון,2022-12-29 14:07:00
96691985-bdff-4869-a855-eb69e7ac69f1,odata:vote:37885,plenum,,,,"הצעת חוק לתיקון פקודת המשטרה (מס' 37), התשפ""ג-2022",2022-12-28 09:41:00
da37db37-1c5c-46ce-9d90-0e3a74fed921,odata:vote:37795,plenum,,,,הצעת חוק-יסוד: הממשלה (תיקון מס' 11),2022-12-27 05:12:00
efdd1d73-22dd-420d-8cef-9f250826cc4a,odata:vote:37728,plenum,,,,"החלטת הוועדה המיוחדת לדיון בהצעת חוק לתיקון פקודת המשטרה (מס' 39) (סמכויות), התשפ""ג-2022 בדבר פיצול הצעת החוק",2022-12-26 19:28:00
87002739-71bd-4295-b40d-838788dc57e0,odata:vote:37718,plenum,,,,"הצעת חוק לתיקון פקודת המשטרה (מס' 39) (סמכויות), התשפ""ג-2022",2022-12-20 12:42:00
16faaccd-7724-41b1-a76a-de7afd68c82d,odata:vote:37714,plenum,,,,"הצעת חוק הכנסת (תיקון מס' 51), התשפ""ג-2022",2022-12-19 11:42:00
38979b62-cd04-4f4c-97a7-9d358e0486b1,odata:vote:37717,plenum,,,,הצעת חוק-יסוד: הממשלה (תיקון מס' 14) (שר נוסף במשרד וכשירותם של השרים) (פ/91/25),2022-12-14 22:50:00
d8675cbf-a51b-4bb3-bb95-7ccd627d76a8,odata:vote:37716,plenum,,,,"הצעת חוק הכנסת (תיקון מס' 52) (מספר חברי הכנסת הנדרש להתפלגות סיעה), התשפ""ג-2022",2022-12-14 08:00:00
0243fc64-703e-45cf-aec8-55e855fa19c6,odata:vote:37684,plenum,,,,"הצעת חוק הכנסת (תיקון - מספר חברי הכנסת להתפלגות סיעה), התשפ""ג-2022",2022-12-13 19:43:00
8ae95c46-b8b4-4c91-ac8d-9462031b7a85,odata:vote:37683,plenum,,,,הצעת חוק-יסוד: הממשלה (תיקון - שר נוסף במשרד),2022-12-13 19:37:00
6fcc3d9d-3bf1-48bf-8e1f-eae50d8d32e6,odata:vote:37688,plenum,,,,בחירת יושב ראש הכנסת ה-25,2022-12-13 08:39:00
e0ccde6b-cab0-4e3f-a2e2-005ec3935c51,odata:vote:37724,plenum,,,,הקמת ועדות מיוחדות לדיון בחקיקה לקראת כינון הממשלה,2022-12-13 08:10:00
2761f48c-fae6-49ca-b9a0-6dc537dfc26c,odata:vote:37690,plenum,,,,"הצעת חוק לתיקון פקודת המשטרה (סמכויות), התשפ""ג-2022",2022-12-12 22:00:00
8d04b88e-783b-496d-9251-5c3003e72edf,odata:vote:37689,plenum,,,,הצעת חוק-יסוד: הממשלה (תיקון - כשירותם של שרים),2022-12-12 22:00:00
4b15177e-524a-4510-9ce1-d83c34ddd46e,odata:vote:37658,plenum,,,,הודעת יושב ראש הוועדה המסדרת על בחירת ועדות זמניות לענייני כספים ולענייני חוץ וביטחון,2022-11-15 22:00:00
3f52a5d3-afde-4543-b336-aa72e21c0752,odata:vote:37581,plenum,,,,"הצעה לסדר היום בנושא: ""משבר הדיור""",2022-09-19 12:17:00
b457719f-016d-4d94-9a93-4bf8b92b7125,odata:vote:37582,plenum,,,,"הצעה לסדר היום בנושא: ""יוקר מחיה חסר תקדים""",2022-09-19 11:30:00
e28c39aa-c17c-4b2d-9923-e8a8860b676c,odata:vote:37583,plenum,,,,"הצעת חוק סמכויות לאיסוף ואבחון של נתוני נוסעים הנכנסים לישראל או היוצאים ממנה, התשפ""ב-2022",2022-09-19 11:00:00
b5ef78d9-7270-46c1-a6dc-5f81f228dfa2,odata:vote:37584,plenum,,,,"הצעת חוק ההתייעלות הכלכלית (תיקוני חקיקה להשגת יעדי התקציב לשנות התקציב 2017 ו-2018) (תיקון - הקצאת סכום לרשויות המקומיות הסמוכות לנמל התעופה בן-גוריון), התשפ""א-2021",2022-09-19 10:32:00
45a82162-aa6b-4a1d-b3ed-55a1056dd19f,odata:vote:37585,plenum,,,,"הצעת חוק ההתייעלות הכלכלית (תיקוני חקיקה להשגת יעדי התקציב לשנות התקציב 2017 ו-2018 (תיקון מס' 8) (הקצאת סכום לרשויות המקומיות הסמוכות לנמל התעופה בן-גוריון), התשפ""ב-2022",2022-09-19 10:31:00
90748057-0b39-49ec-80f2-e58cb98fd64a,odata:vote:37586,plenum,,,,"הצעת חוק שימוש בזרע של נפטר לשם הולדה, התשפ""ב–2022",2022-09-19 09:47:00
81ea0c3c-209e-4a8f-9083-39d30a408441,odata:vote:37587,plenum,,,,"הצעת חוק הכניסה לישראל (תיקון מס' 35 – הוראת שעה – נגיף הקורונה החדש), התשפ""ב-2022",2022-09-19 08:55:00
d87edefe-67c8-469c-a7ce-57dadd540549,odata:vote:37589,plenum,,,,"הודעת הממשלה על העברת סמכות לפי סעיף 12א לחוק שירותי הדת היהודיים [נוסח משולב], התשל""א-1971, משר המשפטים לשר לשירותי דת.",2022-09-19 08:42:00
39784c92-ab83-4027-b625-027e3960a539,odata:vote:37578,plenum,,,,"הצעת חוק הסדרת העיסוק בעבודה במערכת קירור או מיזוג אוויר, התשפ""ב-2022",2022-08-15 11:19:00
e43b9055-d136-40dd-8a88-f8c5c4648551,odata:vote:37577,plenum,,,,"הצעת חוק לעידוד תעשייה עתירת ידע, התשפ""ב-2021",2022-08-15 11:07:00
95dc36e7-9b70-4bbe-a056-f7fd62604349,odata:vote:37572,plenum,,,,"הצעת חוק הפטנטים (תיקון מס' 14) (הגברת התחרותיות), התשפ""ב-2022",2022-08-15 10:41:00
bc3e2431-4c45-47b9-9dd1-e02b6dff5ef2,odata:vote:37571,plenum,,,,"הצעת חוק ההוצאה לפועל (תיקון מס' 73) (תחליף המצאת התראה וזכות להתגונן בתביעה על סכום קצוב), התשפ""ב-2022",2022-08-15 10:23:00
8aaf4b5c-351c-46d3-8ba1-13dabc2cb466,odata:vote:37570,plenum,,,,"הצעת חוק העונשין (תיקון מס' 146) (תקיפת עובד ציבור שהוא מטפל או ממלא תפקיד בארגון חירום והצלה טרום אשפוז או בחדר מיון), התשפ""ב-2022",2022-08-15 09:59:00
2c27b0c2-cbbe-4d90-ac5a-6d2ec52c5422,odata:vote:37568,plenum,,,,"הצעת חוק נכסים של נספי השואה (השבה ליורשים והקדשה למטרות סיוע והנצחה) (תיקון מס' 5), התשפ""ב-2022",2022-08-15 09:18:00
3ad3be08-ac28-4d55-a67f-7c2c3813b531,odata:vote:37567,plenum,,,,"הצעת חוק הנכים (תגמולים ושיקום) (תיקון מס' 33), התשפ""ב-2022",2022-08-15 09:08:00
160ee547-c50a-47c9-90a8-9eccc3f656b6,odata:vote:37565,plenum,,,,"בקשת הממשלה להעברת מניות של חברת ״מקורות המוביל הארצי ונכסים בע״מ״ במסגרת מיזוגה לתוך חברת ״מקורות חברת המים בע״מ״, בהתאם לסעיף 5(ד)(1) לחוק נכסי המדינה, התשי״א-1951",2022-08-15 08:35:00
feddb818-0eb6-4466-9854-34d8b5f8f5f2,odata:vote:37564,plenum,,,,"החלטת הממשלה בהתאם לסעיף 31(ב) לחוק יסוד: הממשלה, להעביר לשר הביטחון את סמכות שר המשפטים לפי סעיף 2(ב) סיפה לחוק המידע הפלילי ותקנת השבים, התשע""ט-2019",2022-08-15 08:22:00
