id,external_key,event_kind,bill_id,committee_id,reading,title_he,voted_at,votes_for,votes_against,votes_abstain,total_votes,divisive_topic_gemini,divisive_confidence_gemini
e0796043-2f88-4b45-9931-5f597e4547bc,odata:vote:46700,plenum,,,,"הצעת חוק נוכחות עורך דין בחקירת קטינים ואנשים עם מוגבלות (תיקוני חקיקה והוראת שעה), התשפ""ו-2026",2026-07-28 11:43:00,1,0,0,1,קונצנזוס / ללא מחלוקת,0.2
05e9dea4-eab4-4889-b00a-26578664a9e1,odata:vote:46698,plenum,,,,"הצעת חוק לעידוד פעילות בשוק ההון (תיקוני חקיקה), התשפ""ד-2024",2026-07-28 11:27:00,2,0,0,2,"תקציב, חוק ההסדרים וכלכלה",0.85
b8c2d2b1-c4db-41a5-b3aa-12b937a2ea83,odata:vote:46696,plenum,,,,"הצעת חוק שירות הקבע בצבא הגנה לישראל (גימלאות) (תיקון מס' 39), התשפ""ו-2026",2026-07-28 11:21:00,2,0,0,2,קונצנזוס / ללא מחלוקת,0.2
913ad97a-ac7b-49b6-b2ff-a0e91904bc1e,odata:vote:46695,plenum,,,,"החלטת ועדת הכספים בדבר פיצול הצעת חוק לעידוד פעילות בשוק ההון (תיקוני חקיקה), התשפ""ד-2024",2026-07-28 11:10:00,2,0,0,2,"תקציב, חוק ההסדרים וכלכלה",0.85
2a33c2f2-bd55-4909-94d8-829944f528b9,odata:vote:46691,plenum,,,,"הצעת חוק לתיקון פקודת בתי הסוהר (הארכת הוראות שעה) (תיקוני חקיקה), התשפ""ו-2026",2026-07-28 10:32:00,2,0,0,2,"סמכויות אכיפה, משטרה ושב""ס",0.85
48ded9d6-883e-46d5-9eb1-a54a45c38248,odata:vote:46686,plenum,,,,"הצעת חוק התכנון והבנייה (תיקון מס' 168), התשפ""ו-2026",2026-07-28 09:55:00,3,0,0,3,קונצנזוס / ללא מחלוקת,0.2
7966d7ae-ed58-48e6-af6c-901f698e6b84,odata:vote:46684,plenum,,,,"הצעת חוק לתיקון פקודת העיריות (מס' 162), התשפ""ו–2026",2026-07-28 09:43:00,3,0,0,3,קונצנזוס / ללא מחלוקת,0.2
a2399c02-bfab-4979-9e73-211e56c83a72,odata:vote:46681,plenum,,,,"הצעת חוק לתיקון ולהארכת תוקפן של תקנות שעת חירום (חרבות ברזל) (הארכת מעצר לחשוד בעבירת בטחון) (תיקון מס' 9), התשפ""ו-2026",2026-07-28 09:18:00,2,0,0,2,"סמכויות אכיפה, משטרה ושב""ס",0.85
435c4ae9-82ba-4b9b-b8a9-4da038a828b5,odata:vote:46679,plenum,,,,"הצעת חוק לתיקון ולהארכת תוקפן של תקנות שעת חירום (חרבות ברזל) (פגישה עם עורך דין של עצור בעבירת ביטחון) (תיקון מס' 8), התשפ""ו-2026.",2026-07-28 09:12:00,2,0,0,2,קונצנזוס / ללא מחלוקת,0.2
a26b457c-d5e9-40a8-9d63-ac0a010226ea,odata:vote:46669,plenum,,,,"הצעת חוק המרכז להנצחת זכרו של רבי נחמן מברסלב, התשפ""ו-2026",2026-07-17 02:10:00,2,0,0,2,קונצנזוס / ללא מחלוקת,0.2
29e9c5e6-0e03-48ed-9488-e7548f82fb8c,odata:vote:46667,plenum,,,,"הצעת חוק זיכרון הטבח והנצחת הגבורה ביום כ""ב בתשרי (שמחת תורה) – 7 באוקטובר, התשפ""ו– 2026 (פ/4043/25,כ/1153) (פ/4900/25)",2026-07-17 01:54:00,4,0,0,4,קונצנזוס / ללא מחלוקת,0.2
bdbc5b32-918c-43aa-9d5b-85b2f2111268,odata:vote:46664,plenum,,,,"הצעת חוק הרשות לפיתוח הנגב (תיקון מס' 4) (תיקון מס' 2), התשפ""ו–2026",2026-07-17 01:32:00,5,0,0,5,קונצנזוס / ללא מחלוקת,0.2
b6cec2b4-6d2e-44e3-b353-b43d940f0498,odata:vote:46666,plenum,,,,המלצת ועדת הכנסת בדבר מינוי סגן ליושב ראש הכנסת,2026-07-17 01:30:00,5,0,0,5,הצעות אי-אמון ופרוצדורה,0.85
da03de19-f8bf-4653-a5b3-1eba86166e6f,odata:vote:46663,plenum,,,,"הצעת חוק הביטוח הלאומי (תיקון מס' 268) (הסעת יולדת באמבולנס), התשפ""ו–2026",2026-07-17 01:18:00,5,0,0,5,קונצנזוס / ללא מחלוקת,0.2
92c33820-4822-4c31-86ae-c24eb710f6b4,odata:vote:46662,plenum,,,,"הצעת חוק ההתיישנות (תיקון מס' 10), התשפ""ו–2026 (פ/2569/25)",2026-07-17 00:53:00,12,0,0,12,קונצנזוס / ללא מחלוקת,0.2
42e6a698-d337-4680-bbf7-47b7f7ee9ad9,odata:vote:46659,plenum,,,,"הצעת חוק חופשה שנתית (תיקון מס' 17), התשפ""ו–2026",2026-07-17 00:36:00,10,0,0,10,קונצנזוס / ללא מחלוקת,0.2
5f110e01-0f1a-4ec6-bade-2dff68d3ed26,odata:vote:46657,plenum,,,,"הצעת חוק להנצחת זכרה של גולדה מאיר, התשפ""ו–2026 (פ/4905/25)",2026-07-17 00:27:00,5,0,0,5,קונצנזוס / ללא מחלוקת,0.2
d509107d-90fc-4da1-b1e5-11810e9c725d,odata:vote:46656,plenum,,,,"הצעת חוק יום לציון מורשת יהדות מרוקו וצפון אפריקה, התשפ""ו–2026 (פ/6382/25)",2026-07-17 00:00:00,5,0,0,5,קונצנזוס / ללא מחלוקת,0.2
7122f4c2-9275-4c49-9adc-e3540e1e49ad,odata:vote:46653,plenum,,,,"הצעת חוק הגנת הצרכן (תיקון מס' 73), התשפ""ה-2025 (פ/2936/25) (פ/3535/25)",2026-07-16 23:49:00,5,0,0,5,קונצנזוס / ללא מחלוקת,0.2
5b378541-b540-41c5-81e9-5ebbae6a2088,odata:vote:46651,plenum,,,,"הצעת חוק זכויות הסטודנט (תיקון מס' 11), התשפ""ו–2026",2026-07-16 23:37:00,5,0,0,5,קונצנזוס / ללא מחלוקת,0.2
56609b01-b90e-4f0d-ae8e-6bacab47a5ae,odata:vote:46649,plenum,,,,"הצעת חוק זכויות נפגעי עבירה (תיקון מס' 23) (שמירת ערכות ייעודיות ישנות במשטרת ישראל), התשפ""ו–2026",2026-07-16 23:29:00,4,0,0,4,קונצנזוס / ללא מחלוקת,0.2
06e79905-7384-463c-8495-04e398af239a,odata:vote:46650,plenum,,,,"הצעת חוק זכויות נפגעי עבירה (תיקון מס' 24) (הבעת עמדה לעניין איסור פרסום שמו של חשוד), התשפ""ו–2026",2026-07-16 23:25:00,4,0,0,4,קונצנזוס / ללא מחלוקת,0.2
91e1a890-fef4-4375-aa9d-55a8b7097d39,odata:vote:46647,plenum,,,,"הצעת חוק זכויות הסטודנט (תיקון - התאמות בהשכלה גבוהה לסטודנטים עקב מחלה קשה), התשפ""ו-2025",2026-07-16 23:21:00,3,0,0,3,קונצנזוס / ללא מחלוקת,0.2
2bf35924-d2eb-4b0a-8176-4d2d759881d1,odata:vote:46648,plenum,,,,"הצעת חוק זכויות הסטודנט (תיקון מס' 12) (התאמות עקב מחלה קשה), התשפ""ו–2026",2026-07-16 23:20:00,4,0,0,4,קונצנזוס / ללא מחלוקת,0.2
9437f38f-0bf9-47d1-a557-089fd378be58,odata:vote:46646,plenum,,,,"הצעת חוק תשלום בכרטיס אשראי בעד נסיעה בתחבורה ציבורית (תיקוני חקיקה), התשפ""ד–2024 (פ/3334/25)",2026-07-16 23:12:00,2,0,0,2,קונצנזוס / ללא מחלוקת,0.2
d807b75e-5a7e-4c4e-a60f-c9c6258c959c,odata:vote:46645,plenum,,,,"הצעת חוק לתיקון פקודת בתי הסוהר (הוראות שעה) (תיקוני חקיקה), התשפ""ו-2026",2026-07-16 23:07:00,1,0,0,1,"סמכויות אכיפה, משטרה ושב""ס",0.85
51b64513-272d-4490-8e11-e23920957c67,odata:vote:46644,plenum,,,,"הצעת חוק תקשורת דיגיטלית עם גופים ציבוריים (תיקון מס' 5), התשפ""ו-2026",2026-07-16 22:58:00,2,0,0,2,קונצנזוס / ללא מחלוקת,0.2
fec4a128-089e-4d12-9c09-aa7831f74e0c,odata:vote:46642,plenum,,,,"הצעת חוק הכניסה לישראל (תיקון מס' 41), התשפ""ה-2025",2026-07-16 22:50:00,1,0,0,1,קונצנזוס / ללא מחלוקת,0.2
3b12cb64-e300-46b6-a0ed-519220f6f322,odata:vote:46640,plenum,,,,"הצעת חוק משק הדלק (קווי תשתית), התשפ""ו-2026",2026-07-16 22:45:00,1,0,0,1,קונצנזוס / ללא מחלוקת,0.2
a2329cc7-9972-4484-ab0b-74c5e339c785,odata:vote:46636,plenum,,,,"הצעת חוק רשות מקרקעי ישראל (תיקון מס' 16) (הקצאת קרקע לרשות מקומית למיתקן לייצור חשמל מאנרגיה מתחדשת), התשפ""ו–2026",2026-07-16 22:38:00,2,0,0,2,קונצנזוס / ללא מחלוקת,0.2
dafb33af-d1b5-4698-976a-bba1342331ab,odata:vote:46635,plenum,,,,"הצעת חוק שמירת הניקיון (תיקון מס' 27 והוראת שעה), התשפ""ו-2026 (פ/3088/25)",2026-07-16 22:26:00,3,0,0,3,קונצנזוס / ללא מחלוקת,0.2
69a50f28-1978-4b23-82ff-5a7d7e2eb68c,odata:vote:46632,plenum,,,,"הצעת חוק לתיקון פקודת סדר הדין הפלילי (מעצר וחיפוש) (מס' 19 - הוראת שעה), התשפ""ו-2026",2026-07-16 21:53:00,3,0,0,3,"סמכויות אכיפה, משטרה ושב""ס",0.85
f1f241f4-1011-41ac-9723-3676c0dc8c91,odata:vote:46630,plenum,,,,"הצעת חוק נתוני אשראי (תיקון מס' 6), התשפ""ו–2026",2026-07-16 21:44:00,2,0,0,2,קונצנזוס / ללא מחלוקת,0.2
c55e7bb5-d605-430f-8667-80be3c1b22d8,odata:vote:46628,plenum,,,,"הצעת חוק לקידום הבנייה במתחמים מועדפים(הוראת שעה)(תיקון מס' 9), התשפ""ו-2026",2026-07-16 21:32:00,2,0,0,2,קונצנזוס / ללא מחלוקת,0.2
dbe41ac5-ae85-4d74-bc9f-95ebc32a8019,odata:vote:46626,plenum,,,,"הצעת חוק התקנים (תיקון מס' 21), התשפ""ו-2026",2026-07-16 21:24:00,6,0,0,6,קונצנזוס / ללא מחלוקת,0.2
9920c95b-8747-4ea7-810d-e42fe94d22e4,odata:vote:46625,plenum,,,,"הצעת חוק אומנה לילדים (תיקון מס' 8), התשפ""ו–2026",2026-07-16 21:15:00,7,0,0,7,קונצנזוס / ללא מחלוקת,0.2
7ad1071c-1e80-46b9-8728-14127d8937c8,odata:vote:46622,plenum,,,,"הצעת חוק שירות ביטחון (תיקון מס' 29 - הוראת שעה), התשפ""ו-2026",2026-07-16 20:41:00,7,4,3,14,"חובת גיוס, פטור לבני ישיבות ודת ומדינה",0.85
29df4359-5e85-4122-b65c-60a91b8349ff,odata:vote:46620,plenum,,,,"הצעת חוק הרשות השנייה לטלוויזיה ורדיו (תיקון מס' 50), התשפ""ו–2026 (פ/4505/25)",2026-07-16 18:34:00,5,3,0,8,קונצנזוס / ללא מחלוקת,0.2
4309d5bb-9577-497c-9bbd-8e3a32a7bf20,odata:vote:46617,plenum,,,,"הצעת חוק הבחירות לכנסת העשרים ושש (הוראות מיוחדות ותיקוני חקיקה), התשפ""ו-2026",2026-07-16 18:18:00,3,2,0,5,קונצנזוס / ללא מחלוקת,0.2
d7b4c313-37c7-4745-a06e-5205aa82aecd,odata:vote:46616,plenum,,,,"הצעת חוק מימון מפלגות (תיקון מס' 46 – הוראת שעה) (מימון הבחירות לכנסת העשרים ושש), התשפ""ו–2026",2026-07-16 17:34:00,1,0,0,1,קונצנזוס / ללא מחלוקת,0.2
c2116360-f6e6-44c6-b6ca-1e90da6016bd,odata:vote:46612,plenum,,,,"הצעת חוק התקשורת (שידורים), התשפ""ו-2026",2026-07-16 16:32:00,9,12,0,21,קונצנזוס / ללא מחלוקת,0.2
a6553126-89f4-4112-b79f-eff853be059a,odata:vote:46496,plenum,,,,"הצעת חוק זכויות הסטודנט (תיקון מס' 12), התשפ""ו–2026",2026-07-15 22:41:00,8,10,0,18,קונצנזוס / ללא מחלוקת,0.2
08f9b485-f923-4d38-bb52-5014acc69dcc,odata:vote:46468,plenum,,,,"הצעת חוק הנכים (תגמולים ושיקום) (תיקון מס' 35), התשפ""ו–2026",2026-07-15 19:01:00,13,0,0,13,קונצנזוס / ללא מחלוקת,0.2
f0e584f4-1efd-4990-9f5d-4f938e52aa98,odata:vote:46462,plenum,,,,"הצעת חוק היועץ המשפטי לממשלה (חוות דעת, ייצוג ופיקוח), התשפ""ו–2026",2026-07-15 17:42:00,16,14,0,30,הרפורמה המשפטית וסמכויות השילטון,0.85
0f2b2f55-44a3-406f-8801-ded17d8b2ddd,odata:vote:46355,plenum,,,,"הצעת חוק איסור הונאה בכשרות (תיקון מס' 5), התשפ""ו-2026",2026-07-14 22:41:00,9,11,0,20,קונצנזוס / ללא מחלוקת,0.2
ce46e40c-7e8d-43bd-a5b8-17248bfd3942,odata:vote:46309,plenum,,,,"הצעת חוק הנכים (תגמולים ושיקום) (תיקון מס' 35) (טיפול מותאם לנפגעי הלם קרב והקמת ועדה למתן סיוע לפנים משורת הדין), התשפ""ו–2026",2026-07-14 18:00:00,11,0,0,11,קונצנזוס / ללא מחלוקת,0.2
dc5e6cb5-9982-4045-a7e4-40e241addd3b,odata:vote:46300,plenum,,,,"הצעת חוק לתיקון פקודת המועצות המקומיות (מס' 82), התשפ""ו-2026",2026-07-14 16:34:00,9,9,0,18,קונצנזוס / ללא מחלוקת,0.2
689dd0b9-b7e2-4272-927d-80dc2d5fe0c1,odata:vote:46670,plenum,,,,"חוק שירות ביטחון (תיקון מס' 28 - הוראת שעה), התשפ""ו-2026",2026-07-14 14:30:00,14,14,0,28,"חובת גיוס, פטור לבני ישיבות ודת ומדינה",0.85
9932e898-c89d-4964-83cb-003c3991b22c,odata:vote:46291,plenum,,,,"הצעת חוק שירות ביטחון (תיקון מס' 28 - הוראת שעה), התשפ""ו-2026",2026-07-14 14:28:00,14,14,0,28,"חובת גיוס, פטור לבני ישיבות ודת ומדינה",0.85
2f6c2556-5b60-45d0-8149-3b67e9cac064,odata:vote:46248,plenum,,,,הצעת חוק-יסוד: לימוד תורה,2026-07-13 18:47:00,15,15,0,30,הרפורמה המשפטית וסמכויות השילטון,0.95
bbc3e262-53d6-40d0-a3b5-dacd1511bdfe,odata:vote:46221,plenum,,,,"הצעת חוק ההתיישנות (תיקון מס' 10) (הרחבת ההגדרה ""בן משפחה"" לעניין תביעה בשל תקיפה מינית או התעללות), התשפ""ו–2026",2026-07-08 16:34:00,1,0,0,1,קונצנזוס / ללא מחלוקת,0.2
5614c2c7-2428-4cc5-b2af-3241febb2658,odata:vote:46219,plenum,,,,"הצעת חוק בינוי ופינוי של אזורי שיקום (כפר שלם), התשפ""ו-2026",2026-07-08 16:21:00,2,0,0,2,קונצנזוס / ללא מחלוקת,0.2
608344fd-9396-4a6c-afd8-c7aed7db1f2b,odata:vote:46220,plenum,,,,"הצעת חוק בינוי ופינוי של אזורי שיקום (כפר שלם), התשפ""ו–2026",2026-07-08 16:20:00,2,0,0,2,קונצנזוס / ללא מחלוקת,0.2
877b3647-d4fd-4934-97b6-9dfec756b41a,odata:vote:46217,plenum,,,,"הצעת חוק לתיקון ולהארכת תוקפן של תקנות שעת חירום (חרבות ברזל) (הארכת מעצר לחשוד בעבירת בטחון), (תיקון מס' 9) התשפ""ו-2026",2026-07-08 16:04:00,1,0,0,1,"סמכויות אכיפה, משטרה ושב""ס",0.85
087e44b3-9241-4e90-a620-b59117411009,odata:vote:46216,plenum,,,,"הצעת חוק להקפאה וניכוי של כספים ששילמה הרשות הפלסטינית בזיקה לטרור מהכספים המועברים אליה מממשלת ישראל (תיקון מס' 2) (כספים המועברים לרצועת עזה), התשפ""ו–2026",2026-07-08 15:53:00,1,0,0,1,קונצנזוס / ללא מחלוקת,0.2
05d7ea6d-a9d8-4bde-832b-ecf1856b756f,odata:vote:46214,plenum,,,,"הצעה דחופה לסדר היום בנושא: ""הבנייה הבלתי חוקית בשטחי האש של צה""ל והשלכותיה הביטחוניות""",2026-07-08 14:37:00,1,0,0,1,קונצנזוס / ללא מחלוקת,0.2
fa149aba-1f96-4c53-a326-02e6bbb08b4f,odata:vote:46213,plenum,,,,"הצעה דחופה לסדר היום בנושא: ""קיצוץ בתקני השירות הלאומי במערכת החינוך והשלכותיו על תלמידי ישראל""",2026-07-08 14:28:00,2,0,0,2,קונצנזוס / ללא מחלוקת,0.2
54bb59f6-ead5-4f87-9fde-51ac1ead0c41,odata:vote:46212,plenum,,,,"הצעה רגילה לסדר היום בנושא: ""גישה מפלה מצד האוצר: עונש קולקטיבי למוסדות שיש בהם ""משתמטים""""",2026-07-08 14:18:00,0,1,0,1,קונצנזוס / ללא מחלוקת,0.2
45127f3f-2afc-44b0-ba31-985c8d2e545c,odata:vote:46211,plenum,,,,"הצעה רגילה לסדר היום בנושא: ""אלף ימים לשבעה באוקטובר: רבבות סובלים מסתמיני פוסט-טראומה""",2026-07-08 14:06:00,0,0,0,0,קונצנזוס / ללא מחלוקת,0.2
9cbba3f2-a8e2-4e96-820b-67d9e0ed7801,odata:vote:46210,plenum,,,,"הצעת חוק אומנה לילדים (תיקון - מתן הסכמה לטיפול פסיכיאטרי), התשפ""ו-2026",2026-07-08 13:56:00,1,0,0,1,קונצנזוס / ללא מחלוקת,0.2
7972511d-3dbd-4a2c-8e22-8b06b88ea552,odata:vote:46208,plenum,,,,"הצעת חוק להנצחת זכרו של רבי נחמן מברסלב, התשפ""ו-2026",2026-07-08 13:42:00,3,0,0,3,קונצנזוס / ללא מחלוקת,0.2
4015b4d0-0baa-4c91-ac7b-86a0ce9fd03c,odata:vote:46207,plenum,,,,"הצעת חוק הרשויות המקומיות (מימון בחירות) (תיקון - ייצוג נשים ברשות המקומית), התשפ""ו-2026",2026-07-08 13:15:00,5,8,0,13,קונצנזוס / ללא מחלוקת,0.2
46b4bb9a-73e1-465a-b10d-a28cae7ec455,odata:vote:46205,plenum,,,,"הצעת חוק זכויות נפגעי עבירה (תיקון - הוספת סרסור והבאת אדם לידי זנות להגדרה עבירת מין או אלימות), התשפ""ו-2026",2026-07-08 12:56:00,6,7,0,13,קונצנזוס / ללא מחלוקת,0.2
30d1c5ec-cd40-4034-a934-cb5d8f2f178f,odata:vote:46203,plenum,,,,"הצעת חוק למניעת אלימות במשפחה (תיקון - הגדרת אלימות במשפחה), התשפ""ה-2024",2026-07-08 12:32:00,7,7,0,14,קונצנזוס / ללא מחלוקת,0.2
cee567e7-b723-4f27-81ed-1738d204924b,odata:vote:46204,plenum,,,,"הצעת חוק למניעת אלימות במשפחה (תיקון - הגדרת אלימות במשפחה), התשפ""ו-2026",2026-07-08 12:31:00,7,7,0,14,קונצנזוס / ללא מחלוקת,0.2
3ba3a99d-99ee-4464-86ed-0209a2591a84,odata:vote:46202,plenum,,,,"הצעת חוק המרכז להנצחת מורשתו של הנשיא יצחק נבון, התשפ""ו-2025",2026-07-08 11:51:00,5,6,0,11,קונצנזוס / ללא מחלוקת,0.2
ecde94b7-725e-4dba-8b4d-45ed75538ae5,odata:vote:46201,plenum,,,,"הצעת חוק להכרה, לחקר האמת, להנצחה ולפיצוי משפחות הנעדרים מפרשת ילדי תימן, המזרח והבלקן, התשפ""ד-2024",2026-07-08 11:27:00,2,6,0,8,קונצנזוס / ללא מחלוקת,0.2
63d31399-6767-48e7-a988-b967f05d218d,odata:vote:46200,plenum,,,,"הצעת חוק מעמדן של ההסתדרות הציונית העולמית ושל הסוכנות היהודית לארץ ישראל (תיקון - הסדרת מעמדה של החטיבה להתיישבות בקידום התיישבות כפרית ובעיירות פיתוח), התשפ""ד-2024",2026-07-08 11:22:00,1,6,0,7,קונצנזוס / ללא מחלוקת,0.2
53d58c8b-c775-4e6b-af1a-e31fc444a0d7,odata:vote:46199,plenum,,,,הצעת חוק-יסוד: מגילת העצמאות,2026-07-08 10:54:00,7,9,0,16,הרפורמה המשפטית וסמכויות השילטון,0.95
777cf6c3-48cb-4914-8b0d-68f4031bf796,odata:vote:46198,plenum,,,,"הצעת חוק התגמולים לנפגעי פעולות שנאה, התשפ""ג-2022",2026-07-08 10:25:00,6,10,0,16,קונצנזוס / ללא מחלוקת,0.2
ae09301e-8393-467e-93d3-78170d48ba78,odata:vote:46197,plenum,,,,"הצעת חוק התגמולים לנפגעי פעולות איבה (תיקון - פשעי שנאה), התשפ""ו-2026",2026-07-08 10:25:00,5,10,0,15,קונצנזוס / ללא מחלוקת,0.2
634354cc-e56b-4e2f-983f-a3133c54e3f1,odata:vote:46196,plenum,,,,"הצעת חוק איסור צריכת זנות (הוראת שעה ותיקון חקיקה) (תיקון - איסור צריכת תוכן מיני מקוון מותאם אישית), התשפ""ו-2026",2026-07-08 09:55:00,6,0,0,6,קונצנזוס / ללא מחלוקת,0.2
df6d7db2-7328-47c4-8161-39bdb8f28591,odata:vote:46195,plenum,,,,"הצעת חוק להגנת חיית הבר (תיקון - חילוט כלי ציד), התשפ""ה-2025",2026-07-08 09:28:00,6,0,0,6,קונצנזוס / ללא מחלוקת,0.2
ebae2154-1f36-4e60-b00a-3e9a995492a1,odata:vote:46193,plenum,,,,"הצעת חוק מאבק בארגוני פשיעה (תיקון - הרחבת הנסיבה המחמירה לזיקה בארגון פשיעה), התשפ""ד-2024",2026-07-08 09:12:00,6,0,0,6,קונצנזוס / ללא מחלוקת,0.2
5f300b77-1456-42e2-b872-53bead952c33,odata:vote:46194,plenum,,,,"הצעת חוק מאבק בארגוני פשיעה (תיקון - הרחבת הנסיבה המחמירה לזיקה לארגון פשיעה), התשפ""ה-2025",2026-07-08 09:12:00,5,0,0,5,קונצנזוס / ללא מחלוקת,0.2
37a86907-e798-4f90-860d-7da719d56e66,odata:vote:46189,plenum,,,,"הודעת הממשלה בהתאם לסעיף 31(ב) לחוק-יסוד: הממשלה להעביר לשר האוצר את הסמכויותהנתונות לשר הפנים לפי סעיף 4 לחוק בית הספר החקלאי מקוה ישראל, התשל""ו-1976.",2026-07-06 21:10:00,10,0,1,11,הרפורמה המשפטית וסמכויות השילטון,0.95
6cc8e104-b309-493b-a685-f9a530760712,odata:vote:46187,plenum,,,,"הודעת הממשלה בהתאם לסעיף 31(ב) לחוק-יסוד: הממשלה להעביר לראש הממשלה אתהסמכויות הנתונות לשר הפנים לפי סעיף 11ג לחוק הכניסה לישראל, התשי""ב - 1952 - לענייןביטול רישיון ישיבה של מסתנן שהורשע בביצוע עבירה והרחקתו מישראל",2026-07-06 21:09:00,11,0,1,12,הרפורמה המשפטית וסמכויות השילטון,0.95
2ca22919-c33b-4524-8454-95c5e71f860c,odata:vote:46186,plenum,,,,"הודעת הממשלה בהתאם לסעיף 31(ב) לחוק-יסוד: הממשלה להעביר לשר האוצר את הסמכויותהנתונות לשר הפנים לפי סעיפים 1י(ג) ו8-(ב) לחוק עובדים זרים, התשנ""א,1991- לעניין התקנתתקנות אגרה שנתית לצורך קבל היתר להעסקת עובד זר בענף המלונאות",2026-07-06 21:09:00,10,1,1,12,הרפורמה המשפטית וסמכויות השילטון,0.95
a7ac8ff2-f791-41e0-af54-5d434909336a,odata:vote:46185,plenum,,,,"החלטת ועדת החוקה, חוק ומשפט בדבר פיצול הצעת חוק היועץ המשפטי לממשלה והתובע הכללי (מינוי, כהונה, תפקידים וסמכויות), התשפ""ו–2026",2026-07-06 21:02:00,11,10,0,21,הצעות אי-אמון ופרוצדורה,0.85
9fe2a514-fc79-41ba-b93d-63452cf67eb3,odata:vote:46183,plenum,,,,"הצעה להביע אי אמון בממשלה מטעם סיעות רע""ם וחד""ש-תע""ל בנושא: ""הכישלון המתמשך במאבק בפשיעה ובאירועי הרצח בחברה הערבית""",2026-07-06 14:58:00,8,0,1,9,הצעות אי-אמון ופרוצדורה,0.85
25f82598-4277-4e6e-a127-23b5be814fea,odata:vote:46184,plenum,,,,"הצעה להביע אי אמון בממשלה מטעם סיעות ישראל ביתנו, כחול לבן - המחנה הממלכתי והעבודה בנושא: ""ממשלה שאינה מסוגלת להגן על ערך השירות, על שיוויון הזכויות והחובות, ועל כבודם של מפקדי צה""ל, אינה ראויה להמשיך בתפקידה""",2026-07-06 14:58:00,8,0,2,10,הצעות אי-אמון ופרוצדורה,0.85
1435bf66-405c-472a-8ab7-bd6bc6a33204,odata:vote:46701,plenum,,,,"הצעה להביע אי אמון בממשלה מטעם סיעת יש עתיד בנושא: ""ממשלת המשתמטים והמושחתים""",2026-07-06 14:30:00,6,0,2,8,הצעות אי-אמון ופרוצדורה,0.85
3172f62b-4eae-4c8a-88a7-2c2f38b52cdd,odata:vote:46179,plenum,,,,"הצעת חוק שיקום נרחב לחבל התקומה כאזור מיקוד לאומי וסיוע ליישובים הסמוכים אליו (תיקון מס' 2), התשפ""ו–2026",2026-07-01 19:46:00,1,0,0,1,קונצנזוס / ללא מחלוקת,0.2
143b5903-fcb7-4f9a-bed0-24af5aa04c4c,odata:vote:46178,plenum,,,,"הצעת חוק לתיקון פקודת סדר הדין הפלילי (מעצר וחיפוש) (מס' 19) (חיפוש שלא לפי צו חיפוש), התשפ""ו-2026",2026-07-01 19:41:00,1,0,0,1,"סמכויות אכיפה, משטרה ושב""ס",0.85
bed5bc75-25d9-44e6-b525-fd437527ef4a,odata:vote:46177,plenum,,,,"הצעת חוק הרב יהודה עמיטל והרב אהרון ליכטנשטיין (ציון זכרם ופועלם), התשפ""ה-2025",2026-07-01 08:38:00,2,0,0,2,קונצנזוס / ללא מחלוקת,0.2
4f2aee77-7dc3-49fc-941a-32e590d89323,odata:vote:46176,plenum,,,,"הצעת חוק קביעת יום לציון הטבעת הספינה אלטלנה, התשפ""ג-2023",2026-07-01 08:29:00,4,0,0,4,קונצנזוס / ללא מחלוקת,0.2
818b69e9-2972-4b0d-ad26-66ea0227283d,odata:vote:46372,plenum,,,,"הצעת חוק הבטחת חיים בכבוד לאזרחים ותיקים (תיקוני חקיקה), התשפ""ו-2026",2026-06-30 21:00:00,8,6,0,14,קונצנזוס / ללא מחלוקת,0.2
d1599ed6-217c-467b-9a61-24b71cedd6d1,odata:vote:46365,plenum,,,,"הצעת חוק צער בעלי חיים (הגנה על בעלי חיים) (תיקון - איסור שימוש בבעלי חיים במוסד חינוך או תרבות), התשפ""ה-2024",2026-06-30 21:00:00,5,8,0,13,קונצנזוס / ללא מחלוקת,0.2
f028baa3-728f-406d-811f-994c2a793bb9,odata:vote:46373,plenum,,,,"הצעת חוק חינוך ממלכתי (תיקון - מועצה לחינוך ממלכתי כללי), התשפ""ו-2026",2026-06-30 21:00:00,4,8,0,12,קונצנזוס / ללא מחלוקת,0.2
dca939c5-1f8c-4d16-8f45-1d2141ac540b,odata:vote:46364,plenum,,,,"הצעת חוק חזקת הסכמה לתרומת אברים (תיקוני חקיקה), התשפ""ג-2023",2026-06-30 21:00:00,4,9,0,13,קונצנזוס / ללא מחלוקת,0.2
3d86c68f-232d-4ffe-ab0d-12d7445f438a,odata:vote:46370,plenum,,,,הצעת חוק-יסוד: הכנסת (תיקון - ייצוג הולם לנשים ברשימת מועמדים לכנסת),2026-06-30 21:00:00,9,7,0,16,הרפורמה המשפטית וסמכויות השילטון,0.95
0ff33f78-0114-4d1d-bc17-39cf1490338c,odata:vote:46369,plenum,,,,"הצעת חוק איסור הפליה במוצרים, בשירותים ובכניסה למקומות בידור ולמקומות ציבוריים (תיקון - הגדלת סכום הפיצוי בלא הוכחת נזק), התשפ""ו-2025",2026-06-30 21:00:00,7,8,0,15,קונצנזוס / ללא מחלוקת,0.2
388affd3-a4aa-4d6c-83ba-d8adbbd504ac,odata:vote:46368,plenum,,,,"הצעת חוק הקמת ועדת חקירה ממלכתית למחדלי 7 באוקטובר, התשפ""ו-2025",2026-06-30 21:00:00,11,9,0,20,קונצנזוס / ללא מחלוקת,0.2
3bc0e6c4-27d0-4906-aad8-3b7a41cec70f,odata:vote:46371,plenum,,,,"הצעת חוק לימוד חובה (תיקון - אחריות המדינה לחינוך בשעת חירום), התשפ""ו-2026",2026-06-30 21:00:00,7,8,0,15,קונצנזוס / ללא מחלוקת,0.2
45bc0039-c733-4d42-ac83-4d4754b01f7e,odata:vote:46367,plenum,,,,"הצעת חוק הקמת ועדת חקירה ממלכתית לאירועי 7 באוקטובר, התשפ""ו-2025",2026-06-30 21:00:00,12,9,0,21,קונצנזוס / ללא מחלוקת,0.2
bf3c645a-0533-45a2-9747-d495ca9f47c8,odata:vote:46170,plenum,,,,"הצעת חוק העונשין (תיקון מס' 155), התשפ""ו–2026",2026-06-29 19:26:00,5,0,0,5,קונצנזוס / ללא מחלוקת,0.2
4838d220-a305-4835-ab60-4836561236cb,odata:vote:46173,plenum,,,,"הצעת חוק לתיקון פקודת בתי הסוהר (מס' 73) (מניעת כניסתם של נציגי ארגון הצלב האדום הבין-לאומי והעברת מידע לארגון), התשפ""ו–2026",2026-06-29 18:00:00,3,11,0,14,"סמכויות אכיפה, משטרה ושב""ס",0.85
91eb21fd-1477-460a-a6a7-5b1cfe6dda3f,odata:vote:46168,plenum,,,,"הצעת חוק הרשות השנייה לטלוויזיה ורדיו (תיקון מס' 50) (שידורי רדיו אנלוגי ללא הגבלה גאוגרפית), התשפ""ו–2026",2026-06-29 17:06:00,8,7,0,15,קונצנזוס / ללא מחלוקת,0.2
0badc835-5aec-43c0-9bc5-ccc48b274ecf,odata:vote:46167,plenum,,,,"הצעה להביע אי אמון בממשלה מטעם סיעות העבודה כחול לבן-המחנה הממלכתי וישראל ביתנו בנושא: ""כישלון ביטחוני רב-זירתי והמשך הפקרת השיוויון בנטל""",2026-06-29 15:00:00,7,0,1,8,הצעות אי-אמון ופרוצדורה,0.85
bda01f8e-5ce7-45e7-922a-ed8f74fef3d7,odata:vote:46166,plenum,,,,"הצעה להביע אי אמון בממשלה מטעם סיעות חד""ש-תע""ל ורע""ם בנושא: ""סכנת הפגיעה בטוהר הבחירות והמעצרים הפוליטיים נגד הנהגת הציבור הערבי והשמאל העקבי""",2026-06-29 15:00:00,6,0,0,6,הצעות אי-אמון ופרוצדורה,0.85
5f9232f4-1dc5-40fd-aba1-0977e11915f2,odata:vote:46172,plenum,,,,"הצעה להביע אי אמון בממשלה מטעם סיעת יש עתיד בנושא: ""ממשלה שאיבדה את ההשפעה המדינית והפכה את ישראל למדינת חסות""",2026-06-29 14:40:00,10,0,0,10,הצעות אי-אמון ופרוצדורה,0.85
35dd60e9-1c0b-4e87-ade6-c47f5c145f36,odata:vote:46164,plenum,,,,"הצעה דחופה לסדר היום בנושא: ""חשש לשימוש לרעה בכוח המשרה באמצעות גרירת הליכים משמעתיים במשך תקופות ממושכות ללא הכרעה""",2026-06-24 12:48:00,0,0,0,0,קונצנזוס / ללא מחלוקת,0.2
fe074568-1820-41e2-a073-1f4faa85a1f0,odata:vote:46163,plenum,,,,"הצעה רגילה לסדר היום בנושא: ""המשך רדיפת לומדי התורה - מכרסם בכוחה של המדינה ובנוסף לא מוביל לשום תכלית""",2026-06-24 12:37:00,1,0,0,1,קונצנזוס / ללא מחלוקת,0.2
a0877906-7b63-4320-8ff8-ec1ab6628f12,odata:vote:46162,plenum,,,,"הצעה רגילה לסדר היום בנושא: ""תיעודים מזעזעים על אלימות קשה של לובשי מדים נגד מפגינים כשחלקם כבר מנוטרלים""",2026-06-24 12:25:00,1,0,0,1,קונצנזוס / ללא מחלוקת,0.2
88a4c9b3-89f4-4cc3-b8ca-bfd97298f066,odata:vote:46161,plenum,,,,"הצעה רגילה לסדר היום בנושא: ""השלכות השימוש בתקנוני צניעות והלכה במוסדות אקדמיים מתוקצבים""",2026-06-24 12:09:00,0,0,0,0,קונצנזוס / ללא מחלוקת,0.2
6867970e-cfc1-457b-8683-2d5e80ed4a3f,odata:vote:46160,plenum,,,,"הצעת חוק כליאתם של לוחמים בלתי חוקיים (תיקון מס' 4 והוראת שעה – חרבות ברזל) (תיקון מס' 8), התשפ""ו-2026",2026-06-24 11:56:00,3,1,0,4,קונצנזוס / ללא מחלוקת,0.2
d3f4ce99-10b6-4201-bfd9-cfc30772177d,odata:vote:46158,plenum,,,,"הצעת חוק להשבת כפיפות בתי הדין למשרד המשפטים, התשפ״ו-2026",2026-06-24 11:29:00,3,6,0,9,קונצנזוס / ללא מחלוקת,0.2
8988226f-6abb-4664-816a-a04c64ff732a,odata:vote:46157,plenum,,,,"הצעת חוק ביטוח בריאות ממלכתי (תיקון - הפחתה בדמי ביטוח בריאות לתושבי הפריפריה), התשפ""ו-2026",2026-06-24 11:01:00,4,5,0,9,קונצנזוס / ללא מחלוקת,0.2
de0871fc-5a59-4588-98db-86419dbde01b,odata:vote:46156,plenum,,,,"הצעת חוק סדר הדין הפלילי (סמכויות אכיפה - חיפוש בגוף ונטילת אמצעי זיהוי) (תיקון - הגדרת חיפוש בעירום מלא כחיפוש פנימי), התשפ""ו-2026",2026-06-24 10:36:00,8,5,0,13,"סמכויות אכיפה, משטרה ושב""ס",0.85
37931bf0-497f-42e4-8b34-28649e36b143,odata:vote:46155,plenum,,,,"הצעת חוק הביטוח הלאומי (תיקון - שיקום בעלי חיים כעבודה מועדפת), התשפ""ו-2026",2026-06-24 10:12:00,7,6,0,13,קונצנזוס / ללא מחלוקת,0.2
c42a30a3-ec61-4d07-b086-5a9df5a71166,odata:vote:46154,plenum,,,,"הצעת חוק פיקוח על רווחי שיווק בתוצרת חקלאית, התשפ""ה-2024",2026-06-24 09:57:00,8,6,0,14,קונצנזוס / ללא מחלוקת,0.2
caab8032-46c5-4f30-8efa-7ef3f926adbb,odata:vote:46152,plenum,,,,"הצעת חוק שירות המילואים (תיקון - טיפול נפשי וזוגי לבני משפחות משרתי המילואים) (הוראת שעה - חרבות ברזל), התשפ""ה-2024",2026-06-24 09:38:00,7,6,0,13,קונצנזוס / ללא מחלוקת,0.2
d351838b-6670-4934-95dc-4835a172b22a,odata:vote:46153,plenum,,,,"הצעת חוק שירות אזרחי (תיקון - שירות מילואים אזרחי לבוגרי שירות לאומי ושירות אזרחי בעיתות חירום), התשפ""ד-2024",2026-06-24 09:37:00,7,7,0,14,קונצנזוס / ללא מחלוקת,0.2
3e535f6b-62e9-4f4c-a8a8-279c306b67b3,odata:vote:46151,plenum,,,,"הצעת חוק המכינות הקדם-צבאיות (תיקון - תקציב ייעודי להנגשה ולשילוב חניכים עם מוגבלות), התשפ״ו-2026",2026-06-24 09:31:00,7,8,0,15,"תקציב, חוק ההסדרים וכלכלה",0.95
03cc9a2f-11cb-489d-abc5-42b6500e38d0,odata:vote:46147,plenum,,,,"הודעת הממשלה בהתאם לסעיף 31(ב) לחוק-יסוד: הממשלה להעביר לראש הממשלה את הסמכויות הנתונות לשר הפנים לפי סעיף 3א(ג1) לחוק הכניסה לישראל, התשי""ב ב-1952, לעניין הארכת רישיון לישיבת ביקור לעובד זר, או הענקת אשרה ורישיון חדשים לעובד זר, בנסיבות מיוחדות וחריגות של תרומת העובד הזר לכלכלה, למשק, לתרבות, לספורט או לחברה.",2026-06-22 16:51:00,6,0,0,6,הרפורמה המשפטית וסמכויות השילטון,0.95
99fec0ec-3bf6-4bb2-b284-a6115130c33c,odata:vote:46145,plenum,,,,"העברת הצעת חוק-יסוד: לימוד תורה מוועדת החוקה, חוק ומשפט לוועדת הכנסת",2026-06-22 14:45:00,10,9,0,19,הרפורמה המשפטית וסמכויות השילטון,0.95
81fe44e0-a1ba-4da6-9286-d59d094f8413,odata:vote:46142,plenum,,,,"הצעה להביע אי-אמון בממשלה מטעם סיעות חד""ש-תע""ל ורע""ם בנושא: ""המצב הכלכלי, יוקר המחיה והשפעתו על החברה הערבית""",2026-06-22 14:12:00,8,0,0,8,הצעות אי-אמון ופרוצדורה,0.95
58e1ccf9-2a14-4cf8-b38d-288ca458a650,odata:vote:46143,plenum,,,,"הצעה להביע אי-אמון בממשלה מטעם סיעת יש עתיד בנושא: ״קואליציה שהביעה אי־אמון בעצמה, איבדה את הרוב ואיבדה את הזכות למשול״",2026-06-22 14:11:00,8,0,0,8,הצעות אי-אמון ופרוצדורה,0.95
acd5a587-16cd-4cdc-9971-e1ab97573d6c,odata:vote:46140,plenum,,,,"החלטת ועדת הכלכלה בדבר פיצול פרק י""ג (ייעול וקידום התחרות במשק הדלק) מתוך הצעת חוק התוכנית הכלכלית (תיקוני חקיקה ליישום המדיניות הכלכלית לשנת התקציב 2026), התשפ""ו-2026 [פוצלה לפי סעיף 84(ב) לתקנון]",2026-06-17 13:10:00,0,0,0,0,"תקציב, חוק ההסדרים וכלכלה",0.95
88e3c7de-f65a-447d-ac87-ba9ad9b76fcb,odata:vote:46139,plenum,,,,"הצעה דחופה לסדר היום בנושא: ""פערים בתכנית החומש לשיקום הצפון בנושא התמיכה בחקלאות""",2026-06-17 13:02:00,0,0,0,0,קונצנזוס / ללא מחלוקת,0.2
4433a9cb-406d-4a4f-a771-be543b3f0eda,odata:vote:46137,plenum,,,,הצעת ועדת הכנסת לקביעת חסינות בפני דין פלילי לחברת הכנסת טלי גוטליב,2026-06-17 12:36:00,15,12,0,27,קונצנזוס / ללא מחלוקת,0.2
8a5856a9-839d-41ca-b0f1-a525688fd010,odata:vote:46136,plenum,,,,"הצעת חוק הביטוח הלאומי (תיקון - תשלום קצבת שארים לעגונה ולמסורבי גט שהתאלמנו), התשפ""ה-2025",2026-06-17 09:05:00,7,0,0,7,קונצנזוס / ללא מחלוקת,0.2
0d323af1-dd6d-4f03-ac7d-06d87223b243,odata:vote:46135,plenum,,,,"הצעת חוק הבנקאות (שירות ללקוח) (תיקון - קורס חינוך פיננסי ללקוח בחריגה ממסגרת האשראי או בחריגה תזרימית), התשפ""ו-2026",2026-06-17 08:30:00,2,0,0,2,קונצנזוס / ללא מחלוקת,0.2
ca76e2a8-8aaa-413b-b3e0-4fb395776f2b,odata:vote:46130,plenum,,,,"הצעה להביע אי אמון בממשלה מטעם סיעות ישראל ביתנו, כחול לבן-המחנה הממלכתי והעבודה בנושא : ""כישלון הממשלה בכל החזיתות""",2026-06-15 13:49:00,7,0,1,8,הצעות אי-אמון ופרוצדורה,0.85
aa62ec7a-673a-4ecb-aec1-470cab316d94,odata:vote:46129,plenum,,,,"הצעה להביע אי אמון בממשלה מטעם סיעות חד""ש-תע""ל ורע""ם בנושא:""מדיניות ההריסה, ההדרה והמחנק התכנוני נגד האזרחים הערבים""",2026-06-15 13:49:00,4,0,2,6,הצעות אי-אמון ופרוצדורה,0.85
deb85f7b-b7c6-4f5d-bd8e-6ab9d69f1fa9,odata:vote:46131,plenum,,,,"הצעה להביע אי אמון בממשלה מטעם סיעת יש עתיד בנושא: ״קואליציה שהביעה אי־אמון בעצמה, איבדה את הרוב ואיבדה את הזכות למשול״",2026-06-15 13:48:00,8,0,0,8,הצעות אי-אמון ופרוצדורה,0.85
cc192e63-ede7-4349-a970-67748508cfb1,odata:vote:46111,plenum,,,,"הצעת חוק לתיקון פקודת המשטרה (מס' 45), התשפ""ו–2026",2026-06-10 22:28:00,4,7,0,11,"סמכויות אכיפה, משטרה ושב""ס",0.85
af5813cc-b95c-4000-be8a-e7107658bf7e,odata:vote:46083,plenum,,,,"הצעה רגילה לסדר היום בנושא: ""אמהות וקריירה - פערי השכר בין נשים לגברים בישראל ובייחוד על רקע מצבי החירום""",2026-06-10 16:27:00,1,0,0,1,קונצנזוס / ללא מחלוקת,0.2
0eec58a5-01d6-43d8-83cd-24a07d0ec93c,odata:vote:46082,plenum,,,,"הצעת חוק זכויות נפגעי עבירה (תיקון - העברת ערכות דגימה), התשפ""ה-2025",2026-06-10 14:43:00,4,0,0,4,קונצנזוס / ללא מחלוקת,0.2
386ddf4f-4844-4c64-ab7c-323ea1d69312,odata:vote:46081,plenum,,,,"הצעת חוק בתי המשפט (תיקון - חוות דעת פסיכיאטר לעניין איסור פרסומים), התשפ""ו-2026",2026-06-10 14:24:00,5,0,0,5,הרפורמה המשפטית וסמכויות השילטון,0.85
4c5423e0-a6b9-41b7-b080-3167c01aa093,odata:vote:46080,plenum,,,,"הצעת חוק מס ערך מוסף (תיקון - מס בשיעור אפס על ספרי לימוד וחומרי לימוד), התשפ""ו-2025",2026-06-10 10:28:00,6,0,0,6,קונצנזוס / ללא מחלוקת,0.2
73ff12d2-cae3-46e6-a06a-5f73acc762c9,odata:vote:46125,plenum,,,,"הצעת חוק הפסקת כהונה של נושאי משרה בכירים בתקופת הכהונה הראשונית של ממשלה חדשה, התשפ""ה-2025",2026-06-09 21:00:00,6,11,0,17,קונצנזוס / ללא מחלוקת,0.2
3f06ddb0-3ac7-4c45-8c6a-f6ebc8ded9ae,odata:vote:46359,plenum,,,,"הצעה רגילה לסדר היום בנושא: ""ההגירה השלילית של צעירים ישראלים, והסכנות הניצבות בפני המדינה, בעקבות מדיניות ממשלת ישראל ה-37""",2026-06-09 21:00:00,1,0,1,2,קונצנזוס / ללא מחלוקת,0.2
aa086467-0091-4fa0-9253-59775aa502b3,odata:vote:46123,plenum,,,,"הצעת חוק שירות המדינה (מינויים) (תיקון - מינויים בכירים בשירות המדינה), התשפ""ו-2026",2026-06-09 21:00:00,7,10,0,17,קונצנזוס / ללא מחלוקת,0.2
b7bb8d5f-71ce-49c9-8c94-ba97294f7477,odata:vote:46363,plenum,,,,"הצעה דחופה לסדר היום בנושא: ""היעדר תקשורת מצילת חיים ומחוללת צמיחה בפריפריה""",2026-06-09 21:00:00,1,0,0,1,קונצנזוס / ללא מחלוקת,0.2
935f51ef-37ae-4144-84d7-162a5d8dfd55,odata:vote:46127,plenum,,,,"הצעה רגילה לסדר היום בנושא: ""הקמת ועדת חקירה פרלמנטרית לבחינת אובדן המשילות, הפרוטקשן המשתולל והעלייה בפשיעה החמורה""",2026-06-09 21:00:00,6,4,0,10,קונצנזוס / ללא מחלוקת,0.2
60808e40-7384-44fe-8d39-87676ad32215,odata:vote:46122,plenum,,,,הצעת חוק-יסוד: הממשלה (תיקון - מינויים בכירים בשירות המדינה),2026-06-09 21:00:00,8,11,0,19,הרפורמה המשפטית וסמכויות השילטון,0.95
d6eefc32-4168-4e40-a496-82db529dea1d,odata:vote:46358,plenum,,,,"הצעה רגילה לסדר היום בנושא: ""הסלמת תופעת הטרור היהודי בשטחי יהודה ושומרון והיעדר האכיפה מצד גורמי הביטחון בשטח""",2026-06-09 21:00:00,2,3,0,5,קונצנזוס / ללא מחלוקת,0.2
aec41a0b-bcc1-4b9d-98dc-c1e03c4bd4c9,odata:vote:46362,plenum,,,,"הצעה דחופה לסדר היום בנושא: ""פרסום משטרתי שגוי של סיבת מקרי רצח""",2026-06-09 21:00:00,0,0,0,0,קונצנזוס / ללא מחלוקת,0.2
4f5928f8-75f4-449e-9c0c-a9296a063926,odata:vote:46126,plenum,,,,"הצעת חוק העונשין (תיקון - החמרת ענישה על פגיעה בקטין או בחסר ישע), התשפ""ו-2026",2026-06-09 21:00:00,6,7,0,13,קונצנזוס / ללא מחלוקת,0.2
580d9bf6-e4b0-496c-a38b-70aae29b8e58,odata:vote:46124,plenum,,,,"הצעת חוק שירות המדינה (תיקון - דרך המינוי), התשפ""ה-2025",2026-06-09 21:00:00,7,11,0,18,קונצנזוס / ללא מחלוקת,0.2
c87f3b2c-7941-4769-91c4-c0599173079d,odata:vote:46361,plenum,,,,"הצעה דחופה לסדר היום בנושא: ""פגיעה בביטחון אזרחים וישובים לאורך הגבולות בעקבות הודעת פיקוד העורף על קיצוץ דרמטי בתקציבי מרכיבי הביטחון""",2026-06-09 21:00:00,0,1,0,1,"תקציב, חוק ההסדרים וכלכלה",0.95
e6c53c73-5186-4195-a358-5188a635afaa,odata:vote:46119,plenum,,,,"הצעת חוק לעידוד השקעות הון (תיקון - תחולה על מפעל תעשייתי ביישובים הסמוכים לגבול העימות בצפון, בשדרות וביישובי עוטף עזה), התשפ""ה-2024",2026-06-09 21:00:00,7,8,0,15,קונצנזוס / ללא מחלוקת,0.2
8b4bd69e-028b-4292-96b3-4f40271d38ca,odata:vote:46120,plenum,,,,"הצעת חוק לתיקון פקודת מס הכנסה (תרומה למוסד ציבורי באזורי עדיפות לאומית), התשפ""ה-2025",2026-06-09 21:00:00,8,9,0,17,קונצנזוס / ללא מחלוקת,0.2
1a64734d-f832-4fd9-902e-1824f8e6b504,odata:vote:46078,plenum,,,,"הצעת חוק הכרה בתרומתם של כלבים ששירתו בגופים ביטחוניים, התשפ""ו–2026",2026-06-09 16:00:00,2,0,0,2,קונצנזוס / ללא מחלוקת,0.2
744f61d1-b432-4ea8-859e-0e5fd3e8a137,odata:vote:46076,plenum,,,,"הצעת חוק בתי המשפט (תיקון מס' 107), התשפ""ו–2026",2026-06-09 15:55:00,2,0,0,2,הרפורמה המשפטית וסמכויות השילטון,0.85
2bf0cd47-bfec-49a5-becd-cff1ae75ee5e,odata:vote:46074,plenum,,,,"הצעת חוק יום לציון מורשת יהדות מרוקו, לעליית יהודי מרוקו לישראל ולהנצחת זכרם של הנספים בדרך לישראל, התשפ""ו–2026",2026-06-09 15:44:00,4,0,0,4,קונצנזוס / ללא מחלוקת,0.2
0815ed1b-ec79-4680-a14b-94858e3f25aa,odata:vote:46072,plenum,,,,"הצעת חוק הגבלת שכר טרחה (נכי צבא הגנה לישראל וכוחות הביטחון ונפגעי פעולות איבה), התשפ""ו-2026",2026-06-09 14:52:00,4,0,0,4,קונצנזוס / ללא מחלוקת,0.2
5eb59aa6-b951-4bb1-8ee0-590355a71dd7,odata:vote:46064,plenum,,,,"הצעת חוק להקפאת כספים ששילמה הרשות הפלסטינית בזיקה לטרור מהכספים המועברים אליה מממשלת ישראל (תיקון), התשפ""ו–2026",2026-06-07 21:00:00,0,0,0,0,קונצנזוס / ללא מחלוקת,0.2
78d00c47-4181-4ac2-b4b2-bab55fdb6b85,odata:vote:46065,plenum,,,,"הצעת חוק הגנת הסייבר הלאומית, התשפ""ו-2026",2026-06-07 21:00:00,0,0,0,0,קונצנזוס / ללא מחלוקת,0.2
7e5d61b2-113a-4ca5-a2eb-3a3a6bb58eac,odata:vote:46068,plenum,,,,"הצעת חוק הכרה בשפת הסימנים הישראלית, התשפ""ו-2026",2026-06-07 21:00:00,0,0,0,0,קונצנזוס / ללא מחלוקת,0.2
aaba01dc-1e56-4f63-b9dc-f535c14c3448,odata:vote:46061,plenum,,,,"הודעת הממשלה בהתאם לסעיף 31(ב) על העברת סמכויות משר הפנים לראש הממשלה לפי סעיף 265 לחוק התכנון והבנייה, התשכ""ה-1965",2026-06-07 21:00:00,0,0,0,0,קונצנזוס / ללא מחלוקת,0.2
d48c1aa5-828f-488c-b933-5120c2e74c5b,odata:vote:46059,plenum,,,,"הצעה להביע אי אמון בממשלה מטעם סיעות רע""ם וחד""ש-תע""ל בנושא: ""תוכנית הפקעת הקרקעות של החברה הבדואית בנגב""",2026-06-07 21:00:00,0,0,0,0,הצעות אי-אמון ופרוצדורה,0.85
1a10565d-bec9-46a5-a91d-4d566e6cc355,odata:vote:46067,plenum,,,,"הצעת חוק העונשין (תיקון מס' 154), התשפ""ו-2026",2026-06-07 21:00:00,0,0,0,0,קונצנזוס / ללא מחלוקת,0.2
168fb3b5-d611-4019-8b16-0d22841d1370,odata:vote:46060,plenum,,,,"הודעת הממשלה בהתאם לסעיף 31(ב) על העברת סמכויות משר הפנים לראש הממשלה לפי סעיף 266ה(ב) לחוק התכנון והבנייה, התשכ""ה-1965",2026-06-07 21:00:00,0,0,0,0,קונצנזוס / ללא מחלוקת,0.2
2c2cf19d-561b-4729-9f90-c688802970a6,odata:vote:46058,plenum,,,,"הצעת אי אמון בממשלה מטעם סיעת יש עתיד בנושא: ""ממשלה כושלת המעודדת השתמטות, פוגעת במעמד הביניים ומפקירה את נושא יוקר המחייה""",2026-06-07 21:00:00,0,0,0,0,הצעות אי-אמון ופרוצדורה,0.85
b26f966a-134c-47e4-b006-795391e8a6af,odata:vote:46062,plenum,,,,"הודעת הממשלה בהתאם לסעיף 31(ב) על העברת סמכויות משר הפנים לראש הממשלה לפי סעיף 11ב לחוק שירותי הדת היהודיים [נוסח משולב], התשל""א-1971",2026-06-07 21:00:00,0,0,0,0,קונצנזוס / ללא מחלוקת,0.2
3d2712dd-75ee-4c81-99ba-1395bd9afe12,odata:vote:46049,plenum,,,,"הצעת חוק העונשין (תיקון מס' 157) (הארכת תקופת ההתיישנות בעבירות מין בקטינים), התשפ""ה–2025 (פ/2559/25) (פ/2601/25) (פ/2779/25)",2026-06-03 23:38:00,1,0,0,1,קונצנזוס / ללא מחלוקת,0.2
e51333c8-df8c-496d-b519-a86b94421031,odata:vote:46048,plenum,,,,"הצעת חוק הרשות לפיתוח הנגב (תיקון מס' 4) (תיקון מס' 2) (הארכת התקופה להסדרה תכנונית של מיזם חקלאי–תיירותי משולב), התשפ""ו–2025",2026-06-03 23:02:00,1,0,0,1,קונצנזוס / ללא מחלוקת,0.2
bc788c68-eadb-4e9f-bec5-a14bbd3b3038,odata:vote:46046,plenum,,,,"הצעת חוק הטבות מס ליישוב אזור קו עימות מזרחי (הוראת שעה), התשפ""ו–2026 (פ/5592/25)",2026-06-03 22:41:00,4,3,0,7,קונצנזוס / ללא מחלוקת,0.2
e4b018c6-8c90-4176-8061-76e197b2bef0,odata:vote:46025,plenum,,,,"הצעה דחופה לסדר היום בנושא: ""הטלת מגבלות תקציביות על המרכז הרפואי לגליל בנהריה בשעת מלחמה""",2026-06-03 19:14:00,3,0,0,3,"תקציב, חוק ההסדרים וכלכלה",0.95
a3f6568b-5434-4ff8-b1de-6884711f9be2,odata:vote:46024,plenum,,,,"הצעת חוק זכויות נפגעי עבירה (תיקון - התרת פרסום שמו של פוגע), התשפ""ו-2026",2026-06-03 15:04:00,9,0,0,9,קונצנזוס / ללא מחלוקת,0.2
f23b82c5-6512-4ce4-9bc5-321919b37440,odata:vote:46020,plenum,,,,"הצעת חוק העונשין (תיקון - ביטול עבירת המטרד על ידי עיסוק בזנות), התשפ""ה-2025",2026-06-03 14:44:00,6,0,0,6,קונצנזוס / ללא מחלוקת,0.2
609972d3-6661-478c-afcd-79e4909cb6bc,odata:vote:46022,plenum,,,,"הצעת חוק העונשין (תיקון - ביטול עבירת המטרד על ידי עיסוק בזנות), התשפ""ג-2023",2026-06-03 14:42:00,6,0,0,6,קונצנזוס / ללא מחלוקת,0.2
bb07e53e-2173-4c81-b773-1aec9ac9707b,odata:vote:46019,plenum,,,,"הצעת חוק לתיקון פקודת התעבורה (אכיפת עבירות תעבורה על ידי רשויות מקומיות), התשפ""ו-2026",2026-06-03 14:09:00,4,0,0,4,קונצנזוס / ללא מחלוקת,0.2
152a49c6-2b03-4d71-8a97-e1b752c9c4aa,odata:vote:46051,plenum,,,,ישיבה מיוחדת לבחירת מבקר המדינה,2026-06-03 13:27:00,0,0,0,0,קונצנזוס / ללא מחלוקת,0.2
37fc737d-4723-4b03-8198-1c73ad214c95,odata:vote:46052,plenum,,,,"הצעת חוק האזרחים הוותיקים (תיקון - תגמול מחיה לאזרחים ותיקים), התשפ""ו-2026",2026-06-02 21:00:00,7,9,0,16,קונצנזוס / ללא מחלוקת,0.2
9239713f-bdd9-47bd-8051-ceba7991fbf5,odata:vote:46008,plenum,,,,"הצעת חוק התכנון והבניה (תיקון מס' 168), התשפ""ו-2026",2026-06-02 01:14:00,4,0,0,4,קונצנזוס / ללא מחלוקת,0.2
97149747-b64e-418e-8581-590b725aeecf,odata:vote:46009,plenum,,,,"הצעת חוק היועץ המשפטי לממשלה והתובע הכללי (מינוי, כהונה, תפקידים וסמכויות), התשפ""ו–2026",2026-06-02 01:12:00,14,12,0,26,הרפורמה המשפטית וסמכויות השילטון,0.85
c4a4946f-bdc5-4fe1-a1aa-93d87b0c9db9,odata:vote:46018,plenum,,,,"הצעת חוק התקשורת (שידורים), התשפ""ו-2025",2026-06-01 21:00:00,7,11,0,18,קונצנזוס / ללא מחלוקת,0.2
47cee80d-5ecf-4518-8463-bc7e9408f84d,odata:vote:46006,plenum,,,,"הצעת להביע אי אמון בממשלה מטעם סיעת יש עתיד בנושא: ״ממשלה כושלת המעודדת השתמטות, פוגעת במעמד הביניים ומפקירה את נושא יוקר המחייה״",2026-06-01 14:52:00,6,0,0,6,הצעות אי-אמון ופרוצדורה,0.85
655397fe-2b6c-426a-a152-926e326a8309,odata:vote:46014,plenum,,,,"הצעת חוק התפזרות הכנסת העשרים וחמש, התשפ""ו-2026",2026-05-31 21:00:00,22,0,0,22,הצעות אי-אמון ופרוצדורה,0.85
5551f9e4-c25a-4fb7-8cb0-9b6d1451096f,odata:vote:46015,plenum,,,,הצעת חוק-יסוד: סמכות חקירה והעמדה לדין (תיקוני חקיקה),2026-05-31 21:00:00,14,12,0,26,הרפורמה המשפטית וסמכויות השילטון,0.95
ee971030-665b-49ef-8a56-2c810d636d5c,odata:vote:46013,plenum,,,,"צו תעריף המכס והפטורים ומס קנייה על טובין (תיקון מס' 4), התשפ""ו-2026",2026-05-31 21:00:00,3,15,0,18,"חובת גיוס, פטור לבני ישיבות ודת ומדינה",0.85
79313344-244b-49a9-a6a3-981be3985c98,odata:vote:46001,plenum,,,,"צו הכללת אמצעי זיהוי ביומטריים ונתוני זיהוי ביומטריים במסמכי זיהוי ובמאגר מידע (תיקון והוראת שעה) (הארכת תקופת הוראת שעה), התשפ""ו-2026",2026-05-27 11:38:00,1,0,0,1,קונצנזוס / ללא מחלוקת,0.2
b75ef59d-8cde-478e-8e7f-c64d96352717,odata:vote:46000,plenum,,,,"הצעה דחופה לסדר היום בנושא: ""קיצוץ תקני ההגנה המרחבית ביהודה ושומרון והכפפת לוחמי המילואים לאישורי שב""כ""",2026-05-27 10:39:00,1,0,0,1,קונצנזוס / ללא מחלוקת,0.2
3faa836f-ae2f-4331-ac48-519ce0655e9e,odata:vote:45999,plenum,,,,"הצעה דחופה לסדר היום בנושא: ""הצורך הקריטי בתקצוב ובהסדרת מערך השיקום האונקולוגי למחלימים בישראל""",2026-05-27 10:22:00,1,0,0,1,קונצנזוס / ללא מחלוקת,0.2
74a14218-fe8f-42c7-93e3-68d63c5789c3,odata:vote:45998,plenum,,,,"הצעה רגילה לסדר היום בנושא: ""הטלת מכס של 50% על מספוא החיטה והשפעת המהלך על העלאת יוקר המחיה במדינת ישראל""",2026-05-27 10:05:00,1,0,0,1,קונצנזוס / ללא מחלוקת,0.2
0d84a7ba-533f-4164-888e-136363f03f83,odata:vote:46004,plenum,,,,"הצעת חוק קבלת ילד למעון יום והשתתפות המדינה בעלות שכר הלימוד בו, התשפ""ה-2024",2026-05-26 21:00:00,9,10,0,19,קונצנזוס / ללא מחלוקת,0.2
2e33c6cc-1cce-4933-9087-2bd363cc350c,odata:vote:46002,plenum,,,,"הצעת חוק מחיקת חובות שמקורם בתגמולי מילואים במלחמת חרבות ברזל (תיקוני חקיקה), התשפ""ו-2026",2026-05-26 21:00:00,8,7,0,15,קונצנזוס / ללא מחלוקת,0.2
ebebfb43-ac52-4a0b-91bc-791934b7716c,odata:vote:46003,plenum,,,,"הצעת חוק חוסן לישראל - הרשות הלאומית לחוסן נפשי ולטראומה, התשפ""ו-2026",2026-05-26 21:00:00,9,6,0,15,קונצנזוס / ללא מחלוקת,0.2
515c4670-26d0-414e-9643-b52c2d900e81,odata:vote:45991,plenum,,,,"הצעת חוק שיקום נרחב לחבל התקומה כאזור מיקוד לאומי וסיוע ליישובים הסמוכים אליו (תיקון) (סכום חד־פעמי למימון הוצאות מיוחדות), התשפ""ו–2026",2026-05-25 18:13:00,1,0,0,1,קונצנזוס / ללא מחלוקת,0.2
e30a8c0c-02ac-4252-a036-d67bee3a8719,odata:vote:45986,plenum,,,,"הצעה להביע אי אמון בממשלה של סיעת העבודה בנושא: ""כישלון מוחלט של הממשלה""",2026-05-25 15:02:00,8,0,0,8,הצעות אי-אמון ופרוצדורה,0.85
005d538a-8f3a-4ea5-a447-71bc81fe846f,odata:vote:45988,plenum,,,,"הצעה להביע אי אמון בממשלה מטעם סיעת כחול לבן בנושא: ""ממשלה שמועדדת את הקיטוב בחברה הישראלית""",2026-05-25 15:01:00,8,0,0,8,הצעות אי-אמון ופרוצדורה,0.85
230eb87f-7ab9-46f1-9455-1c40567cf5dc,odata:vote:45987,plenum,,,,"הצעה להביע אי אמון בממשלה מטעם סיעת ישראל ביתנו בנושא: ""כישלון של הדרג המדיני בניהול ביטחון המדינה""",2026-05-25 15:01:00,7,0,0,7,הצעות אי-אמון ופרוצדורה,0.85
242c69a9-b787-4e6c-8ae7-3332b19f6f66,odata:vote:45989,plenum,,,,"הצעה להביע אי אמון בממשלה מטעם סיעות חד""ש-תע""ל ורע""ם בנושא: ""כישלון שיטתי ומכוון בשילוב האזרחים הערבים במוקדי קבלת ההחלטות במגזר הציבורי ובחברות הממשלתיות, תוך הפרה מתמשכת של החובה החוקית לייצוג הולם""",2026-05-25 15:00:00,5,0,1,6,הצעות אי-אמון ופרוצדורה,0.85
aff245f3-e8ae-4bec-989b-7b867ab9f006,odata:vote:45992,plenum,,,,"סמכויות לפי חוק הכללת אמצעי זיהוי ביומטריים ונתוני זיהוי ביומטריים במסמכי זיהוי ובמאגר מידע (תיקון הוראת שעה), התשע""ז - 2017, לעניין הארכת הוראת שעה",2026-05-24 21:00:00,8,8,0,16,קונצנזוס / ללא מחלוקת,0.2
8a033c17-b262-4ee6-9bd6-98488ab92df7,odata:vote:45971,plenum,,,,"הצעת חוק סיוע לבני משפחה של נעדרים, התשפ""ו–2026",2026-05-20 17:05:00,2,0,0,2,קונצנזוס / ללא מחלוקת,0.2
16f5c39f-7d33-449a-a22b-5e6e49fc3d0f,odata:vote:45969,plenum,,,,"הצעה דחופה לסדר היום בנושא: ""היעדר פתרון ביטוחי לעסקים תחת איומי פרוטקשן""",2026-05-20 16:56:00,1,0,0,1,קונצנזוס / ללא מחלוקת,0.2
9fee2524-4770-4f73-8105-20732740e64f,odata:vote:45968,plenum,,,,"הצעה דחופה לסדר היום בנושא: ""ניסיון בולשביקי לסתימת פיות תקשורתית ולפגיעה בחופש הביטוי של ערוץ 14""",2026-05-20 16:41:00,2,0,0,2,קונצנזוס / ללא מחלוקת,0.2
b66c76d6-635c-408d-8c95-284e6d3df981,odata:vote:45967,plenum,,,,"הצעה רגילה לסדר היום בנושא: ""כישלון מערכת החינוך הממלכתי במקצועות הליבה והאפליה המשפטית נגד הציבור החרדי""",2026-05-20 16:21:00,1,1,0,2,קונצנזוס / ללא מחלוקת,0.2
b6c6195f-7eb6-478d-919f-92d544831835,odata:vote:45984,plenum,,,,"הצעת חוק הפיקוח על שירותים פיננסיים (שירותים פיננסיים מוסדרים) (תיקון - מתן רישיון לנותן שירות זר), התשפ""ו-2026",2026-05-19 21:00:00,6,4,0,10,קונצנזוס / ללא מחלוקת,0.2
e112f71d-483d-4d76-a290-bf21c6734df5,odata:vote:45973,plenum,,,,"הצעת חוק התפזרות הכנסת העשרים וחמש, התשפ""ג-2022",2026-05-19 21:00:00,14,14,0,28,הצעות אי-אמון ופרוצדורה,0.85
5b3da718-6ac9-44cf-a1b5-42ca66429bcb,odata:vote:45974,plenum,,,,"הצעת חוק התפזרות הכנסת העשרים וחמש, התשפ""ג-2023",2026-05-19 21:00:00,14,14,0,28,הצעות אי-אמון ופרוצדורה,0.85
a6896521-925c-44bf-8f17-1e625333bfd6,odata:vote:45976,plenum,,,,"הצעת חוק התפזרות הכנסת העשרים וחמש, התשפ""ד-2023",2026-05-19 21:00:00,11,13,0,24,הצעות אי-אמון ופרוצדורה,0.85
dae84ac8-b83e-4727-b372-f2cb93b5ddb6,odata:vote:45979,plenum,,,,"הצעת חוק התפזרות הכנסת העשרים וחמש, התשפ""ה-2025",2026-05-19 21:00:00,7,13,0,20,הצעות אי-אמון ופרוצדורה,0.85
90634317-a68e-4a16-9ae2-28d6a78c2ae2,odata:vote:45985,plenum,,,,הצעה רגילה לסדר היום בנושא: הקמת ועדת חקירה פרלמנטרית לבחינת מדיניות המשטרה כלפי האזרחים הערבים,2026-05-19 21:00:00,4,3,0,7,קונצנזוס / ללא מחלוקת,0.2
b4020403-adb6-4261-9ec0-c9e0f89537b3,odata:vote:45952,plenum,,,,"הצעת חוק ביטוח בריאות ממלכתי (תיקון מס' 73), התשפ""ו–2026",2026-05-13 11:39:00,4,0,0,4,קונצנזוס / ללא מחלוקת,0.2
941f706c-6b77-41f7-9ef8-49316b6d907e,odata:vote:45950,plenum,,,,"הצעת חוק זכויות מבצעים ומשדרים (תיקון מס' 10), התשפ""ו–2026",2026-05-13 11:08:00,4,0,0,4,קונצנזוס / ללא מחלוקת,0.2
8876adc0-4806-4949-bf14-1e7cfd43d497,odata:vote:45949,plenum,,,,"הצעה דחופה לסדר היום בנושא: ""סוף שבוע קטלני בכבישים""",2026-05-13 10:14:00,2,0,0,2,קונצנזוס / ללא מחלוקת,0.2
d0d46913-d6d8-400b-8a6a-2585f32f38bb,odata:vote:45948,plenum,,,,"הצעה דחופה לסדר היום בנושא: ""מחירי המזון רושמים שיאים""",2026-05-13 09:54:00,2,0,0,2,קונצנזוס / ללא מחלוקת,0.2
d3a3d7ec-2f16-49c8-bcc5-ac12f9fbc59c,odata:vote:45947,plenum,,,,הצעה רגילה לסדר היום בנושא: בתוך שבועיים - אותרו 14 שנמצאו מתים בדירותיהם,2026-05-13 09:26:00,2,0,0,2,קונצנזוס / ללא מחלוקת,0.2
832ea8ab-c3cb-4a09-b9d4-80cf446b9a12,odata:vote:45946,plenum,,,,"הצעה רגילה לסדר היום בנושא: ""אשרור פירוק חמאס ופירוז רצועת עזה כתנאים ליישום התוכנית לסיום המלחמה""",2026-05-13 09:13:00,2,0,0,2,קונצנזוס / ללא מחלוקת,0.2
468c3a26-088c-4c34-87b6-7d1a70e23791,odata:vote:45945,plenum,,,,"הצעה רגילה לסדר היום בנושא: ""אובדן המשילות בנגב והשלכותיו החמורות במגוון תחומי החיים בנגב""",2026-05-13 09:02:00,2,0,0,2,קונצנזוס / ללא מחלוקת,0.2
9be0d743-9799-4c48-be54-aec3b8330726,odata:vote:45944,plenum,,,,"הצעת חוק דחיית מועדים (תשלומים של בעל עסק המשרת בשירות מילואים פעיל), התשפ""ה-2025",2026-05-13 08:42:00,7,8,0,15,קונצנזוס / ללא מחלוקת,0.2
a57de60a-3741-4750-9ed7-0174d82f4491,odata:vote:45955,plenum,,,,"הצעת חוק לתיקון פקודת מס הכנסה (נקודות זיכוי להורי חיילים), התשפ""ה-2024",2026-05-12 21:00:00,7,10,0,17,קונצנזוס / ללא מחלוקת,0.2
4da5d300-14e8-47b5-857e-f29fcabf5b38,odata:vote:45941,plenum,,,,"הצעת חוק הכרה בתרומתם של כלבים ששירתו בגופים ביטחוניים, התשפ""ה–2025",2026-05-12 14:50:00,1,0,0,1,קונצנזוס / ללא מחלוקת,0.2
212de495-4142-4aa8-bc1a-6de640b7397e,odata:vote:45940,plenum,,,,"הצעת חוק בתי המשפט (תיקון מס' 109) (ביקור שופט בבתי סוהר), התשפ""ו–2026",2026-05-12 14:40:00,1,0,0,1,הרפורמה המשפטית וסמכויות השילטון,0.85
1ac5d352-2083-4c30-82b5-9a6f3c47a721,odata:vote:45932,plenum,,,,"הצעת חוק לתיקון פקודת המשטרה (מס' 43), התשפ""ו-2026",2026-05-11 22:09:00,2,0,0,2,"סמכויות אכיפה, משטרה ושב""ס",0.85
cfd73ab4-394f-4ae2-a508-68e4981ddff8,odata:vote:45931,plenum,,,,"הצעת חוק לתיקון פקודת המועצות המקומיות (מס' 81), התשפ""ו-2026",2026-05-11 21:35:00,1,3,0,4,קונצנזוס / ללא מחלוקת,0.2
ac73aa2e-6326-4f49-8cc4-7bb0b482715f,odata:vote:45929,plenum,,,,"הצעת חוק רשות העתיקות (תיקון - סמכות רשות העתיקות ביהודה והשומרון), התשפ""ד-2024",2026-05-11 21:17:00,1,3,0,4,קונצנזוס / ללא מחלוקת,0.2
d8e964c9-8fc0-4829-bb92-e130def68143,odata:vote:45930,plenum,,,,"הצעת חוק רשות המורשת ביהודה והשומרון, התשפ""ו–2026",2026-05-11 21:15:00,1,3,0,4,קונצנזוס / ללא מחלוקת,0.2
f503ce85-eca1-4253-b7e1-80e3aea84fe1,odata:vote:45927,plenum,,,,"הצעת חוק העמדה לדין בשל אירועי טבח 7 באוקטובר 2023 (טבח שמיני עצרת), התשפ""ו–2026",2026-05-11 19:55:00,22,0,0,22,קונצנזוס / ללא מחלוקת,0.2
a0f65629-3f62-4236-8a7c-9260dd0b5898,odata:vote:45934,plenum,,,,הצעה להביע אי אמון בממשלה מטעם סיעת יש עתיד בנושא: ״הפקרת תושבי הצפון״,2026-05-10 21:00:00,9,0,0,9,הצעות אי-אמון ופרוצדורה,0.85
d0908b75-a4cf-4087-94ae-9353eec2d654,odata:vote:45936,plenum,,,,"הצעה להביע אי אמון מטעם סיעות חד""ש-תע""ל ורע""מ בנושא: ""הפקרת ביטחון האזרחים הערבים והיעדר מיגון ציבורי""",2026-05-10 21:00:00,6,0,0,6,הצעות אי-אמון ופרוצדורה,0.85
feed841a-c06c-4bc7-8b8b-16b172b86a20,odata:vote:45935,plenum,,,,"הצעה להביע אי אמון בממשלה מטעם סיעות ישראל ביתנו, כחול לבן - המחנה הממלכתי והעבודה בנושא: ""הפקרת תושבי הצפון והיעדר מיגון הולם בעורף""",2026-05-10 21:00:00,9,0,0,9,הצעות אי-אמון ופרוצדורה,0.85
3dda6754-d598-4a3c-8e60-6fde0ebfd8f7,odata:vote:45917,plenum,,,,"הצעת חוק התוכנית לסיוע כלכלי (הוראת שעה) (סיוע לעסקים ולמוסדות ציבור), התשפ""ו-2026",2026-05-04 12:32:00,5,0,1,6,קונצנזוס / ללא מחלוקת,0.2
ecea29b4-5235-4168-8bcd-d86cb719d791,odata:vote:45890,plenum,,,,"החלטת ועדת הפנים והגנת הסביבה בדבר תיקון טעות בחוק שיקום נזקי מלחמה בדרך של התחדשות עירונית, התשפ""ו-2026",2026-04-27 16:28:00,1,0,0,1,קונצנזוס / ללא מחלוקת,0.2
802bb638-db3d-485b-98e5-9c68276cfdf1,odata:vote:45888,plenum,,,,"הצעה לסדר היום בנושא: ""הפקרות הצפון""",2026-04-27 16:14:00,2,0,0,2,קונצנזוס / ללא מחלוקת,0.2
cdde8b90-df10-4185-ba46-6f995e16de31,odata:vote:45885,plenum,,,,"הצעת חוק חובת דיווח על מלאי מזון לבעלי חיים ומלאי חיטה לשם היערכות למחסור משמעותי, התשפ""ו-2026",2026-04-27 15:01:00,3,0,0,3,קונצנזוס / ללא מחלוקת,0.2
2381a668-8b38-4f5d-93fc-b909d893ece6,odata:vote:45884,plenum,,,,"הצעת חוק השמות (תיקון מס' 9), התשפ""ו-2026",2026-04-27 14:37:00,3,0,0,3,קונצנזוס / ללא מחלוקת,0.2
5ac5d3ff-9ccc-48e0-bda4-0ea33e1ede47,odata:vote:45881,plenum,,,,"הצעת חוק הביטוח הלאומי (תיקון מס' 263), התשפ""ו-2026",2026-04-27 14:16:00,4,0,0,4,קונצנזוס / ללא מחלוקת,0.2
98c00024-5be7-4cf3-9a76-34722b61f9e0,odata:vote:45880,plenum,,,,"הצעת חוק הוועדה לטיפול במשפחות נעדרים אזרחיים, התשפ""ה-2024",2026-04-27 14:05:00,7,0,0,7,קונצנזוס / ללא מחלוקת,0.2
ec88bcea-beaa-4e9c-94a0-99dbb9070918,odata:vote:45879,plenum,,,,"הצעת חוק הוועדה לטיפול במשפחות נעדרים וחטופים, התשפ""ה-2024",2026-04-27 14:05:00,6,0,0,6,קונצנזוס / ללא מחלוקת,0.2
8c91778e-9679-4f8f-a835-1789b8d5c990,odata:vote:45875,plenum,,,,"הצעת חוק הוועדה לטיפול במשפחות נעדרים אזרחיים, התשפ""ד-2023",2026-04-27 14:04:00,6,0,0,6,קונצנזוס / ללא מחלוקת,0.2
bb2de25b-2398-4f6b-9226-1da510cfaaf4,odata:vote:45876,plenum,,,,"הצעת חוק הוועדה לטיפול במשפחות נעדרים אזרחיים, התשפ""ג-2023",2026-04-27 14:03:00,7,0,0,7,קונצנזוס / ללא מחלוקת,0.2
02461fde-e627-418d-be80-6e2ef509be29,odata:vote:45878,plenum,,,,"הצעת חוק סיוע לבני משפחות של אזרחים נעדרים, התשפ""ה–2025",2026-04-27 14:02:00,4,0,1,5,קונצנזוס / ללא מחלוקת,0.2
5ed4e719-fbeb-4304-a8a0-7262a4b59474,odata:vote:45877,plenum,,,,"הצעת חוק הוועדה לטיפול במשפחות נעדרים אזרחיים, התשפ""ג-2022",2026-04-27 14:02:00,6,0,0,6,קונצנזוס / ללא מחלוקת,0.2
f8bcb1d8-8003-493d-9826-0093b9e3839b,odata:vote:45887,plenum,,,,"הצעה לסדר היום בנושא: ""הכישלון המדיני""",2026-04-27 12:00:00,2,0,0,2,קונצנזוס / ללא מחלוקת,0.2
456f9b36-db78-426f-a302-49a986b1a862,odata:vote:45854,plenum,,,,"הצעת חוק העונשין (תיקון מס' 162) (תקיפת חייל), התשפ""ו–2026",2026-03-30 23:31:00,3,0,0,3,קונצנזוס / ללא מחלוקת,0.2
2cbae57e-988d-45c6-bd70-eeb7db7e7d36,odata:vote:45853,plenum,,,,"הצעת חוק זכויות הסטודנט (תיקון מס' 11) (תנאים והגבלות להפסקת לימודים של סטודנט המשרת במילואים והרחבת תחולה), התשפ""ו–2026",2026-03-30 23:28:00,3,0,0,3,קונצנזוס / ללא מחלוקת,0.2
96a4db14-3cd6-469b-bad1-1f86646b634b,odata:vote:45850,plenum,,,,"הצעת חוק תאגידי מים וביוב (תיקון מס' 21) (הפעלת שירותי מים וביוב על ידי רשות מקומית), התשפ""ו–2026",2026-03-30 23:14:00,3,0,0,3,קונצנזוס / ללא מחלוקת,0.2
67a0a00c-b87b-438a-895f-84658d450547,odata:vote:45851,plenum,,,,"הצעת חוק תאגידי מים וביוב (תיקון מס' 20) (הפעלת שירותי מים וביוב על ידי רשות מקומית), התשפ""ו–2026",2026-03-30 23:13:00,3,0,0,3,קונצנזוס / ללא מחלוקת,0.2
387e9166-2b55-4829-8a8d-0100554fea3c,odata:vote:45849,plenum,,,,"הצעת חוק להנצחת זכרה של גולדה מאיר, התשפ""ו–2026",2026-03-30 22:57:00,4,0,0,4,קונצנזוס / ללא מחלוקת,0.2
4e768fc2-a370-452b-96d1-6d013e855700,odata:vote:45847,plenum,,,,"הצעת חוק ביטוח בריאות ממלכתי (תיקון מס' 74), התשפ""ו–2026",2026-03-30 22:41:00,4,0,0,4,קונצנזוס / ללא מחלוקת,0.2
f06b3c72-98df-42b8-913e-9c5966f8d8d6,odata:vote:45845,plenum,,,,"הצעת חוק שיקום נזקי מלחמה בדרך של התחדשות עירונית, התשפ""ו-2026",2026-03-30 22:29:00,4,0,0,4,קונצנזוס / ללא מחלוקת,0.2
8fbd248f-d07c-4731-a934-b86c8de26f84,odata:vote:45843,plenum,,,,"הצעת חוק להסדרת אירוע הילולת רבי שמעון בר יוחאי בהר מירון (הוראת שעה), התשפ""ו–2026",2026-03-30 22:16:00,4,0,0,4,קונצנזוס / ללא מחלוקת,0.2
bd99025c-638f-4477-8f70-ba4a0f623ce9,odata:vote:45841,plenum,,,,"הצעת חוק הפצת שידורים באמצעות תחנות שידור ספרתיות (תיקון מס' 8 – הוראת שעה), התשפ""ו–2026",2026-03-30 21:56:00,8,7,0,15,קונצנזוס / ללא מחלוקת,0.2
a1c4a78c-38ec-482c-8ad1-e42660b2ef99,odata:vote:45839,plenum,,,,"הצעת חוק התוכנית לסיוע כלכלי (הוראת שעה) (תעסוקה), התשפ""ו-2026",2026-03-30 21:32:00,9,7,0,16,קונצנזוס / ללא מחלוקת,0.2
e9dd9f74-904d-479e-a640-662bf11f5429,odata:vote:45836,plenum,,,,"הצעת חוק שירות לאומי-אזרחי (תיקון מס' 9), התשפ""ו-2026",2026-03-30 21:09:00,9,10,0,19,קונצנזוס / ללא מחלוקת,0.2
44969bae-4441-45b9-8273-635a4452c1d7,odata:vote:45835,plenum,,,,"הודעת הממשלה בהתאם לסעיף 31(ב) על העברת סמכויות משר הפנים לראש הממשלה לפי חוק הכניסה לישראל, התשי""ב-1925",2026-03-30 19:25:00,8,9,0,17,קונצנזוס / ללא מחלוקת,0.2
49ecd473-ccd8-4e81-a1a4-94619863534d,odata:vote:45833,plenum,,,,הודעת הממשלה בהתאם לסעיף 31(ב) על העברת סמכויות משר הפנים לראש הממשלה לפי פקודת המועצות המקומיות [נוסח חדש],2026-03-30 19:24:00,8,9,0,17,קונצנזוס / ללא מחלוקת,0.2
6c8b2756-9edc-40a0-a3d1-7c1cde33426b,odata:vote:45832,plenum,,,,"הודעת הממשלה בהתאם לסעיף 31(ב) על העברת סמכויות משר הפנים לראש הממשלה לפי חוק התכנון והבנייה, התשכ""ה-1965",2026-03-30 19:24:00,8,9,0,17,קונצנזוס / ללא מחלוקת,0.2
de7fa862-bf7a-44f1-886d-2eb81eaa50a3,odata:vote:45834,plenum,,,,הודעת הממשלה בהתאם לסעיף 31(ב) על העברת סמכויות משר הפנים לראש הממשלה לפי פקודת העיריות [נוסח חדש],2026-03-30 19:23:00,8,9,0,17,קונצנזוס / ללא מחלוקת,0.2
6c27e362-180b-46b1-80bb-5ef6ef4b406e,odata:vote:45830,plenum,,,,"הצעת חוק הטבות מס ליישובים (תיקוני חקיקה), התשפ""ו-2026",2026-03-30 18:40:00,21,0,0,21,קונצנזוס / ללא מחלוקת,0.2
415d99ce-3e78-4c78-93ae-a43f32d893a6,odata:vote:45827,plenum,,,,"הצעת חוק עידוד יישוב עירוני מעורב (הוראת שעה), התשפ""ו–2026",2026-03-30 18:23:00,20,0,0,20,קונצנזוס / ללא מחלוקת,0.2
654fd10a-3ea2-4c11-9e9e-26527f5d9a06,odata:vote:45858,plenum,,,,"הצעת חוק עונש מוות למחבלים, התשפ""ו-2026",2026-03-30 17:40:00,14,14,1,29,קונצנזוס / ללא מחלוקת,0.2
9c5b9de4-27b1-470a-8e0c-3a808e360f50,odata:vote:45789,plenum,,,,"הצעת חוק לתיקון פקודת מס הכנסה (מס' 285), התשפ""ו-2026",2026-03-29 23:25:00,14,15,0,29,קונצנזוס / ללא מחלוקת,0.2
312b9f52-aca5-4434-b686-7607ef0bd340,odata:vote:45786,plenum,,,,"הצעת חוק התוכנית הכלכלית (תיקוני חקיקה ליישום המדיניות הכלכלית לשנת התקציב 2026), התשפ""ו-2026",2026-03-29 23:20:00,15,15,0,30,"תקציב, חוק ההסדרים וכלכלה",0.95
a81618f5-1ac6-4f2a-9d30-b3b7ad82d607,odata:vote:45771,plenum,,,,"הצעת חוק ההתייעלות הכלכלית (תיקוני חקיקה להשגת יעדי התקציב לשנת התקציב 2026), התשפ""ו-2026",2026-03-29 23:10:00,15,15,0,30,"תקציב, חוק ההסדרים וכלכלה",0.95
f54d3350-d8d3-4bfe-aece-93b139134d06,odata:vote:45675,plenum,,,,"הצעת חוק התקציב לשנת הכספים 2026, התשפ""ו-2026",2026-03-29 22:25:00,15,15,0,30,"תקציב, חוק ההסדרים וכלכלה",0.95
83c097d3-2449-472a-b885-4c3ff369b302,odata:vote:45555,plenum,,,,"הצעת חוק מסגרות תקציב המדינה (הוראות מיוחדות לשנת 2026) (תיקוני חקיקה), התשפ""ו-2026",2026-03-29 20:50:00,15,15,0,30,"תקציב, חוק ההסדרים וכלכלה",0.95
becc5d5c-cd6d-4578-ade8-6d6ea7467442,odata:vote:45482,plenum,,,,"הצעת חוק הארכת תקופות ודחיית מועדים (הוראת שעה - חרבות ברזל) (אישורים רגולטוריים, עיצומים כספיים ובדיקות מיתקני גז) (תיקון), התשפ""ו-2026",2026-03-25 16:58:00,1,0,0,1,קונצנזוס / ללא מחלוקת,0.2
75317dbf-eeeb-413e-babd-1a668765148b,odata:vote:45479,plenum,,,,"הצעת חוק כליאתם של לוחמים בלתי חוקיים (תיקון מס' 4 והוראת שעה - חרבות ברזל) (תיקון מס' 7), התשפ""ו-2026",2026-03-25 16:23:00,1,2,0,3,קונצנזוס / ללא מחלוקת,0.2
9fd39d08-fbbe-4f19-9d84-b3b3bf3e4e58,odata:vote:45476,plenum,,,,"הצעת חוק הכניסה לישראל (תיקון מס' 45 - הוראת שעה), התשפ""ו-2026",2026-03-25 16:00:00,0,2,0,2,קונצנזוס / ללא מחלוקת,0.2
29dd8f77-7861-4318-9d31-6079a233158d,odata:vote:45473,plenum,,,,"הצעה דחופה לסדר היום בנושא: ""חשד לתיאום מחירים ופגיעה חמורה בתחרות מצד ספקים וקמעונאים גדולים בזמן מלחמה""",2026-03-25 15:53:00,1,0,0,1,קונצנזוס / ללא מחלוקת,0.2
049bada2-490a-468f-8937-c88664d6a8ef,odata:vote:45472,plenum,,,,הצעה דחופה לסדר היום בנושא: דרישה לתיקון מתווה הפיצויים לעסקי קו עימות צפוני,2026-03-25 15:40:00,1,0,0,1,קונצנזוס / ללא מחלוקת,0.2
80a2c936-2eec-41f6-98cb-7afe5875fc8b,odata:vote:45471,plenum,,,,"הצעה רגילה לסדר היום בנושא: ההשלכות המגדריות של מבצע ""שאגת הארי"" והצורך במענה מיידי",2026-03-25 15:15:00,1,0,0,1,קונצנזוס / ללא מחלוקת,0.2
77940d4c-ae1a-4183-bb8a-e2925a2d08cc,odata:vote:45470,plenum,,,,"הצעה רגילה לסדר היום בנושא: התגברות האלימות הלאומנית ביהודה ושומרון, כשלון מערכת הביטחון ואכיפת החוק, וההשלכות על בטחון המדינה",2026-03-25 14:14:00,1,0,0,1,קונצנזוס / ללא מחלוקת,0.2
fb4ecaba-6357-4a4d-a7ce-a4588887a992,odata:vote:45468,plenum,,,,"הצעת חוק הביטוח הלאומי (תיקון - עבודה מועדפת ביישובי קו העימות בצפון ובדרום), התשפ""ו-2025",2026-03-25 12:07:00,9,7,0,16,קונצנזוס / ללא מחלוקת,0.2
0cc4cb86-0f93-4037-9741-e0611696b13c,odata:vote:45467,plenum,,,,"הצעת חוק ביטוח בריאות ממלכתי (תיקון - צמצום פערים בין הפריפריה למרכז), התשפ""ג-2023",2026-03-25 11:41:00,9,8,0,17,קונצנזוס / ללא מחלוקת,0.2
892f6c44-4852-4671-94e3-28445f0a719c,odata:vote:45466,plenum,,,,"הצעת חוק דיווח לכנסת על העברת סיוע הומניטרי מכספי המדינה, התשפ""ה-2025",2026-03-25 11:13:00,7,11,0,18,קונצנזוס / ללא מחלוקת,0.2
66c8c189-168c-46d2-be12-95cee85d3d97,odata:vote:45485,plenum,,,,"הצעת חוק לפיתוח העיר קריית שמונה ומתן עדיפות למשרתי מילואים ונכי צה""ל בדיור, התשפ״ו-2026",2026-03-24 22:00:00,10,12,0,22,קונצנזוס / ללא מחלוקת,0.2
04db92a4-7cba-4a00-8f62-802fd6594593,odata:vote:45486,plenum,,,,"הצעת חוק שיקום, חיזוק ופיתוח העיר קריית שמונה, התשפ""ו-2026",2026-03-24 22:00:00,10,7,0,17,קונצנזוס / ללא מחלוקת,0.2
f4016344-3c1f-4c18-8d46-bb78ae425ec8,odata:vote:45487,plenum,,,,"הצעת חוק הכרזה על קטאר כמדינת אויב, התשפ""ו-2026",2026-03-24 22:00:00,7,10,0,17,קונצנזוס / ללא מחלוקת,0.2
cdfec2cb-43f6-476c-9952-58599c9c4719,odata:vote:45484,plenum,,,,"הצעת חוק משפחות חיילים שנספו במערכה (תגמולים ושיקום) (תיקון - זכויות ילדים במשפחות אומנה), התשפ""ה-2024",2026-03-24 22:00:00,7,10,1,18,קונצנזוס / ללא מחלוקת,0.2
3ba7eedc-4701-4bf1-acf2-a0a3e9033d7b,odata:vote:45464,plenum,,,,"החלטת ועדת הפנים והגנת הסביבה בדבר פיצול סעיף 101 (פקודת העיריות) מתוך הצעת חוק התכנית הכלכלית (תיקוני חקיקה ליישום המדיניות הכלכלית לשנת התקציב 2026), התשפ""ו-2026",2026-03-24 17:31:00,0,0,1,1,"תקציב, חוק ההסדרים וכלכלה",0.95
78cc8efa-a834-4b9a-a3b8-fdfaa04e928f,odata:vote:45463,plenum,,,,"החלטת ועדת הפנים והגנת הסביבה בדבר פיצול סעיפים 13, 14, 20 ו-46 מתוך הצעת חוק שיקום נזקי מלחמה בדרך של התחדשות עירונית, התשפ""ו-2025",2026-03-24 17:26:00,1,0,0,1,הצעות אי-אמון ופרוצדורה,0.85
4a64cb8f-45ee-4b8b-9f4f-b2fc17c95502,odata:vote:45462,plenum,,,,"הצעת חוק הגנה על עובדים בשעת חירום (תיקון מס' 6 והוראת שעה), התשפ""ו-2026",2026-03-24 17:15:00,2,0,0,2,קונצנזוס / ללא מחלוקת,0.2
4c6bd3e3-53fd-4d3b-a69b-0d781455660f,odata:vote:45458,plenum,,,,"הצעת חוק לתיקון פקודת התעבורה (מס' 143) (קידום התחרות באמצעות תחבורה שיתופית מקוונת), התשפ""ו–2026",2026-03-24 17:09:00,3,1,0,4,קונצנזוס / ללא מחלוקת,0.2
4acfe5c8-789b-4e25-a6e1-657f0ab04740,odata:vote:45459,plenum,,,,"הצעת חוק לתיקון פקודת התעבורה (קידום התחרות באמצעות תחבורה שיתופית מקוונת), התשפ""ו-2025",2026-03-24 17:08:00,3,1,0,4,קונצנזוס / ללא מחלוקת,0.2
d0ab7fe6-9d10-42e8-8f6a-368b627b7e10,odata:vote:45460,plenum,,,,"הצעת חוק לתיקון פקודת התעבורה (מס' 142) (קידום התחרות באמצעות תחבורה שיתופית מקוונת), התשפ""ו–2026",2026-03-24 17:07:00,3,1,0,4,קונצנזוס / ללא מחלוקת,0.2
28a43fdd-46b0-4dea-bf55-d4637d3e293e,odata:vote:45457,plenum,,,,"הצעת חוק הביטוח הלאומי (תיקון מס' 263) (שיפוי מעסיקים בעד תקופת שירות מילואים של עובדים), התשפ""ו-2026",2026-03-24 15:37:00,5,0,1,6,קונצנזוס / ללא מחלוקת,0.2
63502688-1e3d-4587-86b6-716b92a2da47,odata:vote:45452,plenum,,,,"הצעת חוק הסכמים קיבוציים (תיקון מס' 12 - הוראת שעה) (הוראות מיוחדות לעניין הרחבת הסכם קיבוצי כללי שנעשה בשל המצב המיוחד בעורף), התשפ""ו-2026",2026-03-24 01:27:00,4,0,0,4,קונצנזוס / ללא מחלוקת,0.2
ff257e2a-fda4-4788-a702-7bd225cfc231,odata:vote:45448,plenum,,,,"הצעת חוק לתיקון פקודת מס הכנסה (הטבות במס ליישוב מאוים ביהודה והשומרון), התשפ""ה-2025",2026-03-24 01:19:00,4,10,0,14,קונצנזוס / ללא מחלוקת,0.2
b9fe06bc-9088-4413-9761-9771f28bab1a,odata:vote:45449,plenum,,,,"הצעת חוק לתיקון פקודת מס הכנסה (מס' 287) (הטבות במס ליישוב מאוים באזור), התשפ""ו–2026",2026-03-24 01:18:00,4,10,0,14,קונצנזוס / ללא מחלוקת,0.2
ef151f2b-1fd0-46fc-a030-075b75695e82,odata:vote:45441,plenum,,,,"הצעת חוק שיפוט בתי דין דתיים (בוררות), התשפ""ו–2026",2026-03-24 00:04:00,11,13,1,25,קונצנזוס / ללא מחלוקת,0.2
9612bda8-3b8c-4059-96a5-bcb5e8294687,odata:vote:45413,plenum,,,,"הצעה להביע אי אמון בממשלה מטעם סיעות העבודה, ישראל ביתנו וכחול לבן - המחנה הממלכתי בנושא: ""הפקרות תקציבית ופגיעה באמון הציבור והדרג המקצועי",2026-03-23 15:14:00,11,0,0,11,"תקציב, חוק ההסדרים וכלכלה",0.95
3b858ca5-4fdf-4c40-b4d1-a271d65bd491,odata:vote:45320,plenum,,,,הצעה רגילה לסדר היום בנושא: ראש ממשלה שבוחר לקדם את עניינו המשפטיים האישיים תוך כדי מלחמה,2026-03-17 22:00:00,0,0,0,0,קונצנזוס / ללא מחלוקת,0.2
ec510cd7-abbe-4794-81c3-7510340270fe,odata:vote:45321,plenum,,,,"הצעה רגילה לסדר היום בנושא: קיצוץ חד בתקציבי החינוך הממלכתי, ההשכלה הגבוהה, המדע והטכנולוגיה ופגיעה מסתמנת בביטחון ובעתיד המדינה",2026-03-17 22:00:00,0,0,0,0,"תקציב, חוק ההסדרים וכלכלה",0.95
1f453b93-4bc8-4217-9bf9-8b6a13f3993a,odata:vote:45330,plenum,,,,הצעה רגילה לסדר היום בנושא: שוב מתברר שצבא לא מעניק צרכי דת: נמנע מחרדי עצור לשמוע פרשת זכור,2026-03-17 22:00:00,0,0,2,2,קונצנזוס / ללא מחלוקת,0.2
fd92571e-afc3-433c-bf6f-f9b4338b1e9f,odata:vote:45327,plenum,,,,"הצעת חוק משפחות חיילים שנספו במערכה (תגמולים ושיקום) (תיקון - חובת העסקה של יתומים אחרי גיל הפרישה), התשפ""ה-2025",2026-03-17 22:00:00,9,8,0,17,קונצנזוס / ללא מחלוקת,0.2
b7dfdc34-93e2-41cf-b7e9-1eec5951f45f,odata:vote:45326,plenum,,,,"הצעת חוק עבודת הנשים (תיקון - תגמול לעובדת עצמאית שבן זוגה משרת במילואים), התשפ""ה-2024",2026-03-17 22:00:00,8,8,0,16,קונצנזוס / ללא מחלוקת,0.2
64210b76-f5a3-4072-b278-ce954ce123ce,odata:vote:45328,plenum,,,,"הצעת חוק ההתגוננות האזרחית (תיקון - פיקוח על מקלטים משותפים), התשפ""ה-2025",2026-03-17 22:00:00,8,6,0,14,קונצנזוס / ללא מחלוקת,0.2
46af7d0c-b1bd-439c-9436-47ee1dfadc89,odata:vote:45325,plenum,,,,"הצעת חוק הכניסה לישראל (הרחקת שוהה שלא כדין שהשתתף במשט לרצועת עזה) (הוראת שעה), התשפ""ו-2026",2026-03-17 22:00:00,0,0,0,0,קונצנזוס / ללא מחלוקת,0.2
71de9bfb-c99f-4fe8-922c-abba7da3fcf0,odata:vote:45324,plenum,,,,"הצעת חוק השידור הציבורי הישראלי (תיקון - תקציב תאגיד השידור הישראלי), התשפ""ד-2024",2026-03-17 22:00:00,0,0,0,0,"תקציב, חוק ההסדרים וכלכלה",0.95
fce12d3b-f42e-42a2-ba22-ae4e710c2bec,odata:vote:45331,plenum,,,,"הצעה רגילה לסדר היום בנושא: בית כנסת ברמלה נשרף, ספרי התורה חוצו, חשד להצתה",2026-03-17 22:00:00,1,0,0,1,קונצנזוס / ללא מחלוקת,0.2
d28893d0-d13b-40ec-aa81-89e73bfbcc61,odata:vote:45322,plenum,,,,"הצעה דחופה לסדר היום בנושא: ""החרגת תקציבי שיקום ופיתוח יישובי קו העימות הצפוני מהקיצוץ הרוחבי בתקציב המדינה, על רקע השלכות מלחמת 'שאגת הארי'""",2026-03-17 22:00:00,0,0,0,0,"תקציב, חוק ההסדרים וכלכלה",0.95
b195008b-6689-4591-b2e8-84955b6f6d3c,odata:vote:45314,plenum,,,,"הצעת חוק הסכמים קיבוציים (הוראת שעה) (הוראות מיוחדות לעניין הרחבת הסכם קיבוצי כללי שנעשה בשל המצב המיוחד בעורף), התשפ""ו-2026",2026-03-16 22:00:00,0,0,0,0,קונצנזוס / ללא מחלוקת,0.2
61b67302-22bc-4ad5-89bc-a27934c99d54,odata:vote:45313,plenum,,,,"הצעת חוק לתיקון פקודת מס הכנסה (מס' 286), התשפ""ו-2026",2026-03-16 22:00:00,0,0,0,0,קונצנזוס / ללא מחלוקת,0.2
1d27c2d4-138b-404a-bab5-abeb414812c1,odata:vote:45306,plenum,,,,"הצעת חוק כליאתם של לוחמים בלתי חוקיים (תיקון מס' 4 והוראת שעה - חרבות ברזל), התשפ""ו-2026",2026-03-15 22:00:00,0,0,0,0,קונצנזוס / ללא מחלוקת,0.2
735f091f-bfbc-4348-a3b2-7a874a6d6878,odata:vote:45310,plenum,,,,הודעת הממשלה בהתאם לסעיף 31(ב) לחוק-יסוד: הממשלה להעביר לראש הממשלה את הסמכויות הנתונות לשר הפנים לפי מספר חוקים,2026-03-15 22:00:00,8,9,0,17,הרפורמה המשפטית וסמכויות השילטון,0.95
d6d4048e-dbcf-41e2-bea8-fd07a7821a8f,odata:vote:45307,plenum,,,,"הצעה להביע אי אמון בממשלה מטעם סיעת יש עתיד בנושא: ""ממשלה כושלת המעודדת השתמטות, פוגעת במעמד הביניים ומפקירה את נושא יוקר המחייה""",2026-03-15 22:00:00,8,0,0,8,הצעות אי-אמון ופרוצדורה,0.85
e2be3130-d00b-48eb-be99-b97c40f2c8d2,odata:vote:45308,plenum,,,,"הצעה להביע אי אמון בממשלה מטעם סיעות ישראל ביתנו, כחול לבן-המחנה הממלכתי והעבודה בנושא: ""משבר כוח האדם בצה""ל עקב אי גיוס חרדים""",2026-03-15 22:00:00,8,0,0,8,הצעות אי-אמון ופרוצדורה,0.95
f4ccd46e-bdbd-45c1-a7a4-f09083f4073f,odata:vote:45303,plenum,,,,"פרק ח' (מס רכוש) מתוך הצעת חוק ההתייעלות הכלכלית (תיקוני חקיקה להשגת יעדי התקציב לשנת התקציב 2026), התשפ""ו-2026",2026-03-11 14:15:00,0,0,0,0,"תקציב, חוק ההסדרים וכלכלה",0.95
8695e3aa-1f87-473e-a344-9702a376e461,odata:vote:45302,plenum,,,,"פרק י""ב (פיקוח על מוצרי עישון לצורכי מס) מתוך הצעת חוק התוכנית הכלכלית (תיקוני חקיקה ליישום המדיניות הכלכלית לשנת התקציב 2026), התשפ""ו-2026",2026-03-11 12:45:00,0,0,0,0,"תקציב, חוק ההסדרים וכלכלה",0.95
9d224e90-02f0-49b4-991a-9dae327ffefc,odata:vote:45301,plenum,,,,"סעיפים 86, 88 (חוק התחרות הכלכלית) מתוך הצעת חוק התוכנית הכלכלית (תיקוני חקיקה ליישום המדיניות הכלכלית לשנת התקציב 2026), התשפ""ו-2026",2026-03-11 12:40:00,0,0,0,0,"תקציב, חוק ההסדרים וכלכלה",0.95
e4e793cf-8732-4632-b88c-c8cf2c063a52,odata:vote:45300,plenum,,,,"סעיפים 85, 87, 89 עד 91 (חוק תכנון משק החלב) מתוך הצעת חוק התוכנית הכלכלית (תיקוני חקיקה ליישום המדיניות הכלכלית לשנת התקציב 2026), התשפ""ו-2026",2026-03-11 12:30:00,0,0,0,0,"תקציב, חוק ההסדרים וכלכלה",0.95
ce5f4f8c-499a-401e-83c5-20739242374d,odata:vote:45299,plenum,,,,"העברת פרק ד' (התחשבנות בין בתי חולים לקופות חולים לשנים 2026 עד 2030), רק סעיף 16 המוצע בסעיף 9, שכותרתו ""תשלום בעבור שירות בריאות הניתן מחוץ לשטח של בית חולים ציבורי כללי"", מתוך הצעת חוק ההתייעלות הכלכלית (תיקוני חקיקה להשגת יעדי התקציב לשנת התקציב 2026), התשפ""ו-2026, מוועדת הכנסת לוועדת הבריאות",2026-03-11 12:15:00,0,0,0,0,"תקציב, חוק ההסדרים וכלכלה",0.95
77f5cd01-00a3-4409-8e60-9efd5674f965,odata:vote:45298,plenum,,,,"הצעת חוק הגנה על עובדים בשעת חירום (הוראת שעה), התשפ""ו-2026",2026-03-11 11:45:00,0,0,0,0,קונצנזוס / ללא מחלוקת,0.2
626a023d-b17e-4079-b315-44a7c3b6ada6,odata:vote:45297,plenum,,,,"הצעה דחופה לסדר היום בנושא: ""גיבוש מתווה כלכלי מיוחד ודחוף ליישובי קו העימות""",2026-03-11 11:30:00,0,0,0,0,קונצנזוס / ללא מחלוקת,0.2
62ead0f7-5ac5-45a7-a0aa-cb634181719b,odata:vote:45296,plenum,,,,"הצעה רגילה לסדר היום בנושא: מתווה פיצויים לעסקים קטנים ובינוניים במבצע ""שאגת הארי""",2026-03-11 11:15:00,0,0,0,0,קונצנזוס / ללא מחלוקת,0.2
5cdaf811-d5da-46b7-addf-1e93be9d040a,odata:vote:45295,plenum,,,,הצעה רגילה לסדר היום בנושא: סגירת משרדי ממשלה מיותרים וצמצום כספים קואליציוניים בשעת מלחמה,2026-03-11 11:00:00,0,0,0,0,קונצנזוס / ללא מחלוקת,0.2
9928c38c-5934-4ff2-b18b-6a7f40ee6ffa,odata:vote:45294,plenum,,,,הצעה רגילה לסדר היום בנושא: הצורך הדחוף במינוי שר פנים קבוע ומתן מענה הולם לרשויות המקומיות בעקבות המלחמה מול איראן,2026-03-11 10:45:00,0,0,0,0,קונצנזוס / ללא מחלוקת,0.2
efde4d8a-f43e-4a2a-aeff-1f84d3cc0dbe,odata:vote:45293,plenum,,,,"הצעה רגילה לסדר היום בנושא: פתיחת המשק לתעסוקה תוך התעלמות ממערכת החינוך: חוסר תיאום ממשלתי והיעדר הקשבה והבנה להשלכות ולצרכי משקי הבית, הילדים, ההורים ונשות ואנשי החינוך",2026-03-11 10:30:00,0,0,0,0,קונצנזוס / ללא מחלוקת,0.2
22144703-361f-4666-9689-9116dc5f73ee,odata:vote:45292,plenum,,,,הצעת חוק-יסוד: הממשלה (תיקון - הגבלות על כהונת שר ביותר ממשרד אחד),2026-03-11 10:15:00,0,0,0,0,הרפורמה המשפטית וסמכויות השילטון,0.95
43d6f10c-8546-4a73-bfc1-6c3506da067f,odata:vote:45291,plenum,,,,"הצעת חוק הרשות לטיפול בנפגעי הלם קרב, התשפ""ו-2025",2026-03-11 10:00:00,0,0,0,0,קונצנזוס / ללא מחלוקת,0.2
6002f37d-0fc7-4c4b-be3c-01d0da144640,odata:vote:45290,plenum,,,,"הצעת חוק רשות מקרקעי ישראל (תיקון - העדפת רכישת קרקע בפריפריה לחיילי מילואים), התשפ""ד-2024",2026-03-11 09:45:00,0,0,0,0,קונצנזוס / ללא מחלוקת,0.2
a084f8ed-bd5c-4172-ac92-9da1f20239e0,odata:vote:45288,plenum,,,,"הצעת צו האזרחות והכניסה לישראל (הוראת שעה) (הארכת תוקף החוק), התשפ""ו-2026",2026-03-09 16:15:00,0,0,0,0,קונצנזוס / ללא מחלוקת,0.2
040a48d2-2da0-43a9-95a4-f77a476a69d9,odata:vote:45282,plenum,,,,"הצעה להביע אי אמון בממשלה מטעם סיעות חד""ש-תע""ל ורע""מ בנושא: ""הפשיעה המאורגנת וההפקרה המכוונת של הממשלה בחברה הערבית""",2026-03-09 12:30:00,0,0,0,0,הצעות אי-אמון ופרוצדורה,0.85
69600065-2e44-4fbc-abfd-fe3e2168c36c,odata:vote:45280,plenum,,,,"הצעת חוק המרכז להנצחת מורשת הלוחם היהודי במלחמת העולם השנייה, התשפ""ו-2026",2026-02-25 18:24:00,3,0,0,3,קונצנזוס / ללא מחלוקת,0.2
d13bbbe6-bd6d-4319-88c9-9ffaa12b254c,odata:vote:45274,plenum,,,,"הצעת חוק קיום דיונים בהיוועדות חזותית בעת הכרזה על הגבלה (עצורים, אסירים וכלואים) (הוראת שעה), התשפ""ו-2026",2026-02-25 17:53:00,1,0,2,3,קונצנזוס / ללא מחלוקת,0.2
ca98c178-dce7-46e1-be85-8ea1b6f0d6b4,odata:vote:45269,plenum,,,,"הצעת חוק הביטוח הלאומי (תיקון מס' 262 – הוראת שעה), התשפ""ו–2026",2026-02-25 17:07:00,3,0,0,3,קונצנזוס / ללא מחלוקת,0.2
1c780e95-1f6e-4707-b08e-f43277484018,odata:vote:45267,plenum,,,,המלצת ועדת הכנסת בעניין בחירת סגן ליושב ראש הכנסת,2026-02-25 13:58:00,2,0,1,3,הצעות אי-אמון ופרוצדורה,0.85
d1cb9d5a-d629-456a-8b5e-d140c8512502,odata:vote:45266,plenum,,,,"הצעה דחופה לסדר היום בנושא: ""היעדר אכיפה אפקטיבית נגד פגיעות כלי רכב חשמליים קלים""",2026-02-25 13:19:00,3,0,0,3,קונצנזוס / ללא מחלוקת,0.2
c47739f4-f54e-4878-a67e-bffc321decf1,odata:vote:45265,plenum,,,,"הצעה דחופה לסדר היום בנושא: ""שמירה על הקרן לביטוח נזקי טבע בחקלאות כרשת הביטחון של החקלאות הישראלית""",2026-02-25 12:52:00,3,0,0,3,קונצנזוס / ללא מחלוקת,0.2
34bf0565-eeaa-4a2e-80b1-79716a0de330,odata:vote:45264,plenum,,,,"הצעה דחופה לסדר היום בנושא: ""השלכות שחיקת קצבאות הזקנה על הביטחון הכלכלי והתזונתי של אזרחים ותיקים""",2026-02-25 12:41:00,4,0,0,4,קונצנזוס / ללא מחלוקת,0.2
93178820-e423-4ba2-bfb8-b2e075db00c9,odata:vote:45263,plenum,,,,"הצעה רגילה לסדר היום בנושא: ""הייעוץ המשפטי כופה אכיפה בררנית לגבי עריקים: רק חרדים, רק מהפריפריה""",2026-02-25 12:25:00,2,0,1,3,קונצנזוס / ללא מחלוקת,0.2
530695a3-eb81-4347-ada4-6bd37e14d5d0,odata:vote:45262,plenum,,,,"הצעה רגילה לסדר היום בנושא: ""הקמת ועדת חקירה פרלמנטרית לבחינת האלימות כלפי כוחות הביטחון, אופן הטיפול בה והענישה""",2026-02-25 12:10:00,10,10,1,21,קונצנזוס / ללא מחלוקת,0.2
5e899331-888c-4619-8874-92fb0e1fe350,odata:vote:45261,plenum,,,,"הצעת חוק הכנסת (תיקון - בחירת יושב ראש ועדה), התשפ""ו-2026",2026-02-25 11:38:00,10,9,0,19,קונצנזוס / ללא מחלוקת,0.2
f28bb7db-aa41-446f-bfff-099d23df7df9,odata:vote:45259,plenum,,,,"הצעת חוק צער בעלי חיים (הגנה על בעלי חיים) (תיקון - איסור ביצוע פעולות השחתה וריסון בבהמות), התשפ""ג-2022",2026-02-25 10:19:00,8,12,0,20,קונצנזוס / ללא מחלוקת,0.2
d65390a2-f871-4123-93be-b45ab009a5d9,odata:vote:45281,plenum,,,,"הצעת חוק השמירה על המקומות הקדושים (תיקון - ייעוץ הרבנות הראשית), התשפ""ג-2023",2026-02-24 22:00:00,10,13,0,23,קונצנזוס / ללא מחלוקת,0.2
afb89ad3-c1b4-44ea-baac-c74191e0f845,odata:vote:45258,plenum,,,,"הצעת חוק אומנה לילדים (תיקון מס' 8) (הסרת מגבלת הגיל המרבי לאומן), התשפ""ו–2026",2026-02-24 15:04:00,4,0,0,4,קונצנזוס / ללא מחלוקת,0.2
91fcae06-3e94-4987-a8cc-c05a05ba5247,odata:vote:45257,plenum,,,,"הצעת חוק הבנקאות (שירות ללקוח) (תיקון מס' 40) (הצגת מידע ללקוח על אודות פעילותו הפיננסית), התשפ""ו–2026 (פ/1819/25)",2026-02-24 14:37:00,6,0,0,6,קונצנזוס / ללא מחלוקת,0.2
1ef3b035-9ca6-4096-9456-dff8e5863ed7,odata:vote:45250,plenum,,,,"הצעת חוק המידע הפלילי ותקנת השבים (תיקון מס' 10), התשפ""ו–2026",2026-02-23 22:13:00,2,3,0,5,קונצנזוס / ללא מחלוקת,0.2
03649145-c4ec-4225-a814-732e3014829d,odata:vote:45249,plenum,,,,הצעת ועדת הכנסת בעניין הקמה מחדש של הוועדה המיוחדת לתיקונים לחוק-יסוד: הממשלה,2026-02-23 17:26:00,13,13,0,26,הרפורמה המשפטית וסמכויות השילטון,0.95
771f889d-01f2-4b39-b8ae-4bab68092572,odata:vote:45248,plenum,,,,"דיון בהשתתפות ראש הממשלה על פי בקשתם של 40 חברי כנסת - ""אובדן שליטה ביטחונית בתוך ומחוץ לגבולות ישראל""",2026-02-23 15:21:00,12,9,0,21,קונצנזוס / ללא מחלוקת,0.2
babf648f-7a7d-41fa-84cd-929ccccb4c83,odata:vote:45253,plenum,,,,"צו תעריף המכס והפטורים ומס קניה על טובין (תיקון מס' 2), התשפ""ו-2025",2026-02-22 22:00:00,5,16,0,21,"חובת גיוס, פטור לבני ישיבות ודת ומדינה",0.85
a2369806-46de-48f5-8ac0-d27e76e125ec,odata:vote:45244,plenum,,,,"הצעה דחופה לסדר היום בנושא: הסדרת הסכם פיצוי לענפים החקלאיים הנפגעים במסגרת הסכם הסחר עם ארה""ב",2026-02-18 14:56:00,0,0,0,0,קונצנזוס / ללא מחלוקת,0.2
6d9951b1-a1d0-4b63-88dc-0505b1b7cd97,odata:vote:45243,plenum,,,,"הצעה דחופה לסדר היום בנושא: ""פגיעה חריגה וחמורה בזכויות יסוד של עצור שומר מצוות""",2026-02-18 14:16:00,1,0,1,2,קונצנזוס / ללא מחלוקת,0.2
122efbf1-f2cf-4e3b-bc39-d2de5010ae0c,odata:vote:45242,plenum,,,,"הצעה דחופה לסדר היום בנושא: ""קביעת דרגת נכות לנכה צה""ל בידי רופא אשר לא שירת בצה""ל בשירות סדיר או במילואים""",2026-02-18 13:39:00,0,0,1,1,קונצנזוס / ללא מחלוקת,0.2
51c2e184-a657-4d0d-b731-d8f54dc796b5,odata:vote:45241,plenum,,,,"הצעה רגילה לסדר היום בנושא: ""השתוללות בבני ברק: שוטרים הכו עוברי אורח כולל נשים וילדים""",2026-02-18 13:29:00,0,0,1,1,קונצנזוס / ללא מחלוקת,0.2
17c78317-3974-4742-8a7c-9d84ae67a854,odata:vote:45240,plenum,,,,"הצעה רגילה לסדר היום בנושא: ""מדיניות ממשלת ישראל לדה-לגיטימציה של עולים דוברי רוסית בישראל ופגיעה מתמשכת בהם""",2026-02-18 12:55:00,0,0,1,1,קונצנזוס / ללא מחלוקת,0.2
510627d0-ec12-43de-8200-46c06a83a1ef,odata:vote:45237,plenum,,,,"הצעת חוק העונשין (תיקון - השחתת מודעות על רקע מגדר), התשפ""ד-2024",2026-02-18 12:31:00,10,9,0,19,קונצנזוס / ללא מחלוקת,0.2
baedce75-9f43-4d71-a8ea-0bce3a95e966,odata:vote:45238,plenum,,,,"הצעת חוק העונשין (תיקון - השחתת מודעות על רקע מגדר), התשפ""ד-2023",2026-02-18 12:31:00,10,9,0,19,קונצנזוס / ללא מחלוקת,0.2
4506984a-d482-452b-9352-b7f5c569c1c2,odata:vote:45239,plenum,,,,"הצעת חוק העונשין (תיקון - השחתת מודעות על רקע מגדר), התשפ""ה-2025",2026-02-18 12:30:00,10,9,0,19,קונצנזוס / ללא מחלוקת,0.2
340de144-b2bd-4c80-8650-2b65aa4daa26,odata:vote:45245,plenum,,,,"הצעת חוק התקשורת (בזק ושידורים) (תיקון - תיעוד מכירת כרטיסי SIM אנונימיים), התשפ""ו-2026",2026-02-18 12:00:00,10,8,0,18,קונצנזוס / ללא מחלוקת,0.2
fa0725fb-58ce-48f2-a53f-5728170f8e1f,odata:vote:45236,plenum,,,,הצעת חוק-יסוד: הממשלה (תיקון - תקופה מרבית לכהונה בתפקיד כראש הממשלה),2026-02-18 11:10:00,14,9,0,23,הרפורמה המשפטית וסמכויות השילטון,0.95
1c0816e9-16bd-4193-a25c-1eddfae7d7a8,odata:vote:45235,plenum,,,,"הצעת חוק הממשלה (תיקון - קיום מסיבת עיתונאים עיתית לגופי התקשורת בישראל), התשפ""ה-2024",2026-02-18 10:48:00,12,11,0,23,קונצנזוס / ללא מחלוקת,0.2
95e10d41-cc38-4215-8454-385af5e90992,odata:vote:45234,plenum,,,,"הצעת חוק לתיקון פקודת בריאות העם (הוספת מכשור רפואי לפריפריה), התשפ""ג-2023",2026-02-18 10:23:00,10,8,0,18,קונצנזוס / ללא מחלוקת,0.2
a3b2f183-27d5-49ed-aec1-0b7fae44dd38,odata:vote:45231,plenum,,,,"הצעת חוק זכויות הסטודנט (תיקון מס' 13), התשפ""ו–2026",2026-02-16 18:15:00,5,2,0,7,קונצנזוס / ללא מחלוקת,0.2
878e504c-9ca0-4366-8b85-3b01bcd8e875,odata:vote:45230,plenum,,,,"הצעה להביע אי אמון מטעם סיעות רע""מ וחד""ש-תע""ל בנושא: ""ממשלה שכשלה במתן ביטחון אישי וכלכלי לאזרחיה לא ראויה לאמון הציבור""",2026-02-16 15:45:00,11,0,0,11,הצעות אי-אמון ופרוצדורה,0.85
eafdfabd-6333-45e6-9ee8-5212ddcdf017,odata:vote:45226,plenum,,,,"הצעה דחופה לסדר היום בנושא: ""אלימות על רקע מוצא במערכת החינוך – בעקבות האירוע בבית הספר חיים גורי בנתניה""",2026-02-11 13:16:00,0,0,1,1,קונצנזוס / ללא מחלוקת,0.2
8c69b60a-7b6e-4adc-a71d-d12f95cf52a3,odata:vote:45225,plenum,,,,"הצעה דחופה לסדר היום בנושא: ""השלכות הרפורמה בהתפתחות הילד על עתידם של ילדי ישראל""",2026-02-11 12:56:00,1,0,0,1,קונצנזוס / ללא מחלוקת,0.2
c4210716-f4ce-451e-b326-d867b2975b95,odata:vote:45223,plenum,,,,"הצעה רגילה לסדר היום בנושא: ""הסדרת המעמד המקצועי של מדריכי השיקום – לאור משבר בריאות הנפש""",2026-02-11 12:05:00,2,0,0,2,קונצנזוס / ללא מחלוקת,0.2
30a1d712-3545-479d-96ec-711c4f5d7921,odata:vote:45222,plenum,,,,"הצעה רגילה לסדר היום בנושא: ""התנהלות המשטרה וחיפוש משפיל בעירום בגופו של קטין במשחק כדורגל""",2026-02-11 11:47:00,3,0,0,3,"סמכויות אכיפה, משטרה ושב""ס",0.85
7fb25bfe-7cfb-4b22-9e6e-7bb95be39876,odata:vote:45221,plenum,,,,"הצעה רגילה לסדר היום בנושא: ""פעולות הממשלה להחלשת הרשות הפלסטינית, השפעתן על מצב הביטחון באיו״ש ועל יישום תכנית הנשיא טראמפ ביחס לרצועת עזה""",2026-02-11 11:19:00,4,0,1,5,קונצנזוס / ללא מחלוקת,0.2
937f59ea-7b64-40ce-b6d3-e98d0c25740f,odata:vote:45220,plenum,,,,"הצעת חוק יסודות התקציב (תיקון - תמיכה בתאגידי חינוך חרדיים), התשפ""ו-2025",2026-02-11 10:46:00,6,8,1,15,"תקציב, חוק ההסדרים וכלכלה",0.95
ed4f7908-0073-494d-81b6-2acec34792d0,odata:vote:45219,plenum,,,,"הצעת חוק העונשין (תיקון - הגדרת סוכן חוץ), התשפ""ה-2025",2026-02-11 10:23:00,5,10,0,15,קונצנזוס / ללא מחלוקת,0.2
d677f3fe-ef05-493b-a7ba-cbce61a5fedb,odata:vote:45218,plenum,,,,"הצעת חוק להגדרת רצועת עזה כאזור עוין ואיסור יחסי מסחר, התשפ""ה-2025",2026-02-11 09:57:00,8,11,0,19,קונצנזוס / ללא מחלוקת,0.2
a3d37004-c50c-4728-9b13-4b8bf26eb218,odata:vote:45224,plenum,,,,"הצעה דחופה לסדר היום בנושא: ""המגפה השקטה: הבדידות כגורם סיכון לתמותה""",2026-02-11 09:00:00,2,0,0,2,קונצנזוס / ללא מחלוקת,0.2
16cc01e5-60c1-4f26-97d1-90730e0611d0,odata:vote:45214,plenum,,,,"הצעת חוק תאגידי מים וביוב (תיקון מס' 19), התשפ""ו-2026",2026-02-09 21:58:00,0,0,3,3,קונצנזוס / ללא מחלוקת,0.2
0ae6cbc0-9e7d-47ce-8752-0d1c36b742ba,odata:vote:45211,plenum,,,,"הצעת חוק השמות (תיקון מס' 9) (שם מאימוץ של קטין שהורהו נפטר), התשפ""ו-2026",2026-02-09 17:28:00,5,0,0,5,קונצנזוס / ללא מחלוקת,0.2
5b6d0458-3e7e-40e6-ae85-411cd74fe78c,odata:vote:45207,plenum,,,,"הצעת חוק עובדים זרים (תיקון מס' 25) (חובת בדיקה של רישיון עובד זר), התשפ""ו–2026 (פ/4346/25)",2026-02-05 00:28:00,2,0,0,2,קונצנזוס / ללא מחלוקת,0.2
2b812312-05c0-41c3-ad1c-5585b4f4984a,odata:vote:45205,plenum,,,,"הצעת חוק איסור אלימות בספורט (תיקון מס' 4), התשפ""ו–2026",2026-02-05 00:21:00,2,0,0,2,קונצנזוס / ללא מחלוקת,0.2
edd40690-3c79-48c9-9ece-d301036405b7,odata:vote:45204,plenum,,,,"הצעת חוק המועצה לענף הלול (ייצור ושיווק) (תיקון מס' 18 והוראת שעה) (תיקון), התשפ""ה–2025",2026-02-05 00:15:00,1,1,1,3,קונצנזוס / ללא מחלוקת,0.2
b1671415-fca5-4f26-a867-a33d01b641bb,odata:vote:45194,plenum,,,,"הצעה דחופה לסדר היום בנושא: ""הטבח והטיהור האתני של העדה הכורדית בסוריה""",2026-02-04 23:30:00,1,0,0,1,קונצנזוס / ללא מחלוקת,0.2
c87bc58b-2f55-4468-ba49-2c528a42b7b3,odata:vote:45193,plenum,,,,"הצעה דחופה לסדר היום בנושא: ""פגיעה בענף החלב ובביטחון המזון בעקבות הרפורמה במשק החלב""",2026-02-04 23:19:00,1,0,0,1,קונצנזוס / ללא מחלוקת,0.2
e6a5eb20-b217-49b9-9263-537a259cd078,odata:vote:45192,plenum,,,,"הצעה דחופה לסדר היום בנושא: ""דילול כוחות הביטחון בעוטף בניגוד להתחייבויות מפורשות ושבירת האמון עם התושבים""",2026-02-04 22:56:00,3,0,0,3,קונצנזוס / ללא מחלוקת,0.2
2bcd5b6d-f113-4e25-a1ef-726d5c9306a0,odata:vote:45191,plenum,,,,"הצעה דחופה לסדר היום בנושא: ""החרגת היישוב חצור הגלילית ממתווה הפיצויים והשיקום לצפון""",2026-02-04 22:34:00,2,0,0,2,קונצנזוס / ללא מחלוקת,0.2
2079ce66-9791-4659-a04a-1fab3bb74787,odata:vote:45190,plenum,,,,"הצעה רגילה לסדר היום בנושא: ""הכרזת סכסוך העבודה באגף השיקום של משרד הביטחון""",2026-02-04 21:58:00,2,0,0,2,קונצנזוס / ללא מחלוקת,0.2
226ab4dd-b59c-4e40-88a1-60064d350237,odata:vote:45189,plenum,,,,"הצעת חוק לתיקון פקודת בריאות העם (מרכזים אקוטיים), התשפ""ו-2025",2026-02-04 14:20:00,8,9,0,17,קונצנזוס / ללא מחלוקת,0.2
bef3b796-c858-453d-9016-044b35c27189,odata:vote:45188,plenum,,,,"הצעת חוק הרבנות הראשית לישראל (תיקון - רב ראשי אחד), התשפ""ג-2023",2026-02-04 13:56:00,8,9,2,19,קונצנזוס / ללא מחלוקת,0.2
a0b68909-44d9-4e30-820e-1bb18f35d36e,odata:vote:45186,plenum,,,,"הצעת חוק כביש אגרה (כביש ארצי לישראל) (תיקון - תשלום מופחת לתושבי אזורי עדיפות לאומית), התשפ""ו-2025",2026-02-04 12:51:00,7,11,0,18,קונצנזוס / ללא מחלוקת,0.2
94fb1c93-14ae-4ab1-af58-22fc40b4542e,odata:vote:45185,plenum,,,,"הצעת חוק לתיקון פקודת המשטרה (מינוי קצינים), התשפ""ה-2025",2026-02-04 12:06:00,9,12,0,21,"סמכויות אכיפה, משטרה ושב""ס",0.85
187a0588-2093-4840-a9e4-92ebab2fe18b,odata:vote:45184,plenum,,,,"הצעת חוק שירות ביטחון (תיקון - עיצום כספי), התשפ""ה-2025",2026-02-04 11:40:00,11,12,1,24,"חובת גיוס, פטור לבני ישיבות ודת ומדינה",0.85
54621d24-8014-4842-975f-bfa62c391c5e,odata:vote:45183,plenum,,,,"הצעת חוק מעמד המשרת בשירות צבאי, התשפ""ה-2024",2026-02-04 11:13:00,9,12,1,22,קונצנזוס / ללא מחלוקת,0.2
0e118ece-3d2a-4276-bfbe-cd2e3432795b,odata:vote:45182,plenum,,,,"הצעת חוק הביטוח הלאומי (תיקון - שלילת קצבת ילדים ממשפחות פוליגמיות), התשפ""ה-2025",2026-02-04 10:47:00,7,3,0,10,קונצנזוס / ללא מחלוקת,0.2
a6e3e9c2-2493-4b78-80c5-48a243076a29,odata:vote:45187,plenum,,,,"הצעת חוק מדד לזכות לקיום אנושי בכבוד, התשפ""ג-2023",2026-02-04 09:00:00,3,5,2,10,קונצנזוס / ללא מחלוקת,0.2
c272fec2-8745-47c3-beca-ec3b3725b308,odata:vote:45176,plenum,,,,"הצעת חוק הנוטריונים (תיקון מס' 12), התשפ""ה-2025",2026-02-02 19:38:00,3,0,0,3,קונצנזוס / ללא מחלוקת,0.2
c3161913-36cd-416d-a62f-ade951805e0a,odata:vote:45174,plenum,,,,"הצעת חוק עסקאות גופים ציבוריים (תיקון מס' 12) (איסור התקשרות עם ספק בשל מעורבות בפשיעה חמורה), התשפ""ה-2025",2026-02-02 19:32:00,3,0,0,3,קונצנזוס / ללא מחלוקת,0.2
e59bbc3b-9604-473b-81ca-7798da343e54,odata:vote:45173,plenum,,,,"הצעת חוק התקנים (תיקון מס' 21) (אימוץ הוראות מחייבות החלות בארצות הברית), התשפ""ו-2026",2026-02-02 18:37:00,4,0,1,5,קונצנזוס / ללא מחלוקת,0.2
8f3b0e11-a3dd-42ec-8fb9-8acc161190ac,odata:vote:45170,plenum,,,,"הצעה להביע אי אמון בממשלה מטעם סיעות חד'''ש-תע''ל ורע''מ בנושא: ""הפרות מצד המשטרה בנגב, ובמיוחד תראבין א-סאנע""",2026-02-02 15:49:00,3,0,5,8,הצעות אי-אמון ופרוצדורה,0.85
6e8b6fcf-6c63-4d78-99f6-071baa8b1c40,odata:vote:45172,plenum,,,,הצעה להביע אי אמון בממשלה מטעם סיעת יש עתיד בנושא: ״ממשלה שמקדמת חוק השתמטות מחפיר ופוגעת בלוחמים ובחיילי המילואים״,2026-02-02 15:48:00,8,0,3,11,הצעות אי-אמון ופרוצדורה,0.85
3f6ca7f1-f20d-40f6-8bab-9190325be831,odata:vote:45171,plenum,,,,"הצעה להביע אי אמון בממשלה מטעם סיעות העבודה, ישראל ביתנו וכחול לבן – המחנה הממלכתי בנושא: ""כישלון ערכי ומוסרי חסר תקדים, הפקרת ביטחון המדינה וקבורת ערך השוויון בנטל""",2026-02-02 15:48:00,8,0,3,11,הצעות אי-אמון ופרוצדורה,0.85
6778fdee-432f-4dc9-b670-3cbe1dcf310b,odata:vote:45160,plenum,,,,"הצעת חוק לתיקון ולהארכת תוקפן של תקנות שעת חירום (חרבות ברזל) (פגישה עם עורך דין של עצור בעבירת ביטחון) (תיקון מס' 7), התשפ""ו-2026",2026-01-29 00:03:00,3,3,1,7,קונצנזוס / ללא מחלוקת,0.2
99f65f64-3435-4f61-a0b1-a5c041375dfa,odata:vote:45157,plenum,,,,"הצעת חוק מועצת עורכי הדין בישראל, התשפ""ג-2022",2026-01-28 23:59:00,13,14,1,28,קונצנזוס / ללא מחלוקת,0.2
1630c996-0414-48ad-8e77-42052cff616f,odata:vote:45167,plenum,,,,"הצעת חוק הפחתת הגירעון והגבלת ההוצאה התקציבית (תיקון מס' 30), התשפ""ו-2026",2026-01-28 21:59:00,15,16,0,31,"תקציב, חוק ההסדרים וכלכלה",0.95
63996fac-9002-43a2-ad4a-b1f23177eb62,odata:vote:45164,plenum,,,,"הצעת חוק חינוך ממלכתי (תיקון - חינוך ממלכתי חרדי), התשפ""ה-2024",2026-01-28 12:30:00,9,11,0,20,קונצנזוס / ללא מחלוקת,0.2
7d334012-0f50-405b-95c4-8d71fe723b55,odata:vote:45163,plenum,,,,"הצעת חוק משפחות חיילים שנספו במערכה (תגמולים ושיקום) (תיקון - ועדת חריגים להכרה בנספה), התשפ""ו-2025",2026-01-28 11:30:00,9,10,0,19,קונצנזוס / ללא מחלוקת,0.2
ece87fb4-0156-4b12-9b12-e4a8c3bbf2c7,odata:vote:45156,plenum,,,,"הצעת חוק הביטוח הלאומי (תיקון - דמי לידה לעצמאיות - מתן זכות לעבודה חלקית), התשפ""ו-2025",2026-01-28 10:42:00,13,0,0,13,קונצנזוס / ללא מחלוקת,0.2
abdc1e53-7ed2-4f8a-95df-bb6b66bb7458,odata:vote:45151,plenum,,,,"הצעת חוק לתיקון ולהארכת תוקפן של תקנות שעת חירום (חרבות ברזל) (הארכת מעצר לחשוד בעבירת ביטחון) (תיקון מס' 8), התשפ""ו-2026",2026-01-26 19:51:00,1,1,0,2,"סמכויות אכיפה, משטרה ושב""ס",0.85
b2ff14ed-1209-4bff-a6f8-3e9fe4e99a1a,odata:vote:45149,plenum,,,,"הצעת חוק התמודדות עם תקיפות סייבר חמורות במגזר השירותים הדיגיטליים ושירותי האחסון (הוראת שעה) (תיקון מס' 4), התשפ""ו-2025",2026-01-26 19:43:00,1,0,1,2,קונצנזוס / ללא מחלוקת,0.2
15614db7-5ea4-40f6-8275-0502495f3341,odata:vote:45147,plenum,,,,"הצעת חוק משפחות חיילים שנספו במערכה (תגמולים ושיקום) (תיקון מס' 47), התשפ""ו-2026",2026-01-26 19:35:00,2,0,0,2,קונצנזוס / ללא מחלוקת,0.2
1dbcdff8-ac7f-4a4c-8b60-45455058cd56,odata:vote:45146,plenum,,,,"הצעת חוק ביטוח בריאות ממלכתי (תיקון מס' 74) (זכאות לכיסא גלגלים ממונע הניתן להנעה בידי מלווה), התשפ""ו–2026",2026-01-26 18:25:00,4,0,0,4,קונצנזוס / ללא מחלוקת,0.2
f3d5d38a-12a5-459b-87f1-fabcaebc3037,odata:vote:45143,plenum,,,,"הצעה להביע אי אמון מטעם סיעות רע""מ וחד""ש-תע""ל בנושא: ""הפקרת כוח אדם מקצועי בחברה הערבית – רופאים ומורים מחוץ למערכת""",2026-01-26 16:54:00,10,0,0,10,הצעות אי-אמון ופרוצדורה,0.85
116500f2-198c-4aed-8742-8628e79cbbb4,odata:vote:45144,plenum,,,,"הצעה להביע אי אמון בממשלה מטעם סיעות ישראל ביתנו, כחול לבן - המחנה הממלכתי והעבודה בנושא: ""כישלון הממשלה בהחזרת הביטחון לישראל""",2026-01-26 16:54:00,9,0,2,11,הצעות אי-אמון ופרוצדורה,0.85
cefe73d1-4da3-4acd-a098-f04b8692fb4a,odata:vote:45145,plenum,,,,הצעה להביע אי אמון בממשלה מטעם סיעת יש עתיד בנושא: ״תקציב מדינה של מושחתים ומשתמטים״,2026-01-26 16:53:00,11,0,0,11,"תקציב, חוק ההסדרים וכלכלה",0.95
28170948-acd7-4dae-b739-cf9c32a1d262,odata:vote:45139,plenum,,,,"הצעת חוק אומנה לילדים (תיקון מס' 7), התשפ""ה-2025 (פ/1409/25) (פ/4824/25)",2026-01-21 20:18:00,3,0,0,3,קונצנזוס / ללא מחלוקת,0.2
b4f0b789-841f-4cad-a405-83c2d009199f,odata:vote:45137,plenum,,,,"הצעת חוק לתיקון פקודת המשטרה (הסדרת הפעלת מכת""זית ותיעוד חזותי של ההפעלה), התשפ""ה-2025",2026-01-21 20:06:00,3,0,1,4,"סמכויות אכיפה, משטרה ושב""ס",0.85
90fb57b4-f7aa-4fe3-a178-377b7136e02d,odata:vote:45136,plenum,,,,"הצעת חוק לתיקון פקודת המשטרה (מס' 43) (הסדרת שימוש במכת""זית ותיעוד חזותי של השימוש בה), התשפ""ה–2025",2026-01-21 20:04:00,4,0,1,5,"סמכויות אכיפה, משטרה ושב""ס",0.85
b5183a51-9dc8-43b3-b2a5-c81633e01d91,odata:vote:45133,plenum,,,,"הצעת חוק מניעת העסקת עובד הוראה שיש לו תואר אקדמי ממוסד ברשות הפלסטינית (תיקוני חקיקה), התשפ""ה–2025",2026-01-21 18:56:00,2,4,1,7,קונצנזוס / ללא מחלוקת,0.2
3a4aabe7-88c6-4fa2-89ef-96a2cb889b86,odata:vote:45111,plenum,,,,"הצעה דחופה לסדר היום בנושא: ""היערכות המדינה למצבי חירום עבור צעירות וצעירים במצבי סיכון""",2026-01-21 16:28:00,2,0,1,3,קונצנזוס / ללא מחלוקת,0.2
db8e798a-5a47-4dc0-b14f-75d81f1bec65,odata:vote:45110,plenum,,,,"הצעת חוק הממשלה (תיקון - ועדת שרים לענייני ביטחון לאומי), התשפ״ו-2025",2026-01-21 15:50:00,4,5,0,9,קונצנזוס / ללא מחלוקת,0.2
14962b10-7e49-4653-884a-b075dcc874b8,odata:vote:45108,plenum,,,,"הצעת חוק מס ערך מוסף (תיקון - מס בשיעור אפס לבעלי עסקים בחבל תקומה ובקו העימות) (הוראת שעה), התשפ""ה-2024",2026-01-21 14:53:00,11,0,0,11,קונצנזוס / ללא מחלוקת,0.2
922a4536-4789-4683-94fa-7d7322bda02c,odata:vote:45106,plenum,,,,"הצעת חוק לעיגון מעמדה של העדה הדרוזית, התשפ""ג-2023",2026-01-21 14:34:00,11,11,0,22,קונצנזוס / ללא מחלוקת,0.2
03d723a3-bb7b-4759-8580-75d505cd0f5b,odata:vote:45105,plenum,,,,"הצעת חוק איסור הפליה במוצרים, בשירותים ובכניסה למקומות בידור ולמקומות ציבוריים (תיקון - איסור הפליה בדיור), התשפ""ג-2022",2026-01-21 13:57:00,10,12,0,22,קונצנזוס / ללא מחלוקת,0.2
bc0b96d3-c871-4705-80be-30e6aeb8bb72,odata:vote:45103,plenum,,,,"הצעת חוק התגמולים לנפגעי פעולות איבה (תיקון - זכאות לטיפול פסיכולוגי), התשפ""ה-2024",2026-01-21 12:03:00,7,0,1,8,קונצנזוס / ללא מחלוקת,0.2
b2753657-79f2-4252-9b56-d0f5a1a537bf,odata:vote:45101,plenum,,,,"הצעת חוק העונשין (תיקון - החמרת ענישה בגין ירי מנשק חם שלא כדין), התשפ""ג-2023",2026-01-21 11:48:00,11,0,0,11,קונצנזוס / ללא מחלוקת,0.2
01bd3ede-790d-49a0-9f9c-48266c0fc22c,odata:vote:45102,plenum,,,,"הצעת חוק העונשין (תיקון - החמרת ענישה בעבירות החזקת נשק שלא כדין), התשפ""ה-2025",2026-01-21 11:47:00,11,0,0,11,קונצנזוס / ללא מחלוקת,0.2
72abb612-4634-4235-a7b4-550738e7a30d,odata:vote:45098,plenum,,,,"הצעת חוק לתיקון פקודת התעבורה (קידום התחרות באמצעות תחבורה שיתופית מקוונת), התשפ""ה-2025",2026-01-21 11:18:00,9,2,0,11,קונצנזוס / ללא מחלוקת,0.2
50768aac-3b94-4ea0-85d9-d9e2d89baf73,odata:vote:45100,plenum,,,,"הצעת חוק לתיקון פקודת התעבורה (שירותי תחבורה שיתופית מקוונת), התשפ""ה-2025",2026-01-21 11:16:00,12,2,0,14,קונצנזוס / ללא מחלוקת,0.2
b6abb890-fc22-4eef-9c75-647d94c73b86,odata:vote:45104,plenum,,,,"הצעת חוק לתיקון פקודת בתי הסוהר (איסור טיפול רפואי באסירים ביטחוניים בבתי חולים ציבוריים), התשפ""ו-2025",2026-01-21 09:00:00,3,15,0,18,"סמכויות אכיפה, משטרה ושב""ס",0.85
a4d07e91-f74c-4f9d-8eb6-c572226219cb,odata:vote:45107,plenum,,,,הצעת חוק-יסוד: העדה הדרוזית,2026-01-21 09:00:00,11,11,0,22,הרפורמה המשפטית וסמכויות השילטון,0.95
f7cb6375-747a-40d8-950c-f3c23091f1b2,odata:vote:45109,plenum,,,,"הצעת חוק איסור הכחשת אירועי טבח 7 באוקטובר 2023 (טבח שמיני עצרת) (תיקון - איסור הכחשת חטיפה והחזקת חטוף בשבי), התשפ""ו-2025",2026-01-21 09:00:00,6,5,0,11,קונצנזוס / ללא מחלוקת,0.2
c173f81e-1608-4dbb-87f0-ca75157def0a,odata:vote:45093,plenum,,,,"הצעת חוק חדלות פירעון ושיקום כלכלי (תיקון מס' 9), התשפ""ו-2025",2026-01-19 18:47:00,2,0,0,2,קונצנזוס / ללא מחלוקת,0.2
c11fc760-7495-48ad-a684-7f0142bb17c5,odata:vote:45090,plenum,,,,"הצעת חוק לתיקון ולהארכת תוקפן של תקנות שעת חירום (חרבות ברזל) (הארכת מעצר לחשוד בעבירת ביטחון) (תיקון מס' 7), התשפ""ו-2026",2026-01-19 17:55:00,3,3,0,6,"סמכויות אכיפה, משטרה ושב""ס",0.85
afad70af-a909-4906-ab96-3e49e8980a67,odata:vote:45089,plenum,,,,"דיון בהשתתפות ראש הממשלה על פי בקשתם של 40 חברי כנסת - ""כישלון מתמשך של הממשלה במיגור האלימות והפשיעה""",2026-01-19 16:27:00,15,14,0,29,קונצנזוס / ללא מחלוקת,0.2
2c6672ea-06d5-4721-9fc3-c17fe49dc8f2,odata:vote:45085,plenum,,,,"הצעת חוק יום הוקרה ממלכתי לפצועי מערכות ישראל ונפגעי פעולות איבה, התשפ""ה–2025",2026-01-14 18:11:00,2,0,0,2,קונצנזוס / ללא מחלוקת,0.2
2792d578-0117-476a-b18b-cca297cc3460,odata:vote:45083,plenum,,,,"הצעת חוק הכשרות המשפטית והאפוטרופסות (תיקון מס' 24), התשפ""ו–2026",2026-01-14 17:43:00,2,0,0,2,קונצנזוס / ללא מחלוקת,0.2
b60e4d50-4789-407a-bd40-f65e8597063c,odata:vote:45082,plenum,,,,"הצעת חוק הגנת הצרכן (תיקון מס' 73) (קבלה דיגיטלית ושובר זיכוי דיגיטלי), התשפ""ה–2025",2026-01-14 17:33:00,2,0,0,2,קונצנזוס / ללא מחלוקת,0.2
5ebd1d28-8b39-40c5-8ec5-630084cc39cd,odata:vote:45080,plenum,,,,"הצעת חוק הרשויות המקומיות (בחירות) (תיקון מס' 58), התשפ""ה–2025",2026-01-14 16:54:00,0,2,2,4,קונצנזוס / ללא מחלוקת,0.2
ee203f32-a503-4164-9f44-5f73436168aa,odata:vote:45077,plenum,,,,"הצעת חוק קצבאות שאירים של משרתי שירות הקבע ושירות המדינה וגמלאיהם (תיקוני חקיקה), התשפ""ו-2026",2026-01-14 14:56:00,4,0,0,4,קונצנזוס / ללא מחלוקת,0.2
c2ad02cb-8846-43e9-91f3-b4f7942c2078,odata:vote:45076,plenum,,,,"הצעה דחופה לסדר היום בנושא: ""בחינת הכרה בעצמאות חבל קביליה וכינון יחסים עמו כהמשך למדיניות החוץ הישראלית החדשה והיוזמת""",2026-01-14 14:11:00,1,0,0,1,קונצנזוס / ללא מחלוקת,0.2
0d34afd0-42f7-4d17-a5fa-99ea3f900238,odata:vote:45075,plenum,,,,"הצעה דחופה לסדר היום בנושא: ""ההגירה השלילית ממדינת ישראל והשלכותיה החברתיות, הכלכליות והלאומיות""",2026-01-14 13:51:00,1,0,0,1,קונצנזוס / ללא מחלוקת,0.2
7e10567c-3926-4897-8e69-bc3d0d194392,odata:vote:45074,plenum,,,,"הצעה רגילה לסדר היום בנושא: ""תמיכה בלתי מספקת במכון ויצמן פוגעת במעמדו באקדמיה העולמית""",2026-01-14 13:20:00,1,0,0,1,קונצנזוס / ללא מחלוקת,0.2
ea5d7194-fe79-47f9-9e00-b2511de1f18f,odata:vote:45073,plenum,,,,"הצעה רגילה לסדר היום בנושא: ""הקמת ועדת חקירה פרלמנטרית לפשיעה המאורגנת: מכת הרצח והפשיעה בחברה הערבית מחייבת פעולה מיידית""",2026-01-14 13:01:00,4,7,0,11,קונצנזוס / ללא מחלוקת,0.2
b47b822a-b87d-45b1-b471-726213b2ac0d,odata:vote:45072,plenum,,,,"הצעת חוק מרשם האוכלוסין (תיקון - הגדרת יהודי), התשפ""ג-2023",2026-01-14 12:36:00,6,14,0,20,קונצנזוס / ללא מחלוקת,0.2
b34a5d7e-c8a2-47c4-9c49-b6c864a8cf11,odata:vote:45070,plenum,,,,"הצעת חוק הגנה על בתי תפילה ותיקים (תיקוני חקיקה), התשפ""ה-2025",2026-01-14 12:31:00,9,11,0,20,קונצנזוס / ללא מחלוקת,0.2
edf253d0-a52b-4a58-97d0-637668b9428f,odata:vote:45071,plenum,,,,"הצעת חוק חובת המכרזים (תיקון - העדפה למעסיק משרתי מילואים), התשפ""ה-2025",2026-01-14 12:30:00,11,9,0,20,קונצנזוס / ללא מחלוקת,0.2
6411270f-38c1-4d93-bba9-d828240d0767,odata:vote:45069,plenum,,,,הצעת חוק-יסוד: הכנסת (תיקון - הזכות להיבחר),2026-01-14 12:07:00,9,9,0,18,הרפורמה המשפטית וסמכויות השילטון,0.95
577bd990-8888-4a12-bfbe-72ee9ab8d0bc,odata:vote:45068,plenum,,,,"הצעת חוק שירות ביטחון (תיקון - התמודדות עם הסתה נגד חיילים חרדים), התשפ""ה-2025",2026-01-14 11:42:00,7,10,0,17,"חובת גיוס, פטור לבני ישיבות ודת ומדינה",0.85
34030556-4224-4034-9808-cf30af371cf8,odata:vote:45066,plenum,,,,הצעת חוק-יסוד: הממשלה (תיקון - הגבלת כהונת ראש הממשלה לשתי תקופות כהונה רצופות),2026-01-14 11:19:00,11,11,2,24,הרפורמה המשפטית וסמכויות השילטון,0.95
a1e86d80-9ca5-4b75-a60a-1557a230c5df,odata:vote:45067,plenum,,,,הצעת חוק-יסוד: הממשלה (תיקון - הגבלת תקופת כהונה של ראש הממשלה),2026-01-14 11:18:00,14,11,0,25,הרפורמה המשפטית וסמכויות השילטון,0.95
a841a73d-235e-4ffd-9b97-1a91b134145c,odata:vote:45065,plenum,,,,"הצעת חוק הבטחת גישה למזון בשעת חירום, התשפ""ה-2025",2026-01-14 10:46:00,9,11,0,20,קונצנזוס / ללא מחלוקת,0.2
efe547a8-d530-42ba-9927-d90845c3b767,odata:vote:45062,plenum,,,,"הצעת חוק איסור טיפולי המרה לקטין, התשפ""ה-2025",2026-01-14 10:24:00,10,11,0,21,קונצנזוס / ללא מחלוקת,0.2
40728a86-9b69-403f-9861-de9d637e6997,odata:vote:45063,plenum,,,,"הצעת חוק איסור טיפול המרה לקטין, התשפ""ד-2023",2026-01-14 10:23:00,10,11,0,21,קונצנזוס / ללא מחלוקת,0.2
7b51a5d1-eb8c-46c7-b601-06b2be65d4f1,odata:vote:45064,plenum,,,,"הצעת חוק איסור טיפול המרה לקטין, התשפ""ג-2022",2026-01-14 10:22:00,10,11,0,21,קונצנזוס / ללא מחלוקת,0.2
3bbc10ab-b1d0-4b6c-9748-b2dc7d38b3d2,odata:vote:45061,plenum,,,,"הצעת חוק יום המודעות לתרומת איברים, התשפ""ו-2025",2026-01-14 09:51:00,7,0,0,7,קונצנזוס / ללא מחלוקת,0.2
20815f8c-9f76-4627-b56f-fbe9c91b78e5,odata:vote:45060,plenum,,,,"הצעת חוק לציון אירועי ליל הבדולח, התשפ""ה-2025",2026-01-14 09:36:00,4,0,0,4,קונצנזוס / ללא מחלוקת,0.2
708af79f-5a4d-4703-8086-90995cbc1408,odata:vote:45052,plenum,,,,"הצעת חוק הפצת שידורים באמצעות תחנות שידור ספרתיות (תיקון מס' 7 – הוראת שעה) (תיקון מס' 2), התשפ""ו-2025",2026-01-12 23:34:00,0,0,1,1,קונצנזוס / ללא מחלוקת,0.2
a53f42bf-593b-42d5-a7ec-71ad5173e70d,odata:vote:45051,plenum,,,,"הצעת חוק העמדה לדין של משתתפי אירועי טבח 7 באוקטובר, התשפ""ו–2026",2026-01-12 23:29:00,4,0,0,4,קונצנזוס / ללא מחלוקת,0.2
9f29971d-3389-4560-8056-ddc62468679b,odata:vote:45048,plenum,,,,"הצעת חוק הקולנוע (תיקון מס' 7), התשפ""ה-2025",2026-01-12 23:06:00,3,0,3,6,קונצנזוס / ללא מחלוקת,0.2
74d46231-0b22-4c7f-b411-c21ea9a547ce,odata:vote:45054,plenum,,,,"הצעה להביע אי אמון בממשלה מטעם סיעות כחול לבן - המחנה הממלכתי, ישראל ביתנו והעבודה בנושא: ""פרשת קאטרגייט – הדלפות ביטחוניות ודיברור מדינה תומכת טרור בלשכת ראש הממשלה"" ‏",2026-01-11 22:00:00,7,0,2,9,הצעות אי-אמון ופרוצדורה,0.85
031c3c29-b3c2-467d-a8c0-11443bc9ea93,odata:vote:45058,plenum,,,,"הצעה להביע אי אמון בממשלה מטעם סיעות רע""ם וחד""ש-תע""ל בנושא: ""קיצוץ חמור בתקציבי החברה הערבית""",2026-01-11 22:00:00,8,0,1,9,"תקציב, חוק ההסדרים וכלכלה",0.95
8dcac2f9-498f-46e7-8aee-5eb814cff36e,odata:vote:45059,plenum,,,,"הצעת חוק לתיקון פקודת המשטרה (מס' 44) (המחלקה לחקירת שוטרים), התשפ""ו–2026",2026-01-11 22:00:00,12,14,0,26,"סמכויות אכיפה, משטרה ושב""ס",0.85
152af810-bf17-4ad7-8e55-a122ede7f0a2,odata:vote:45053,plenum,,,,"הצעה להביע אי אמון בממשלה מטעם סיעת יש עתיד בנושא: ""שלוש שנים לממשלה כושלת: יוקר מחיה, ביטחון אישי ומדיניות מרוסקת""",2026-01-11 22:00:00,12,0,0,12,הצעות אי-אמון ופרוצדורה,0.85
4a4d6f7b-4b66-4612-85e4-c7f0319b7259,odata:vote:45031,plenum,,,,"הצעת חוק משכן הכנסת, רחבתו ומשמר הכנסת (תיקון מס' 20) (גבולות רחבת הכנסת), התשפ""ו–2025",2026-01-07 16:44:00,2,0,0,2,קונצנזוס / ללא מחלוקת,0.2
1161dacb-dcab-40d4-878c-aecdfc0cb884,odata:vote:45030,plenum,,,,"הצעת חוק קיום דיונים בהיוועדות חזותית בהשתתפות עצורים אסירים וכלואים (הוראת שעה), התשפ""ו-2025",2026-01-07 16:35:00,2,0,0,2,קונצנזוס / ללא מחלוקת,0.2
89cf2b67-a986-45a2-97c5-613e675b281d,odata:vote:45027,plenum,,,,"הצעת חוק זיכרון אירועי הטרור של כ""ב בתשרי (7 באוקטובר) ומלחמת חרבות ברזל, התשפ""ה-2024",2026-01-07 16:18:00,4,0,0,4,קונצנזוס / ללא מחלוקת,0.2
df3d21f7-4402-4c80-a073-75dd49104e57,odata:vote:45028,plenum,,,,"הצעת חוק זיכרון הטבח והנצחת הגבורה ביום כ""ב בתשרי (שמחת תורה) – 7 באוקטובר, התשפ""ה–2025",2026-01-07 16:17:00,4,0,0,4,קונצנזוס / ללא מחלוקת,0.2
41e34825-d03c-4b23-a9f0-e84b77f0208e,odata:vote:45029,plenum,,,,"הצעת חוק הנצחה לאירועי השבעה באוקטובר - שמיני עצרת, התשפ""ו-2025",2026-01-07 16:16:00,4,0,0,4,קונצנזוס / ללא מחלוקת,0.2
708f5f29-e1e8-4a7c-9ae0-8ab390fb4731,odata:vote:45026,plenum,,,,"הצעה דחופה לסדר היום בנושא: ""אי-שוויון בתקצוב תנועות וארגוני נוער בשל היעדר מפקד חניכים בתנועות נוער למעלה מעשור""",2026-01-07 15:28:00,2,0,0,2,קונצנזוס / ללא מחלוקת,0.2
5c8dd2d7-6a90-4623-85c7-e453145031e5,odata:vote:45025,plenum,,,,"הצעה דחופה לסדר היום בנושא: ""אובדן המשילות בנגב והסכנה המיידית לתושבי הדרום""",2026-01-07 15:09:00,1,0,0,1,קונצנזוס / ללא מחלוקת,0.2
7f3ef92d-4ad4-4b25-9fed-9894eb3f177f,odata:vote:45024,plenum,,,,"הצעה רגילה לסדר היום בנושא: ""שלוש שנים להפיכה המשטרית - מחיר הדמים ששילמה החברה הישראלית והתעלמות הממשלה והקואליציה""",2026-01-07 14:43:00,1,0,0,1,קונצנזוס / ללא מחלוקת,0.2
f88844cd-fbc9-4344-8159-887d2f2ac7db,odata:vote:45023,plenum,,,,"הצעה רגילה לסדר היום בנושא: ""החלטת בית המשפט להוציא צו על תנאי לתיקון חוק יסוד נעשתה בחוסר סמכות, ודינה בטלות מעיקרה (void)""",2026-01-07 14:09:00,4,0,0,4,הרפורמה המשפטית וסמכויות השילטון,0.85
7df7f814-5d5c-4c19-855e-7dc87c0d61d1,odata:vote:45022,plenum,,,,"הצעה רגילה לסדר היום בנושא: ""בקשה להקמת ועדת חקירה פרלמנטרית לבחינת מדיניות המשטרה ופעילות גורמי האכיפה והביטחון בנגב""",2026-01-07 13:50:00,3,3,0,6,קונצנזוס / ללא מחלוקת,0.2
6247b11f-31b8-4710-9e73-a9350a5eac9e,odata:vote:45021,plenum,,,,"הצעת חוק יסודות התקציב (תיקון - מניעת תמיכה במוסדות המסיתים להשתמטות), התשפ""ו-2025",2026-01-07 13:06:00,9,11,0,20,"תקציב, חוק ההסדרים וכלכלה",0.95
6cf3bed7-371c-404f-9a94-b2216a30b574,odata:vote:45035,plenum,,,,"הצעת חוק התגמולים לנפגעי פעולות איבה (תיקון - פשעי שנאה), התשפ""ג-2023",2026-01-06 22:00:00,7,14,0,21,קונצנזוס / ללא מחלוקת,0.2
c5a511dd-9ebd-4a60-949f-dd897a969304,odata:vote:45038,plenum,,,,"הצעת חוק עצמאות היועץ המשפטי של משרד ממשלתי, מעמדו וסמכויותיו, התשפ""ה-2025",2026-01-06 22:00:00,14,14,0,28,הרפורמה המשפטית וסמכויות השילטון,0.85
64a43927-7a3a-47e0-8cf6-f85b867fd62b,odata:vote:45032,plenum,,,,"הצעת חוק שירות המדינה (מינויים) (תיקון - הצהרת אמונים), התשפ""ד-2024",2026-01-06 22:00:00,8,14,0,22,קונצנזוס / ללא מחלוקת,0.2
fb73e8c3-c758-42c9-9c78-62959abc7691,odata:vote:45036,plenum,,,,"הצעת חוק התגמולים לנפגעי פעולות שנאה, התשפ""ה-2025",2026-01-06 22:00:00,8,14,0,22,קונצנזוס / ללא מחלוקת,0.2
6d6e4890-e8e9-43ea-88e8-039f73fb4d6c,odata:vote:45033,plenum,,,,"הצעת חוק קרן קיימת לישראל (תיקון - מעבר לחברה ממשלתית), התשפ""ו-2025",2026-01-06 22:00:00,7,18,0,25,קונצנזוס / ללא מחלוקת,0.2
42c2c133-d91d-42f6-9766-6161cc6e42ef,odata:vote:45019,plenum,,,,סיכומיה והצעותיה של הוועדה לענייני ביקורת המדינה במושב השלישי ובזמן שחלף מתחילת המושב הרביעי של הכנסת ה-25,2026-01-06 16:03:00,1,0,0,1,קונצנזוס / ללא מחלוקת,0.2
d21b5ef1-6de2-4c08-a0dd-cc9bb312e0e0,odata:vote:45017,plenum,,,,"הצעת חוק עבודת נשים (תיקון מס' 66), התשפ""ה–2025",2026-01-06 15:37:00,6,0,0,6,קונצנזוס / ללא מחלוקת,0.2
b2dee96a-c0d3-40f4-bd13-ec627417541a,odata:vote:45016,plenum,,,,"הצעת חוק ביטוח בריאות ממלכתי (תיקון מס' 73) (החזר דמי נסיעה באמבולנס עבור מטופל בתחום בריאות הנפש), התשפ""ה–2025",2026-01-06 15:32:00,5,0,0,5,קונצנזוס / ללא מחלוקת,0.2
23ba8262-9381-4c9f-b0f5-8b982b5b8421,odata:vote:45015,plenum,,,,"הצעת חוק חופשה שנתית (תיקון מס' 18) (חופשה ביום האזכרה של קרוב משפחה של העובד), התשפ""ו–2025",2026-01-06 15:11:00,4,0,0,4,קונצנזוס / ללא מחלוקת,0.2
13277e30-f29c-4fd7-8490-744625b551bc,odata:vote:45014,plenum,,,,"הצעת חוק חובת דיווח על מלאי חיטה ומלאי מזון לבעלי חיים לשם היערכות למצב של מחסור משמעותי, התשפ""ו - 2025",2026-01-06 14:42:00,3,0,0,3,קונצנזוס / ללא מחלוקת,0.2
070da1f9-2a74-44ef-b18f-5fc02c4c39c3,odata:vote:45011,plenum,,,,"הצעת חוק תאגידי מים וביוב (תיקון מס' 19), התשפ""ו- 2025",2026-01-05 22:13:00,0,0,0,0,קונצנזוס / ללא מחלוקת,0.2
74cdddd8-ef18-4e48-94d6-247573b9c887,odata:vote:45009,plenum,,,,"הצעת חוק החוזים (חלק כללי) (תיקון מס' 3), התשפ""ה-2025",2026-01-05 21:31:00,1,1,2,4,קונצנזוס / ללא מחלוקת,0.2
3831b143-91bd-476c-86de-93699fbfdfe4,odata:vote:45002,plenum,,,,"דיון בהשתתפות ראש הממשלה על פי בקשתם של 40 חברי כנסת - ""ממשלה קיצונית הפועלת בניגוד לרוב הציוני ופוגעת בלכידות הלאומית ובערכי היסוד של מדינת ישראל""",2026-01-05 16:23:00,16,13,0,29,קונצנזוס / ללא מחלוקת,0.2
1d83dc30-151c-4d3d-9ffb-ceb98070d0af,odata:vote:44984,plenum,,,,"הצעת חוק שירות הקבע בצבא הגנה לישראל (גמלאות) (תיקון מס' 37), התשפ""ו-2025",2025-12-31 20:33:00,0,0,0,0,קונצנזוס / ללא מחלוקת,0.2
a18a05ed-9dd9-467c-8f01-81029b2a8205,odata:vote:44981,plenum,,,,"הצעת חוק לתיקון פקודת בתי הסוהר (מס' 70 והוראת שעה), התשפ""ו-2025",2025-12-31 19:27:00,0,0,0,0,"סמכויות אכיפה, משטרה ושב""ס",0.85
f2df0bfd-79af-4f47-9ed9-18c2f74224c4,odata:vote:44980,plenum,,,,"הצעת חוק איסור אלימות בספורט (תיקון מס' 4) (איסור יידוי אמצעי פירוטכני באירוע ספורט), התשפ""ו–2025",2025-12-31 18:01:00,5,0,0,5,קונצנזוס / ללא מחלוקת,0.2
591219a0-b3c5-487e-9839-ab59e1e27430,odata:vote:44979,plenum,,,,"הצעת חוק עידוד יישוב עירוני מעורב (הוראת שעה), התשפ""ו–2025",2025-12-31 17:51:00,6,0,0,6,קונצנזוס / ללא מחלוקת,0.2
88e028d5-8d1b-40a1-b18c-4ca57427c7bd,odata:vote:44977,plenum,,,,"הצעת חוק בתי קברות צבאיים (תיקון מס' 5) (תיקון), התשפ""ו–2025",2025-12-31 17:37:00,6,0,0,6,קונצנזוס / ללא מחלוקת,0.2
636cf4d3-9e62-4b43-a940-a87a86266fe1,odata:vote:44976,plenum,,,,"הצעה דחופה לסדר היום בנושא: ""פגיעה בחקלאים הישראלים הקטנים הסוחרים ברצועת עזה, עקב הסדר מנהלי חדש של רשות המיסים""",2025-12-31 17:22:00,2,0,0,2,קונצנזוס / ללא מחלוקת,0.2
48457c3f-fe0e-41ce-9106-762888ef5e5b,odata:vote:44975,plenum,,,,"הצעה דחופה לסדר היום בנושא: ""הצגת עמדות אישיות של גורמי מקצוע ממשרדי הממשלה בוועדות הכנסת במקום עמדת השר והממשלה""",2025-12-31 17:08:00,1,0,0,1,קונצנזוס / ללא מחלוקת,0.2
d312f466-c224-4af1-b8fb-7b7e212d83f7,odata:vote:44974,plenum,,,,"הצעה דחופה לסדר היום בנושא: ""עלייה באירועי האלימות כלפי נהגי אוטובוסים והאיום בהשבתת התחבורה הציבורית""",2025-12-31 16:43:00,1,0,0,1,קונצנזוס / ללא מחלוקת,0.2
9bc23b47-8238-40d3-b0ca-44d5b7d1ed39,odata:vote:44973,plenum,,,,"הצעה רגילה לסדר היום בנושא: ""קריסה דמוגרפית וכלכלית של קריית שמונה ויישובי הצפון ומחדל ממשלתי בשיקומם""",2025-12-31 16:22:00,1,0,0,1,קונצנזוס / ללא מחלוקת,0.2
fd463f51-241a-4da9-ae1f-db0babc4c807,odata:vote:44985,plenum,,,,"הצעת חוק הכרה בשפת הסימנים הישראלית, התשפ""ה-2025",2025-12-31 09:00:00,3,0,0,3,קונצנזוס / ללא מחלוקת,0.2
0096cd1d-9ea7-4154-a160-c251b3059bed,odata:vote:44990,plenum,,,,"הצעת חוק התכנון והבנייה (תיקון - ייצוג הולם לנשים במוסדות התכנון), התשפ""ג-2023",2025-12-30 22:00:00,10,13,0,23,קונצנזוס / ללא מחלוקת,0.2
75ebc788-a4a5-424d-af73-4dfdf29bfb4c,odata:vote:44987,plenum,,,,"הצעת חוק יום לציון עליית יהודי מרוקו לישראל ולהנצחת זכרם של הנספים בדרך לישראל, התשפ""ו-2025",2025-12-30 22:00:00,8,0,0,8,קונצנזוס / ללא מחלוקת,0.2
d3d5ee62-145e-40f9-9acd-5879d9d5efa4,odata:vote:44992,plenum,,,,"הצעת חוק החלת ריבונות על ביתר עילית, התשפ""ו-2025",2025-12-30 22:00:00,4,11,1,16,קונצנזוס / ללא מחלוקת,0.2
06b23b78-7da2-44d8-9ce9-2ffdb91999fe,odata:vote:44993,plenum,,,,"הצעת חוק איסור קבלת תמורה וחובת דיווח על קשרים עם מדינה זרה, התשפ״ה-2025",2025-12-30 22:00:00,10,11,1,22,קונצנזוס / ללא מחלוקת,0.2
bc787ed0-341f-413e-ab22-67564cfccad4,odata:vote:44995,plenum,,,,"הצעת חוק הפרשנות (תיקון - הגדרת הפליה על רקע זהות מגדרית, נטייה מינית או אמונה דתית), התשפ""ד-2023",2025-12-30 22:00:00,7,10,0,17,קונצנזוס / ללא מחלוקת,0.2
d25a9769-f974-467f-ab3f-b0136857232f,odata:vote:44996,plenum,,,,"הצעת חוק הפרשנות (תיקון - הגדרת הפליה על רקע נטייה מינית או זהות מגדרית), התשפ""ד-2024",2025-12-30 22:00:00,7,9,0,16,קונצנזוס / ללא מחלוקת,0.2
1127e311-b913-4bd1-9e80-34e2b884f2c9,odata:vote:44998,plenum,,,,"הצעת חוק הפרשנות (תיקון - הגדרת הפליה על רקע נטייה מינית או זהות מגדרית), התשפ""ה-2025",2025-12-30 22:00:00,7,8,0,15,קונצנזוס / ללא מחלוקת,0.2
9c7b8c90-99fa-4421-a74d-e124afa30d7a,odata:vote:44989,plenum,,,,"הצעת חוק פטור מאגרה ללוחמים בשירות מילואים בנסיעה בכבישי אגרה ובנתיבים מהירים (תיקוני חקיקה), התשפ""ה-2025",2025-12-30 22:00:00,9,14,0,23,"חובת גיוס, פטור לבני ישיבות ודת ומדינה",0.85
627c1e03-7153-460a-be73-0780cc98b7c4,odata:vote:44991,plenum,,,,"הצעת חוק הרשות הלאומית למאבק בסמים ובשימוש לרעה באלכוהול, התשפ""ה-2025",2025-12-30 22:00:00,12,11,0,23,קונצנזוס / ללא מחלוקת,0.2
ec8e616f-d630-484f-bbe2-b98cca642c9a,odata:vote:44968,plenum,,,,הצעת ועדת הכנסת להעברה מוועדה לוועדה - הצעה דחופה לסדר היום בנושא: התפרצות מחלות קטלניות בישראל והירידה בשיעורי ההתחסנות - הצבעה,2025-12-29 19:00:00,1,0,0,1,קונצנזוס / ללא מחלוקת,0.2
5058340a-b275-47c3-a08b-536513ade86b,odata:vote:44966,plenum,,,,הצעת ועדת הכנסת להעברה מוועדה לוועדה - הצעה דחופה לסדר היום בנושא: היעדר פסיכולוגים חינוכיים בבתי הספר בנגב - הצבעה,2025-12-29 18:59:00,1,0,0,1,קונצנזוס / ללא מחלוקת,0.2
693a903b-57d7-4cb1-a9de-31f89e3187d7,odata:vote:44967,plenum,,,,"הצעת ועדת הכנסת להעברה מוועדה לוועדה - הצעה רגילה לסדר היום בנושא: ""שני מקרים נוספים של מאבק בתלמידי תיכון שחפצים להניח תפילין"" - הצבעה",2025-12-29 18:58:00,1,0,0,1,קונצנזוס / ללא מחלוקת,0.2
78660a2a-3664-4a16-a5b8-04ee5bf56a14,odata:vote:44964,plenum,,,,"הצעת חוק קידום התחרות בענפי המזון והפארם (תיקון מס' 9), התשפ""ה–2025",2025-12-29 18:52:00,1,0,2,3,קונצנזוס / ללא מחלוקת,0.2
96590bb8-cf00-47c8-9100-0ac00aaf8886,odata:vote:44962,plenum,,,,"הצעת חוק מס חברות מזערי בקבוצה רב-לאומית, התשפ""ו-2025",2025-12-29 18:44:00,1,0,2,3,קונצנזוס / ללא מחלוקת,0.2
7b1db0d0-71e3-4ddc-a738-0d1e362a8937,odata:vote:44961,plenum,,,,"הצעת חוק העונשין (תיקון מס' 161) (הברחה שלא דרך תחנת גבול), התשפ""ו-2025",2025-12-29 18:23:00,2,0,2,4,קונצנזוס / ללא מחלוקת,0.2
8e0a682f-e008-47b5-8eca-83fa265b12e0,odata:vote:44957,plenum,,,,"הצעת חוק להפסקת פעילות אונר""א (תיקון), התשפ""ו-2025",2025-12-29 15:51:00,14,1,0,15,קונצנזוס / ללא מחלוקת,0.2
7e244bdb-60c1-497a-b6ac-ab4b9e5dd4d3,odata:vote:44942,plenum,,,,"הצעת חוק לתיקון פקודת בתי הסוהר (תיקון מס' 66 – הוראת שעה – חרבות ברזל) (חופשה מיוחדת לאסיר) (תיקון מס' 4), התשפ""ו-2025",2025-12-24 18:28:00,2,0,0,2,"סמכויות אכיפה, משטרה ושב""ס",0.85
24ec128e-7d57-4b7f-ab27-6fbaadc8c5c1,odata:vote:44940,plenum,,,,"הצעת חוק כליאתם של לוחמים בלתי חוקיים (תיקון מס' 4 והוראת שעה – חרבות ברזל) (תיקון מס' 6), התשפ""ו-2025",2025-12-24 18:21:00,1,0,0,1,קונצנזוס / ללא מחלוקת,0.2
79232b09-0d8c-4694-be18-3df33156ac8c,odata:vote:44939,plenum,,,,"הצעת חוק שירות ביטחון (תיקון מס' 7 והוראת שעה) (שירות במשטרה ושירות מוכר) (תיקון מס' 19), התשפ""ו-2025",2025-12-24 18:08:00,0,0,1,1,"חובת גיוס, פטור לבני ישיבות ודת ומדינה",0.85
89349795-0504-40d9-b4fa-0c3bbcff1248,odata:vote:44936,plenum,,,,"הצעת חוק הסמכת צבא הגנה לישראל ושירות הביטחון הכללי לביצוע חדירה לחומר מחשב המשמש להפעלת מצלמה נייחת ופעולה בו (הוראת שעה – חרבות ברזל) (תיקון מס' 5), התשפ""ו-2025",2025-12-24 17:16:00,0,0,0,0,קונצנזוס / ללא מחלוקת,0.2
c44fbf66-4f09-4145-9440-702c7aaf338c,odata:vote:44935,plenum,,,,"הצעה דחופה לסדר היום בנושא: ""הכנסת חומרים דו-שימושיים לרצועת עזה המשמשים לטרור""",2025-12-24 17:07:00,0,0,0,0,קונצנזוס / ללא מחלוקת,0.2
0d8f7e98-2eb4-4a7c-ad13-a61a50c1d6ea,odata:vote:44934,plenum,,,,הצעה רגילה לסדר היום בנושא: יוקר המחיה והנטל הכלכלי הבלתי נסבל שמושת על אזרחי ישראל,2025-12-24 16:51:00,2,0,0,2,קונצנזוס / ללא מחלוקת,0.2
0fe3266b-33e6-4fd2-a672-907fe411a255,odata:vote:44932,plenum,,,,הצעת חוק-יסוד: הממשלה (תיקון - התניית חברות בוועדת השרים לענייני ביטחון לאומי בשירות צבאי),2025-12-24 12:21:00,7,12,0,19,הרפורמה המשפטית וסמכויות השילטון,0.95
bb40317c-b9e4-4600-a5f0-97d2f241eb96,odata:vote:44931,plenum,,,,"הצעת חוק הכרה אזרחית בהכשרות צבאיות (תיקון - הכרה בניסיון פיקודי כניסיון ניהולי), התשפ""ה-2024",2025-12-24 11:57:00,10,14,0,24,קונצנזוס / ללא מחלוקת,0.2
431b878b-0ad9-4b15-af0f-8ebb04ea8d22,odata:vote:44928,plenum,,,,הצעת חוק-יסוד: השפיטה (תיקון - רשות ערעור למדינה על זיכוי אדם בפלילים),2025-12-24 09:24:00,4,0,0,4,הרפורמה המשפטית וסמכויות השילטון,0.95
5d322de4-396a-42e9-927c-b43ab1d58db4,odata:vote:44959,plenum,,,,"הצעת חוק נישואים אזרחיים, התשפ""ג-2022",2025-12-23 22:00:00,9,8,0,17,קונצנזוס / ללא מחלוקת,0.2
fe6fb734-9307-4de2-8df3-971897a61ca6,odata:vote:44955,plenum,,,,"הצעת חוק שיפוט בתי דין רבניים (נישואין וגירושין) (תיקון - הגבלת משך זמן ההליך), התשפ""ג-2023",2025-12-23 22:00:00,5,6,0,11,קונצנזוס / ללא מחלוקת,0.2
9b68147e-b9fe-4321-888b-7f996cbd874f,odata:vote:44950,plenum,,,,"הצעת חוק מלחמת שמחת תורה, התשפ""ו-2025",2025-12-23 22:00:00,6,7,0,13,קונצנזוס / ללא מחלוקת,0.2
85d18179-86ae-4291-95c6-4cd2d23188da,odata:vote:44951,plenum,,,,"הצעת חוק שיפוט בתי דין רבניים (נישואין וגירושין) (תיקון - מתן פסק דין במקרי אלימות קשים), התשפ""ג-2023",2025-12-23 22:00:00,8,6,0,14,קונצנזוס / ללא מחלוקת,0.2
e1c3e6ea-7698-4cb9-9f78-93d2f9383eca,odata:vote:44948,plenum,,,,"הצעת חוק זכויות ושירותים לילדים ובני נוער עם קשיים נפשיים, התשפ""ד-2023",2025-12-23 22:00:00,8,8,0,16,קונצנזוס / ללא מחלוקת,0.2
86f72304-5e0b-4d5e-9ac1-928668d65b0b,odata:vote:44946,plenum,,,,"הצעת חוק ועדת חקירה ממלכתית-לאומית לאירועי טבח שמיני עצרת התשפ״ד (טבח 7 באוקטובר 2023), התשפ""ו-2025",2025-12-23 22:00:00,9,13,1,23,קונצנזוס / ללא מחלוקת,0.2
eb99200d-dc4f-4ad0-b5b5-9ccdf1b55664,odata:vote:44944,plenum,,,,"הצעת חוק הרשויות המקומיות (פטור חיילים, נפגעי מלחמה ושוטרים מארנונה) (תיקון - הנחה בארנונה למשרת בשירות מילואים פעיל) (הוראת שעה), התשפ""ה-2024",2025-12-23 22:00:00,11,13,0,24,"תקציב, חוק ההסדרים וכלכלה",0.85
ef3a0ac5-6209-45d1-a234-d18b8197ead6,odata:vote:44949,plenum,,,,"הצעת חוק איסור שימוש בטלפונים חכמים במוסדות חינוך, התשפ""ה-2024",2025-12-23 22:00:00,8,6,0,14,קונצנזוס / ללא מחלוקת,0.2
759683e4-da14-4f74-9c16-202f330168ab,odata:vote:44945,plenum,,,,"הצעת חוק החברות (תיקון - פרסום דוחות כספיים של מונופול), התשפ""ו-2025",2025-12-23 22:00:00,9,13,1,23,קונצנזוס / ללא מחלוקת,0.2
bb82230c-6a6a-4ec0-a4b8-706b002a411e,odata:vote:44913,plenum,,,,"הצעת חוק מניעת פגיעת גוף שידורים זר בביטחון המדינה (הוראת שעה), התשפ""ו–2025",2025-12-22 22:07:00,3,3,1,7,קונצנזוס / ללא מחלוקת,0.2
f2420a29-78bd-4636-8f49-6b9ee3e828b9,odata:vote:44901,plenum,,,,"הצעה להביע אי אמון בממשלה מטעם סיעות חד""ש-תעל ורע""ם בנושא: ""ממשלה שמעודדת טרור לאומני יהודי, אלימות פוליטית והסתה גזענית""",2025-12-22 15:51:00,10,0,0,10,הצעות אי-אמון ופרוצדורה,0.85
7cc25f48-0a6c-49c8-9e92-5786cb1b56cd,odata:vote:44903,plenum,,,,הצעה להביע אי אמון בממשלה מטעם סיעת יש עתיד בנושא: ״הפקרת הביטחון האישי ואובדן המשילות״,2025-12-22 15:50:00,9,0,0,9,הצעות אי-אמון ופרוצדורה,0.85
ae7dc0b6-8da5-49ab-afd7-4791a86f85b2,odata:vote:44902,plenum,,,,"הצעה להביע אי אמון בממשלה מטעם סיעות ישראל ביתנו, כחול לבן - המחנה הממלכתי והעבודה בנושא: ""יוקר המחיה משתולל - והממשלה מנותקת מהציבור""",2025-12-22 15:50:00,12,0,0,12,הצעות אי-אמון ופרוצדורה,0.85
4f3fb23b-249f-4764-a2b8-ae69444f87cd,odata:vote:44898,plenum,,,,"הצעת חוק תאגידי מים וביוב (תיקון - הפסקת התקשרות עם חברה), התשפ""ג-2023",2025-12-17 12:57:00,5,0,0,5,קונצנזוס / ללא מחלוקת,0.2
8fda455d-e905-4102-abbe-0acc4ced307a,odata:vote:44897,plenum,,,,"הצעת חוק הבנקאות (שירות ללקוח) (תיקון - שירות מקוון ללקוח), התשפ""ג-2023",2025-12-17 09:10:00,11,0,0,11,קונצנזוס / ללא מחלוקת,0.2
94c862be-b2a7-47e5-a944-46e547a2e39d,odata:vote:44896,plenum,,,,"הצעת חוק הבנקאות (שירות ללקוח) (תיקון - שירות מקוון ללקוח), התשפ""ג-2022",2025-12-17 09:09:00,12,1,0,13,קונצנזוס / ללא מחלוקת,0.2
74da431a-8d0e-403f-91f3-bce417fe7c6d,odata:vote:44894,plenum,,,,"הצעת חוק קליטת חיילים משוחררים (תיקון - תקופת זכאות להשתתפות במימון שכר לימוד), התשפ""ה-2025",2025-12-17 09:02:00,9,0,0,9,קונצנזוס / ללא מחלוקת,0.2
f8fce309-f6bc-48e6-9f31-1bd01908ad5f,odata:vote:44895,plenum,,,,"הצעת חוק הגנה על קטינים (הזכות למחיקת מידע אישי), התשפ""ה-2025",2025-12-17 09:00:00,7,0,0,7,קונצנזוס / ללא מחלוקת,0.2
646acb35-6151-4574-a7df-35c7e5e7fce1,odata:vote:44891,plenum,,,,"הצעת חוק שיקום נרחב לחבל התקומה כאזור מיקוד לאומי וסיוע ליישובים הסמוכים אליו (תיקון - הוראות מעבר בעניין המועצה האזורית שדות נגב), התשפ""ו-2025",2025-12-17 08:53:00,5,0,0,5,קונצנזוס / ללא מחלוקת,0.2
b40803e7-6f15-4591-b854-70367edbf97a,odata:vote:44927,plenum,,,,"הצעת חוק הגשמת הזהות היהודית במרחב הציבורי, התשפ""ה-2025",2025-12-17 07:00:00,9,6,0,15,קונצנזוס / ללא מחלוקת,0.2
24cc58f4-5091-4d53-9c29-f0072b353cc0,odata:vote:44924,plenum,,,,"הצעת חוק בתי המשפט (תיקון - קביעת הרכבים בבית המשפט העליון וקביעת דיון נוסף), התשפ""ה-2025",2025-12-16 22:00:00,9,8,0,17,הרפורמה המשפטית וסמכויות השילטון,0.85
ece8376b-4805-4fbc-9bec-f0f44cfc306e,odata:vote:44926,plenum,,,,"הצעת חוק לקידום הבנייה במתחמים מועדפים (הוראת שעה) (תיקון - ייצוג הולם למגזר החרדי), התשפ""ג-2023",2025-12-16 22:00:00,10,8,0,18,קונצנזוס / ללא מחלוקת,0.2
7907eeff-6af8-4006-a22e-43843ef1b979,odata:vote:44923,plenum,,,,"הצעת חוק שלילת הטבות מבכירים במערכת הביטחון, התשפ""ה-2025",2025-12-16 22:00:00,9,8,0,17,קונצנזוס / ללא מחלוקת,0.2
2d9aa4d6-9b45-459d-aba4-8aa6d7ed5d65,odata:vote:44971,plenum,,,,"הצעת חוק רמת הגולן (תיקון - פיתוח וחיזוק רמת הגולן, וקביעת יום לציון רמת הגולן), התשפ""ה-2025",2025-12-16 22:00:00,9,1,0,10,קונצנזוס / ללא מחלוקת,0.2
968dfa5d-ca23-4414-ab14-35292e8c856a,odata:vote:44933,plenum,,,,"הצעת חוק תאגידי מים וביוב (תיקון - הפעלת שירותי מים וביוב על ידי רשות מקומית), התשפ""ה-2025",2025-12-16 22:00:00,6,0,0,6,קונצנזוס / ללא מחלוקת,0.2
ddb85bc0-679c-4384-839f-0fa219bb98f5,odata:vote:44930,plenum,,,,"הצעת חוק החברות הממשלתיות (תיקון - הרחבת הייצוג והגיוון בחברות הממשלתיות), התשפ""ה-2025",2025-12-16 22:00:00,9,8,0,17,קונצנזוס / ללא מחלוקת,0.2
3e97638c-0f31-467f-99b1-25d5216a716f,odata:vote:44922,plenum,,,,"הצעת חוק החברות הממשלתיות (תיקון - כשירות מיוחדת), התשפ""ג-2022",2025-12-16 22:00:00,8,8,0,16,קונצנזוס / ללא מחלוקת,0.2
8ed2a8ad-47cd-4bba-9037-0fbeb755fdfd,odata:vote:44888,plenum,,,,"הצעת חוק מימון מפלגות (תיקון מס' 44), התשפ""ו–2025",2025-12-15 12:45:00,7,0,0,7,קונצנזוס / ללא מחלוקת,0.2
63847ea5-cce1-4dcd-ab0d-8a019b8a963e,odata:vote:44886,plenum,,,,"הצעת חוק תקשורת דיגיטלית עם גופים ציבוריים (תיקון מס' 5) (חובת מתן מענה הולם), התשפ""ה–2025",2025-12-15 11:56:00,5,0,2,7,קונצנזוס / ללא מחלוקת,0.2
d7c9570b-8f12-4a2e-8df6-a99789fb572a,odata:vote:44885,plenum,,,,"הצעת חוק הכשרות המשפטית והאפוטרופסות (תיקון מס' 24) (ניהול חשבון תשלום על ידי אפוטרופוס או מיופה כוח), התשפ""ה–2025",2025-12-15 10:44:00,5,0,0,5,קונצנזוס / ללא מחלוקת,0.2
cd7e5597-a81a-486b-a3b1-2ecddd03bba6,odata:vote:44884,plenum,,,,"הצעה להביע אי אמון בממשלה מטעם סיעות העבודה, סיעת כחול לבן - המחנה הממלכתי וישראל ביתנו בנושא: ""ביטול עיקרון השוויון בפני החוק – ראש הממשלה מעל החוק""",2025-12-15 08:40:00,12,0,0,12,הצעות אי-אמון ופרוצדורה,0.85
1d9c2da1-9dcc-455e-897e-41de08ea2c26,odata:vote:44883,plenum,,,,"הצעה להביע אי אמון בממשלה מטעם סיעות חד''ש-תע''ל ורע''מ בנושא: ""הפרת הפסקות האש בידי ממשלת ישראל בכל החזיתות בניסיון להבעיר את האזור כולו""",2025-12-15 08:40:00,3,0,0,3,הצעות אי-אמון ופרוצדורה,0.85
3a005fea-cd61-4996-85d1-77b942c867f2,odata:vote:44882,plenum,,,,"הצעה להביע אי אמון בממשלה מטעם סיעת יש עתיד בנושא: ״ממשלה כושלת המעודדת השתמטות, פוגעת במעמד הביניים ומפקירה את נושא יוקר המחייה״",2025-12-15 08:39:00,10,0,1,11,הצעות אי-אמון ופרוצדורה,0.85
58f1bb96-3851-4e86-98b5-ebd705bacf83,odata:vote:44876,plenum,,,,"הצעת חוק דיווח לכנסת על הטרדות מיניות בכוחות הביטחון והטיפול בהן (תיקוני חקיקה), התשפ""ה-2025",2025-12-10 16:19:00,1,0,0,1,קונצנזוס / ללא מחלוקת,0.2
967b25e6-a90b-4b64-b892-1a1dc021f160,odata:vote:44874,plenum,,,,"הצעת חוק לתיקון פקודת התעבורה (מס' 139), התשפ""ה-2025",2025-12-10 16:13:00,1,0,0,1,קונצנזוס / ללא מחלוקת,0.2
dfe772d3-59d2-4672-b3c0-a47162b5cbb6,odata:vote:44872,plenum,,,,"הצעת חוק בתי קברות צבאיים (תיקון מס' 5) (תיקון) (תחולה למפרע), התשפ""ה–2025",2025-12-10 16:09:00,1,0,0,1,קונצנזוס / ללא מחלוקת,0.2
ff9c4bc3-0520-4c08-b06b-12f5c3f358d9,odata:vote:44871,plenum,,,,"הצעה דחופה לסדר היום בנושא: ""דיון דחוף בנושא אלימות משטרתית כלפי נכה צה״ל והלום קרב, בן הקהילה יוצאת אתיופיה, בעיר אשדוד""",2025-12-10 15:27:00,2,0,0,2,קונצנזוס / ללא מחלוקת,0.2
601144b0-f468-4cd4-ab01-83939742d1b3,odata:vote:44870,plenum,,,,"הצעה דחופה לסדר היום בנושא: ""הגדרת תהליך מחייב ואבני דרך לשינוי סטטוס מוניציפלי של יישובים, לצד בחינה כלכלית מקיפה""",2025-12-10 14:57:00,0,0,0,0,קונצנזוס / ללא מחלוקת,0.2
1457f4fe-0bab-4c21-b736-e27c319771cb,odata:vote:44869,plenum,,,,"הצעה דחופה לסדר היום בנושא: ""סגירת גני ילדים לסירוגין בשל מחסור חמור בכוח אדם בגיל הרך""",2025-12-10 14:47:00,0,0,0,0,קונצנזוס / ללא מחלוקת,0.2
51cd43b8-0a53-48ca-b54c-3d8dfc9368e3,odata:vote:44868,plenum,,,,"הצעה רגילה לסדר היום בנושא: ""שני מקרים נוספים של מאבק בתלמידי תיכון שחפצים להניח תפילין""",2025-12-10 14:30:00,0,0,0,0,קונצנזוס / ללא מחלוקת,0.2
7fba62de-8803-4403-98e3-d3c091ae92a6,odata:vote:44867,plenum,,,,"הצעה רגילה לסדר היום בנושא: ""איחור שיטתי בהגשת תקציב המדינה בניגוד לחוק""",2025-12-10 14:11:00,1,0,0,1,"תקציב, חוק ההסדרים וכלכלה",0.95
ecd93106-3d1e-4fac-a7f8-e3960cf0aba4,odata:vote:44866,plenum,,,,"הצעה רגילה לסדר היום בנושא: ""הקרב ששכחו: הדחיפות הבהולה בתקצוב פעילות ההסברה האזרחית בישראל""",2025-12-10 13:36:00,1,0,0,1,קונצנזוס / ללא מחלוקת,0.2
788cb82b-85fc-4261-9e9b-1dc85563ea03,odata:vote:44865,plenum,,,,"הצעת חוק הליכי חקירה והעדה (התאמה לאנשים עם מוגבלות שכלית או נפשית) (תיקון - חקירה והעדה מותאמת למתמודדי נפש), התשפ""ה-2025",2025-12-10 13:13:00,7,0,0,7,קונצנזוס / ללא מחלוקת,0.2
06d3b239-d31e-49ff-8fb2-20490fbeebbe,odata:vote:44863,plenum,,,,"הצעת חוק הביטוח הלאומי (תיקון - דמי לידה לעצמאיות - מתן זכות לעבודה חלקית), התשפ""ג-2023",2025-12-10 13:07:00,2,5,0,7,קונצנזוס / ללא מחלוקת,0.2
c6af5a20-61ea-4ec4-b80d-5b4418b83ce2,odata:vote:44864,plenum,,,,"הצעת חוק הביטוח הלאומי (תיקון - דמי לידה לעצמאיות - מתן זכות לעבודה חלקית), התשפ""ה-2025",2025-12-10 13:05:00,7,0,0,7,קונצנזוס / ללא מחלוקת,0.2
d6100d02-a2be-4b2a-9b0e-df37e9f0e9d5,odata:vote:44861,plenum,,,,"הצעת חוק רשות מקרקעי ישראל (תיקון - הקצאת מקרקעין לרשויות מקומיות לטובת הקמת מתקני אנרגיה מתחדשת), התשפ""ה-2025",2025-12-10 12:59:00,10,0,0,10,קונצנזוס / ללא מחלוקת,0.2
dfb40a4f-a54d-4ab5-875d-323dc2c378b1,odata:vote:44862,plenum,,,,"הצעת חוק לתיקון פקודת הבנקאות (חשבונות ללא תנועה), התשפ""ה-2024",2025-12-10 12:55:00,12,0,0,12,קונצנזוס / ללא מחלוקת,0.2
3041575e-d6e6-492e-baf7-19c3e90e8f67,odata:vote:44860,plenum,,,,"הצעת חוק הבנקאות (שירות ללקוח) (תיקון - ביטול פעולה מכוח הרשאה לחיוב בשל היעדר יתרה מספקת בחשבון והגבלת עמלות בשל הרשאה לחיוב), התשפ""ה-2025",2025-12-10 12:53:00,13,0,0,13,קונצנזוס / ללא מחלוקת,0.2
dff27faf-05fd-4fa9-a823-b6f09dddbd60,odata:vote:44859,plenum,,,,"הצעת חוק העונשין (תיקון - תקיפת עיתונאים), התשפ""ה-2024",2025-12-10 12:46:00,9,11,0,20,קונצנזוס / ללא מחלוקת,0.2
c6c8ac2c-9d0e-479a-aa31-5f04df2e5086,odata:vote:44858,plenum,,,,"הצעת חוק מניעת חרמות במערכת החינוך, התשפ""ה-2025",2025-12-10 12:19:00,6,0,0,6,קונצנזוס / ללא מחלוקת,0.2
1b7c70a5-236a-497e-8a4f-3a38b2d94854,odata:vote:44857,plenum,,,,"הצעת חוק לשיקום מהיר של מבנים שניזוקו במלחמת עם כלביא (תיקוני חקיקה), התשפ""ה-2025",2025-12-10 12:06:00,12,0,1,13,קונצנזוס / ללא מחלוקת,0.2
33aa3d77-83e5-43e5-be6e-e5b5c562a9e6,odata:vote:44855,plenum,,,,"הצעת חוק המאבק בארגוני פשיעה (תיקון - הכרזה על ארגון פשיעה כארגון טרור), התשפ""ה-2025",2025-12-10 11:52:00,13,11,0,24,קונצנזוס / ללא מחלוקת,0.2
ff732f5a-c39c-4641-b34e-ef13a7935f4e,odata:vote:44854,plenum,,,,"הצעת חוק שמירה על גבולות המדינה (תיקוני חקיקה), התשפ""ה-2025",2025-12-10 11:37:00,13,7,0,20,קונצנזוס / ללא מחלוקת,0.2
3cd7b210-4110-42a6-9f18-4ca16b5f7aab,odata:vote:44852,plenum,,,,"הצעת חוק זכויות הסטודנט (תיקון - התאמות בהשכלה גבוהה לסטודנטים עקב מחלה קשה), התשפ""ה-2025",2025-12-10 11:30:00,16,0,0,16,קונצנזוס / ללא מחלוקת,0.2
471acc44-7d6e-41bd-b631-f6e018f03e35,odata:vote:44851,plenum,,,,"הצעת חוק עיון במרשמי המקרקעין ביהודה והשומרון, התשפ""ה-2025",2025-12-10 11:27:00,3,14,0,17,קונצנזוס / ללא מחלוקת,0.2
e6f2ae38-d0e2-4eed-83ee-b16283f0a772,odata:vote:44850,plenum,,,,"הצעת חוק משפחות חיילים שנספו במערכה (תגמולים ושיקום) (תיקון - שעת הורות בעבודה לאלמן או לאלמנה בשנת האבל הראשונה), התשפ""ה-2025",2025-12-10 10:13:00,9,13,0,22,קונצנזוס / ללא מחלוקת,0.2
fb1f6159-d3f8-42a4-9f53-6a0d1564af1c,odata:vote:44848,plenum,,,,"הצעת חוק קבלת ילד של משרת מילואים למעון יום והשתתפות המדינה בעלות שכר הלימוד בו, התשפ""ה-2025",2025-12-10 10:06:00,10,14,0,24,קונצנזוס / ללא מחלוקת,0.2
ba1605d0-7509-4ed6-bdea-cab29fc2bd6a,odata:vote:44847,plenum,,,,"הצעת חוק זכויות הסטודנט (תיקון - איסור הפסקת לימודים בשל שירות מילואים), התשפ""ו-2025",2025-12-10 09:34:00,2,0,0,2,קונצנזוס / ללא מחלוקת,0.2
fa490df2-fd2b-406a-abb3-4f6ff108742f,odata:vote:44877,plenum,,,,"הצעת חוק סדר הדין הפלילי (תיקון - מניעת ניגודי עניינים בחקירת היועץ המשפטי לממשלה ופרקליט המדינה), התשפ""ה-2024",2025-12-09 22:00:00,14,12,0,26,הרפורמה המשפטית וסמכויות השילטון,0.85
ff402e62-083b-4b8d-810c-e69b578864b1,odata:vote:44879,plenum,,,,הצעת חוק-יסוד: שכר נושאי משרה ברשויות השלטון (תיקוני חקיקה),2025-12-09 22:00:00,14,12,0,26,הרפורמה המשפטית וסמכויות השילטון,0.95
76555976-a4c6-4f9b-91aa-ddadead6ff62,odata:vote:44840,plenum,,,,"הצעת חוק שירות הקבע בצבא הגנה לישראל (גמלאות) (תיקון - קצבאות שאירים - תיקונים שונים), התשפ""ה-2025",2025-12-08 21:32:00,1,0,0,1,קונצנזוס / ללא מחלוקת,0.2
48396c2d-ea3e-408c-abed-d2a1e602b093,odata:vote:44841,plenum,,,,"הצעת חוק קצבאות שאירים של משרתי שירות הקבע ושירות המדינה וגמלאיהם (תיקוני חקיקה), התשפ""ה-2025",2025-12-08 21:31:00,1,0,0,1,קונצנזוס / ללא מחלוקת,0.2
d0cee16f-3bd3-4f0a-8f59-762658670236,odata:vote:44837,plenum,,,,"הודעת הממשלה בהתאם לסעיף 31(ב) לחוק-יסוד: הממשלה להעביר לראש הממשלה את הסמכות הנתונה לשר הפנים לפי סעיף 23א לחוק שירות המדינה (מינויים), התשי""ט-1959, לעניין הטלת תפקיד ראש רשות האוכלוסין וההגירה ולעניין הטלת תפקיד יו""ר הוועדה המחוזית לתכנון ובנייה מחוז תל אביב",2025-12-08 19:07:00,7,10,0,17,הרפורמה המשפטית וסמכויות השילטון,0.95
a75bbf78-f28f-46ab-a3f0-a84ab5071ab2,odata:vote:44836,plenum,,,,"דיון בהשתתפות ראש הממשלה על פי בקשתם של 40 חברי כנסת - ""קריסת מעמדה הבינלאומי של ישראל""",2025-12-08 16:22:00,15,13,0,28,קונצנזוס / ללא מחלוקת,0.2
d4cde69d-7b4f-48cf-b150-dac179f4fbb3,odata:vote:44831,plenum,,,,"הצעת חוק לתיקון דיני הראיות (הגנת ילדים) (תיקון מס' 20), התשפ""ו-2025",2025-12-03 16:31:00,3,0,0,3,קונצנזוס / ללא מחלוקת,0.2
9c6ff762-a8a4-486a-8c55-3962c07fba08,odata:vote:44830,plenum,,,,הצעה דחופה לסדר היום בנושא: עלייה במקרי אובדנות בקרב ילדים ובני נוער ברקע תת התקצוב של התוכנית הלאומית למניעת אובדנות,2025-12-03 16:01:00,5,0,0,5,קונצנזוס / ללא מחלוקת,0.2
6f4720c0-abc5-4c2d-b9ff-8118c61880eb,odata:vote:44829,plenum,,,,הצעה דחופה לסדר היום בנושא: היעדר פסיכולוגים חינוכיים בבתי הספר בנגב,2025-12-03 15:38:00,2,0,0,2,קונצנזוס / ללא מחלוקת,0.2
024ddb72-96ec-46a0-8294-f8c897541e5d,odata:vote:44828,plenum,,,,הצעה דחופה לסדר היום בנושא: גיבוש מדיניות ישראלית למניעת התחזקות טורקיה במרחב,2025-12-03 15:16:00,1,0,0,1,קונצנזוס / ללא מחלוקת,0.2
714ae950-04dd-4689-8945-44393ef26c29,odata:vote:44827,plenum,,,,"הצעה רגילה לסדר היום בנושא: ""פגיעה בתקציבי החברה הערבית על ידי שרה החשודה בהפרת אמונים""",2025-12-03 14:44:00,4,0,0,4,"תקציב, חוק ההסדרים וכלכלה",0.95
64ef2644-b089-40ea-9eaf-4ccceb6342f1,odata:vote:44826,plenum,,,,הצעה רגילה לסדר היום בנושא: ריסוק מוסדות השלטון ושחיקת אמון הציבור,2025-12-03 13:50:00,1,0,0,1,קונצנזוס / ללא מחלוקת,0.2
0cdc315a-ad39-4e2a-ab26-a9556c3d9f07,odata:vote:44825,plenum,,,,הצעה רגילה לסדר היום בנושא: עיכוב מתמשך בהנפקה ובשליחה של תגי חניה לנכים,2025-12-03 13:39:00,2,0,0,2,קונצנזוס / ללא מחלוקת,0.2
f37236a4-40e4-43bc-82b7-6f50747bd952,odata:vote:44824,plenum,,,,"הצעת חוק התכנון והבנייה (תיקון - הצללת המרחב הציבורי), התשפ""ה-2025",2025-12-03 13:00:00,11,9,0,20,קונצנזוס / ללא מחלוקת,0.2
e863cc82-9aa6-4494-8b98-1965e39a00ac,odata:vote:44823,plenum,,,,"הצעת חוק הטבות לניצולי שואה (תיקון - זכאות למענק הטבות שנתי לבן זוג של ניצול שואה שנפטר), התשפ""ג-2022",2025-12-03 12:25:00,10,13,0,23,קונצנזוס / ללא מחלוקת,0.2
ff964984-af4c-4df3-a3f5-237d49635c46,odata:vote:44821,plenum,,,,"הצעת חוק משק החשמל (תיקון - תעריף מופחת לבתי חולים בפריפריה), התשפ""ג-2023",2025-12-03 12:17:00,11,13,0,24,קונצנזוס / ללא מחלוקת,0.2
f119fded-b1c8-4ec3-92e0-5dcbbe1ee677,odata:vote:44819,plenum,,,,הצעת חוק-יסוד: הכנסת (תיקון - ייצוג מינימלי לשני המינים ברשימת מועמדים לכנסת),2025-12-03 11:41:00,12,14,0,26,הרפורמה המשפטית וסמכויות השילטון,0.95
dcccbfae-235e-4936-9bb7-3d839ce397fb,odata:vote:44818,plenum,,,,"הצעת חוק שירות ביטחון (תיקון - מתווה בן-גוריון לדחייה ופטור משירות מטעמי לימודי דת), התשפ""ו-2025",2025-12-03 10:59:00,8,14,0,22,"חובת גיוס, פטור לבני ישיבות ודת ומדינה",0.85
1e0f3612-322a-4213-98e4-3c2084d90181,odata:vote:44817,plenum,,,,"הצעת חוק לתיקון פקודת מס הכנסה (פטור ממס למשרת מילואים פעיל) (הוראת שעה - חרבות ברזל), התשפ""ה-2025",2025-12-03 10:36:00,10,14,0,24,"חובת גיוס, פטור לבני ישיבות ודת ומדינה",0.85
a7d26e8f-c558-4d1b-9a6a-90709d6beb6f,odata:vote:44816,plenum,,,,"הצעת חוק לתיקון דיני הראיות (הגנת ילדים) (תיקון - הרחבת ההסדרים הקבועים בחוק לילדים אשר עברו את גיל 14 במועד העדות), התשפ""ג-2023",2025-12-03 10:09:00,8,0,0,8,"תקציב, חוק ההסדרים וכלכלה",0.85
81e74a8f-b07c-4a06-8bb3-84d6d934a4ae,odata:vote:44833,plenum,,,,הצעה רגילה לסדר היום בנושא: הכנסת מאמצת את תוכנית עשרים הנקודות של נשיא ארצות הברית דונאלד טראמפ,2025-12-02 22:00:00,8,0,1,9,קונצנזוס / ללא מחלוקת,0.2
75449553-0ac9-43bd-80a1-a2677bea9a95,odata:vote:44812,plenum,,,,"הצעת חוק בתי המשפט (תיקון מס' 106), התשפ""ו–2025",2025-12-02 15:38:00,1,0,0,1,הרפורמה המשפטית וסמכויות השילטון,0.85
58a7f2e7-a18c-422f-a2b0-32ecbcc5717e,odata:vote:44810,plenum,,,,"הצעת חוק הסיוע המשפטי (תיקון מס' 30), התשפ""ה–2025",2025-12-02 15:28:00,3,0,0,3,קונצנזוס / ללא מחלוקת,0.2
507a1d09-62cd-4c57-bda4-430006d7caca,odata:vote:44809,plenum,,,,"הצעת חוק שיקום נזקי מלחמה בדרך של התחדשות עירונית, התשפ""ו-2025",2025-12-02 15:18:00,1,0,0,1,קונצנזוס / ללא מחלוקת,0.2
364fb4bd-f188-4ce2-b11d-13c5cfe59be0,odata:vote:44802,plenum,,,,"המלצת הוועדה המשותפת של ועדת החוץ והביטחון וועדת החוקה, חוק ומשפט בעניין הארכת תוקף ההכרזה על מצב חירום",2025-12-01 21:13:00,3,2,1,6,קונצנזוס / ללא מחלוקת,0.2
7a443baa-aac9-488a-ae06-ca87899a522d,odata:vote:44801,plenum,,,,"הודעת הממשלה בהתאם לסעיף 31(ב) לחוק יסוד: הממשלה להעביר לשר עמיחי אליהו את הסמכויות הנתונות לשר המשפטים לפי סעיפים 3, 18, 20א וכן 24א לחוק ההסגרה התשי""ד-1954",2025-12-01 20:52:00,9,9,0,18,הרפורמה המשפטית וסמכויות השילטון,0.85
aa15c7d4-08e0-4018-860e-970a3f120adf,odata:vote:44800,plenum,,,,"הצעה להביע אי אמון בממשלה מטעם סיעות רע""מ וחד""ש-תע""ל בנושא: ""ניסיונות ראש הממשלה להשפיע על תוצאות הבחירות הבאות באמצעות הסתה, תעמולה שקרית ודה-לגיטימציה של האוכלוסייה הערבית ונציגיה בכנסת""",2025-12-01 15:20:00,10,0,0,10,הצעות אי-אמון ופרוצדורה,0.85
9ca2fe7d-c446-44a6-9e37-bdf1dd321d20,odata:vote:44798,plenum,,,,"הצעה להביע אי אמון בממשלה מטעם סיעות סיעות העבודה, כחול לבן – המחנה הממלכתי וישראל ביתנו בנושא: ""ממשלה שמטייחת את מחדלי אירועי ה-7 באוקטובר""",2025-12-01 15:19:00,13,0,0,13,הצעות אי-אמון ופרוצדורה,0.85
d549b414-468a-4294-8424-be9d9a851afd,odata:vote:44805,plenum,,,,"הקמת ועדה לדיון בהצעת חוק התקשורת (שידורים), התשפ""ו-2025 (מ/1898), בהתאם לסעיף 108 לתקנון הכנסת",2025-11-30 22:00:00,12,15,0,27,קונצנזוס / ללא מחלוקת,0.2
2df60887-6012-4afb-89a9-724884b491c8,odata:vote:44793,plenum,,,,"הצעת חוק המאבק בטרור (תיקון מס' 9 והוראת שעה) (תיקון), התשפ""ו-2025",2025-11-26 15:37:00,1,3,1,5,קונצנזוס / ללא מחלוקת,0.2
8d8c75f1-4721-43f5-9fda-fa0b0335e889,odata:vote:44792,plenum,,,,"הצעת חוק הדיור הציבורי (זכויות רכישה), התשפ""ו–2025",2025-11-26 15:22:00,5,0,0,5,קונצנזוס / ללא מחלוקת,0.2
eef004e1-9fcf-478f-903d-1beaeb3b6abf,odata:vote:44791,plenum,,,,הצעה רגילה לסדר היום בנושא: השלכות אי־מינוי שר בריאות קבוע במשך למעלה מארבעה חודשים על בריאות הציבור,2025-11-26 14:05:00,0,0,0,0,קונצנזוס / ללא מחלוקת,0.2
68270467-3aef-4ba9-b6ad-d48fd27b038c,odata:vote:44790,plenum,,,,הצעה רגילה לסדר היום בנושא: תחזית הגירעון המדאיגה של הביטוח הלאומי,2025-11-26 13:40:00,2,0,0,2,קונצנזוס / ללא מחלוקת,0.2
efe22348-eeea-47af-abf5-f1f1df3291d9,odata:vote:44789,plenum,,,,"הצעת חוק שירותי אבטחה, התשפ""ה-2025",2025-11-26 11:52:00,11,12,0,23,קונצנזוס / ללא מחלוקת,0.2
600e5fcc-84b4-498e-bd93-09834cb9dc2e,odata:vote:44787,plenum,,,,"הצעת חוק מענק לחטוף ששב מן השבי או למשפחתו של חטוף שנרצח בשבי וגופתו הושבה בעקבות מתקפת 7 באוקטובר, התשפ""ה-2025",2025-11-26 11:27:00,11,13,0,24,קונצנזוס / ללא מחלוקת,0.2
9754f8c4-be89-442c-8e38-3b72ba86f245,odata:vote:44788,plenum,,,,"הצעת חוק איסור הפליה במוצרים, בשירותים ובכניסה למקומות בידור ולמקומות ציבוריים (תיקון - הגדלת סכום הפיצוי בלא הוכחת נזק), התשפ""ה-2024",2025-11-26 11:26:00,12,14,0,26,קונצנזוס / ללא מחלוקת,0.2
4416daf0-614b-4bee-b5d9-4b72ea3c8b2e,odata:vote:44786,plenum,,,,"הצעת חוק מניעת פגיעת גוף שידורים זר בביטחון המדינה (הוראת שעה - חרבות ברזל) (תיקון - מניעת שידורים), התשפ""ד-2024",2025-11-26 10:58:00,11,11,0,22,קונצנזוס / ללא מחלוקת,0.2
18105427-8edc-494b-8ea5-16e9478b199c,odata:vote:44785,plenum,,,,"הצעת חוק לימוד חובה (תיקון - הפחתת תקציב בשל אי-גיוס בוגרים), התשפ""ה- 2025",2025-11-26 10:32:00,10,14,0,24,"תקציב, חוק ההסדרים וכלכלה",0.95
9903c419-d908-4dd2-acc7-177d61e0e32c,odata:vote:44784,plenum,,,,"הצעת חוק איסור אלימות בספורט (תיקון - החמרת ענישה על יידוי אמצעי פירוטכני באירוע ספורט), התשפ""ה-2025",2025-11-26 10:07:00,10,0,0,10,קונצנזוס / ללא מחלוקת,0.2
884a4a74-9ba3-46c9-9e91-c891be48c49e,odata:vote:44783,plenum,,,,"הצעת חוק אומנה לילדים (תיקון - העלאת גיל אומן), התשפ""ה-2025",2025-11-26 10:03:00,7,0,0,7,קונצנזוס / ללא מחלוקת,0.2
04a2576e-2494-428b-a4f7-169d12faf403,odata:vote:44795,plenum,,,,הצעה רגילה לסדר היום בנושא: הצורך בהקמת ועדת חקירה פרלמנטרית לכשלון הממשלה במאבק ביוקר המחייה,2025-11-25 22:00:00,13,11,0,24,קונצנזוס / ללא מחלוקת,0.2
00808fd3-974e-4067-973e-292c90071b7e,odata:vote:44779,plenum,,,,"הצעת חוק הסדרים במשק המדינה (תיקוני חקיקה להשגת יעדי התקציב) (תיקון מס' 20), התשפ""ה–2025",2025-11-25 15:33:00,3,0,0,3,"תקציב, חוק ההסדרים וכלכלה",0.95
729c5614-1ea0-4c4a-b7b1-41e4d99b2820,odata:vote:44774,plenum,,,,"הודעת הממשלה בהתאם לסעיף 31(א) לחוק-יסוד: הממשלה, בעניין מינויו של השר יריב לוין לתפקיד שר העבודה, השר לשירותי דת ושר ירושלים ומסורת ישראל, נוסף על תפקידו כשר המשפטים",2025-11-24 19:39:00,8,12,0,20,הרפורמה המשפטית וסמכויות השילטון,0.95
2abc535c-8ebe-422e-80a1-db24d6972fd1,odata:vote:44775,plenum,,,,"הודעת הממשלה בהתאם לסעיף 31(א) לחוק-יסוד: הממשלה, בעניין מינויו של השר חיים כץ לתפקיד שר הבריאות ושר הרווחה והביטחון החברתי, נוסף על תפקידיו כשר התיירות ושר הבינוי והשיכון",2025-11-24 19:38:00,8,12,0,20,הרפורמה המשפטית וסמכויות השילטון,0.95
126d1411-970a-4e60-b1b6-d0a62e7e4f76,odata:vote:44771,plenum,,,,הצעה להביע אי אמון בממשלה מטעם סיעת יש עתיד בנושא: ״רצון העם בהקמת ועדת חקירה ממלכתית״,2025-11-24 15:28:00,9,0,0,9,הצעות אי-אמון ופרוצדורה,0.85
aad86567-779d-400c-aa23-c89bf69df723,odata:vote:44769,plenum,,,,"הצעת חוק לתיקון פקודת מס הכנסה (מס' 283), התשפ""ו-2025",2025-11-19 15:20:00,1,0,0,1,קונצנזוס / ללא מחלוקת,0.2
3c5583e7-b650-4f06-911f-45f23ad9d226,odata:vote:44766,plenum,,,,"הצעת חוק להפסקת פעילות אונר""א (תיקון - אי-הספקת חשמל ומים וסמכות תפיסת חזקה במקרקעין), התשפ""ו-2025",2025-11-19 15:05:00,4,2,0,6,קונצנזוס / ללא מחלוקת,0.2
82927789-b294-4cb4-8b40-083037d9e01e,odata:vote:44764,plenum,,,,"הצעת חוק להפסקת פעילות אונר""א בשטח מדינת ישראל (תיקון - תפיסת חזקה בכל שטח שהוחזק בידי אונר""א), התשפ""ה-2025",2025-11-19 15:04:00,3,2,0,5,קונצנזוס / ללא מחלוקת,0.2
5f0984c5-dac2-4b66-b631-02654bd77e0f,odata:vote:44763,plenum,,,,"הצעה דחופה לסדר היום בנושא: בצל רעידת האדמה שהורגשה בשבוע שעבר: כ-810,000 דירות ישנות עלולות להיפגע כשהאדמה תרעד",2025-11-19 13:59:00,1,0,0,1,קונצנזוס / ללא מחלוקת,0.2
96e7eda4-9377-4daf-8f8c-ce3893c78cfa,odata:vote:44762,plenum,,,,הצעה דחופה לסדר היום בנושא: תקצוב מכינות אופק,2025-11-19 13:45:00,1,0,0,1,קונצנזוס / ללא מחלוקת,0.2
24d366ff-8734-412a-823f-62a62676ab6c,odata:vote:44761,plenum,,,,הצעה דחופה לסדר היום בנושא: הזיהום החמור הנגרם משרפות הפסולת הבלתי-מוסדרות ביהודה ושומרון והשלכותיו על בריאות תושבי מרכז הארץ,2025-11-19 13:26:00,0,0,0,0,קונצנזוס / ללא מחלוקת,0.2
d215cd09-abc2-4ca0-95d3-285b9ac96923,odata:vote:44760,plenum,,,,"הצעה רגילה לסדר היום בנושא: שיתוק מערכות חיוניות בשל היעדר שרים במשרדי הבריאות, הרווחה והפנים",2025-11-19 13:00:00,0,0,0,0,קונצנזוס / ללא מחלוקת,0.2
4fd2d02b-3a42-4ff6-b315-4cddcb728343,odata:vote:44759,plenum,,,,"הצעה רגילה לסדר היום בנושא: ציון יום הסיגד בכנסת ועיגונו בחקיקה בשבוע בו מצויין יום הסיגד (כ""ט בחשוון)",2025-11-19 12:35:00,1,0,0,1,קונצנזוס / ללא מחלוקת,0.2
24672194-002c-46ba-91b6-0fb20cf86bb1,odata:vote:44758,plenum,,,,הצעה רגילה לסדר היום בנושא: הקמת ועדת חקירה פרלמנטרית לפשיעה ואלימות בחברה הערבית,2025-11-19 12:02:00,3,1,0,4,קונצנזוס / ללא מחלוקת,0.2
9f5592ce-89ca-43be-b2de-4bf96e814a11,odata:vote:44757,plenum,,,,"הצעת חוק קיום דיונים בהיוועדות חזותית לאסירים ביטחוניים, התשפ""ו-2025",2025-11-19 11:36:00,7,3,0,10,קונצנזוס / ללא מחלוקת,0.2
183baf10-20a5-40c4-9401-54edc326eafd,odata:vote:44756,plenum,,,,"הצעת חוק החובה למתן חינוך בלתי פורמאלי לילדים ולנוער, התשפ""ג-2023",2025-11-19 11:21:00,9,13,0,22,קונצנזוס / ללא מחלוקת,0.2
38918570-65aa-4d2e-a470-6b347b14567e,odata:vote:44755,plenum,,,,"הצעת חוק ביטוח בריאות ממלכתי (תיקון - הוספת זכאות לכיסאות גלגלים ממונעים הניתנים לשליטה מרחוק), התשפ""ה-2025",2025-11-19 10:53:00,22,0,0,22,קונצנזוס / ללא מחלוקת,0.2
fc5ceaed-0a8c-41a2-b3de-cd8d64ba61c3,odata:vote:44753,plenum,,,,"הצעת חוק הפעלת תחבורה ציבורית בשבת, התשפ""ג-2023",2025-11-19 10:49:00,11,13,2,26,קונצנזוס / ללא מחלוקת,0.2
3aa46fb1-74be-43fa-93a3-df0021d4fbd5,odata:vote:44754,plenum,,,,"הצעת חוק הפעלת תחבורה ציבורית בשבת, התשפ""ג-2022",2025-11-19 10:48:00,13,13,0,26,קונצנזוס / ללא מחלוקת,0.2
ce7ff3d6-f8a5-4565-ba09-79dbd45947fb,odata:vote:44752,plenum,,,,"הצעת חוק קליטת חיילים משוחררים (תיקון - מענק דמי מחייה ללוחמות משוחררות), התשפ""ה-2024",2025-11-19 10:15:00,12,11,0,23,קונצנזוס / ללא מחלוקת,0.2
0087511a-363f-4bf6-b461-3a2e931ee0e6,odata:vote:44751,plenum,,,,"הצעת חוק שירות המילואים, התשפ""ה-2025",2025-11-19 10:09:00,13,12,0,25,קונצנזוס / ללא מחלוקת,0.2
2e558c91-7579-4b45-a365-961db07694eb,odata:vote:44747,plenum,,,,"הצעת חוק הכניסה לישראל (תיקון מס' 43 והוראת שעה - חרבות ברזל), התשפ""ה-2025",2025-11-18 15:25:00,0,0,0,0,קונצנזוס / ללא מחלוקת,0.2
e81dcc1e-21e5-4f0e-aaff-3ac69aebc79d,odata:vote:44744,plenum,,,,"הצעת חוק שירות לאומי-אזרחי (תיקון מס' 8), התשפ""ו-2025",2025-11-17 22:15:00,10,8,0,18,קונצנזוס / ללא מחלוקת,0.2
2aa1432f-86f7-45ec-a169-b9f15fc9e170,odata:vote:44700,plenum,,,,"הצעת חוק שיפוט בתי דין רבניים (נישואין וגירושין) (תיקון מס' 6 - הוראת שעה), התשפ""ו-2025",2025-11-17 20:54:00,11,10,0,21,קונצנזוס / ללא מחלוקת,0.2
a6c89de2-14e8-4a9f-8446-256dcd7f9c64,odata:vote:44675,plenum,,,,הודעת הממשלה בהתאם לסעיף 31(ב) לחוק-יסוד: הממשלה להעביר לראש הממשלה את הסמכויות הנתונות לשר העבודה לפי מספר חוקים,2025-11-17 16:26:00,11,13,0,24,הרפורמה המשפטית וסמכויות השילטון,0.95
b3b5d9e1-364d-4b09-b93e-c910f1c65fa5,odata:vote:44673,plenum,,,,"הצעה להביע אי אמון בממשלה מטעם סיעות רע""ם וחד""ש-תע""ל בנושא: ""ממשלה רשלנית שמזניחה את החברה הערבית""",2025-11-17 15:25:00,9,0,0,9,הצעות אי-אמון ופרוצדורה,0.85
93342c29-976c-43f3-9730-e295793569fb,odata:vote:44671,plenum,,,,"הצעה להביע אי אמון בממשלה מטעם סיעות סיעות העבודה, כחול לבן – המחנה הממלכתי וישראל ביתנו בנושא: ""הצבעת אי אמון בממשלת ישראל בשל פגיעה חמורה בעצמאות הלאומית ובאינטרסים האסטרטגיים של מדינת ישראל""",2025-11-17 15:24:00,11,0,1,12,הצעות אי-אמון ופרוצדורה,0.85
6ff3a772-2be1-4ff8-b3a5-062d27606703,odata:vote:44667,plenum,,,,"הצעת חוק הטבות מס ליישובים (תיקוני חקיקה), התשפ""ו-2025",2025-11-12 15:38:00,8,0,0,8,קונצנזוס / ללא מחלוקת,0.2
32d29965-04cf-4552-b70d-3cdb8f2169ba,odata:vote:44666,plenum,,,,הצעה דחופה לסדר היום בנושא: אי מינוי הוועדה הציבורית של סל הבריאות,2025-11-12 14:04:00,0,0,0,0,קונצנזוס / ללא מחלוקת,0.2
8d531f92-b57e-41e1-b499-e8a925ac3d07,odata:vote:44665,plenum,,,,הצעה דחופה לסדר היום בנושא: סכנה לכשירות צה”ל: אובדן שטחי האש ביהודה ושומרון,2025-11-12 13:49:00,1,0,0,1,קונצנזוס / ללא מחלוקת,0.2
a90717ce-db9c-4f83-9e09-76b308eee754,odata:vote:44664,plenum,,,,"הצעת חוק הביטוח הלאומי (תיקון - הגדלת קצבת אזרח ותיק והצמדתה לשכר הממוצע), התשפ""ה-2024",2025-11-12 13:29:00,10,7,0,17,קונצנזוס / ללא מחלוקת,0.2
c4ee044f-2ed6-4fe5-8d6d-d9c887ce29c5,odata:vote:44663,plenum,,,,"הצעת חוק לעידוד השקעות הון (תיקון - הטבות למפעל מתחרה בשוק ריכוזי), התשפ""ה-2025",2025-11-12 13:04:00,8,9,0,17,קונצנזוס / ללא מחלוקת,0.2
05c94ec8-3891-4759-b5cd-c23201b81f30,odata:vote:44662,plenum,,,,"הצעת חוק לתיקון פקודת הראיות (חיסיון עיתונאי), התשפ""ה-2025",2025-11-12 12:41:00,11,8,0,19,קונצנזוס / ללא מחלוקת,0.2
38ee63f0-9344-43cb-96ef-7d202606ec2a,odata:vote:44660,plenum,,,,"הצעת חוק הקמת ועדת חקירה ממלכתית למחדלי 7 באוקטובר, התשפ""ד-2024",2025-11-12 12:06:00,10,12,3,25,קונצנזוס / ללא מחלוקת,0.2
9a9963b7-be18-4961-a645-df51e7dd31ae,odata:vote:44661,plenum,,,,"הצעת חוק הקמת ועדת חקירה ממלכתית לאירועי 7 באוקטובר, התשפ""ה-2025",2025-11-12 12:05:00,13,12,0,25,קונצנזוס / ללא מחלוקת,0.2
7658f6ff-cc4f-4994-8e33-b142b99f77ed,odata:vote:44659,plenum,,,,"הצעת חוק העונשין (תיקון - איסור על עינויים ועל יחס אכזרי, בלתי אנושי ומשפיל), התשפ""ג-2023",2025-11-12 11:22:00,3,8,0,11,קונצנזוס / ללא מחלוקת,0.2
7764ab35-ff35-4e29-89f9-96775e412578,odata:vote:44658,plenum,,,,"הצעת חוק לתיקון פקודת מס הכנסה (הטבות במס ליישוב מאוים באזור), התשפ""ה-2025",2025-11-12 10:58:00,14,10,0,24,קונצנזוס / ללא מחלוקת,0.2
7191ed2e-92bd-4bb3-b86c-5080ef0270a0,odata:vote:44657,plenum,,,,"הצעת חוק עידוד יישוב עירוני מעורב, התשפ""ה-2025",2025-11-12 10:37:00,11,2,0,13,קונצנזוס / ללא מחלוקת,0.2
6a777d63-b7dc-4f21-b3da-dd16d90e1828,odata:vote:44656,plenum,,,,"הצעת חוק חינוך ממלכתי (תיקון - לימוד מורשת יהודי ברית המועצות לשעבר), התשפ""ג-2023",2025-11-12 10:22:00,7,11,0,18,קונצנזוס / ללא מחלוקת,0.2
90ebc01c-0964-41ac-9400-7b84dbedccb5,odata:vote:44655,plenum,,,,"הצעת חוק הביטוח הלאומי (תיקון - תוספת לחייל מילואים בהפקדות לחיסכון ארוך טווח לילד) (הוראת שעה - חרבות ברזל), התשפ""ד-2024",2025-11-12 09:57:00,8,10,0,18,קונצנזוס / ללא מחלוקת,0.2
89445753-e416-48e3-8a3f-72ae023092a8,odata:vote:44648,plenum,,,,"הצעת חוק העונשין (תיקון מס' 160) (עונש מוות למחבלים), התשפ""ו-2025",2025-11-10 21:11:00,4,6,0,10,קונצנזוס / ללא מחלוקת,0.2
47647585-3c08-4502-bfa7-54db7e50bde3,odata:vote:44649,plenum,,,,"הצעת חוק העונשין (תיקון - עונש מוות למחבלים), התשפ""ג-2023",2025-11-10 21:10:00,4,6,0,10,קונצנזוס / ללא מחלוקת,0.2
24d53e3d-f70b-40ba-91fb-5356b6b2bab0,odata:vote:44647,plenum,,,,"הצעת חוק העונשין (תיקון מס' 159) (עונש מוות למחבלים), התשפ""ו-2025",2025-11-10 21:09:00,4,6,0,10,קונצנזוס / ללא מחלוקת,0.2
170dd7b3-51b9-4b19-8d7c-a875595ed39b,odata:vote:44646,plenum,,,,"הצעת חוק מניעת פגיעת גוף שידורים זר בביטחון המדינה (הוראת שעה – חרבות ברזל) (תיקון מס' 4) (הפיכת הוראת השעה להוראת קבע והרחבת סמכויות), התשפ""ו–2025",2025-11-10 19:24:00,8,11,0,19,קונצנזוס / ללא מחלוקת,0.2
22e0046f-f4dc-4016-8b53-9a042af72b47,odata:vote:44645,plenum,,,,"דיון בהשתתפות ראש הממשלה על פי בקשתם של 40 חברי כנסת - ""הקמת ועדת חקירה ממלכתית לבדיקת ה-7 באוקטובר""",2025-11-10 16:19:00,13,14,0,27,קונצנזוס / ללא מחלוקת,0.2
aeef0f40-b894-4228-bf4a-fba53cd8db55,odata:vote:44642,plenum,,,,"הצעה רגילה לסדר היום: ""מנסיגה דמוקרטית לנפילה חופשית - התחייבות הכנסת לדאוג לקיומן של בחירות חופשיות והוגנות""",2025-11-05 14:19:00,7,8,0,15,קונצנזוס / ללא מחלוקת,0.2
e63d9a2a-dafd-49fd-91c7-5f65a6d65072,odata:vote:44641,plenum,,,,הצעה דחופה לסדר היום בנושא: פגיעה בזכות לפטור מהמתנה בתור לאנשים עם מוגבלות בבתי מרקחת,2025-11-05 13:28:00,3,0,0,3,"חובת גיוס, פטור לבני ישיבות ודת ומדינה",0.85
27df9c0b-da0d-40d9-99a9-d3f44ac0fb1f,odata:vote:44640,plenum,,,,הצעה דחופה לסדר היום בנושא: התפרצות מחלות קטלניות בישראל והירידה בשיעורי ההתחסנות,2025-11-05 13:20:00,2,0,0,2,קונצנזוס / ללא מחלוקת,0.2
511d9b80-9ccd-49b0-a127-e1874ccc8bee,odata:vote:44639,plenum,,,,"הצעה רגילה לסדר היום בנושא: ""רפורמה משפטית בהסכמה- ותשקוט הארץ""",2025-11-05 12:51:00,3,0,0,3,קונצנזוס / ללא מחלוקת,0.2
425d26af-4f92-408c-85c8-ee72fefb219e,odata:vote:44638,plenum,,,,הצעה רגילה לסדר היום בנושא: חלוקת כספי ציבור ללא בקרה לאור חוסר יעילות הפיקוח על החינוך החרדי,2025-11-05 12:19:00,4,8,0,12,קונצנזוס / ללא מחלוקת,0.2
a33afea6-b825-4aaf-99d9-e91d2fb95f0b,odata:vote:44637,plenum,,,,"הצעה רגילה לסדר היום בנושא: הקמת ועדת חקירה פרלמנטרית על בעיית שיטור היתר, הפרופיילינג והאלימות המשטרתית כלפי ישראלים ממוצא אתיופי",2025-11-05 12:03:00,10,13,0,23,קונצנזוס / ללא מחלוקת,0.2
fa5dc815-2f16-4961-b104-a7d3e03f6b91,odata:vote:44636,plenum,,,,הצעת חוק-יסוד: כבוד האדם וחירותו (תיקון - הוספת סעיף שוויון),2025-11-05 11:40:00,9,11,0,20,הרפורמה המשפטית וסמכויות השילטון,0.95
be2a461a-9d99-4c86-b748-e8b78fb8adfd,odata:vote:44635,plenum,,,,"הצעת חוק לתיקון פקודת התעבורה (זמינות קווי שירות לאוטובוסים בלילה), התשפ""ה-2025",2025-11-05 11:15:00,12,12,0,24,קונצנזוס / ללא מחלוקת,0.2
99a6c8ff-da66-42b4-ac94-25591d1d7a4b,odata:vote:44634,plenum,,,,"הצעת חוק איסור הלבנת הון (תיקון - הוספת עבירת סחר לא חוקי בערכי טבע מוגנים), התשפ""ה-2025",2025-11-05 10:49:00,6,4,2,12,קונצנזוס / ללא מחלוקת,0.2
9fd0791e-fef4-472c-b491-e772a02261ed,odata:vote:44633,plenum,,,,הצעת חוק-יסוד: הכנסת (תיקון - התניית הצבעה בשירות צבאי או לאומי),2025-11-05 10:17:00,8,15,1,24,הרפורמה המשפטית וסמכויות השילטון,0.95
603e8119-4e23-43b1-b679-b29e43ad642d,odata:vote:44627,plenum,,,,"הצעת חוק סדר הדין הפלילי (תיקון מס' 100), התשפ""ה-2025",2025-11-03 22:17:00,7,0,1,8,"סמכויות אכיפה, משטרה ושב""ס",0.85
1bd0684c-c05f-4826-a573-51b82c240c53,odata:vote:44623,plenum,,,,הצעה להביע אי אמון בממשלה מטעם סיעת יש עתיד בנושא: ״ממשלה המקדמת השתמטות חוקית ומגדילה את העול על הרוב העובד והמשרת״,2025-11-03 15:17:00,9,0,0,9,הצעות אי-אמון ופרוצדורה,0.85
95299a54-ca06-4878-a931-50fada66a509,odata:vote:44629,plenum,,,,"הצעת חוק שיפוט בתי דין דתיים (בוררות), התשפ""ה–2025",2025-11-02 22:00:00,14,13,0,27,קונצנזוס / ללא מחלוקת,0.2
787f63f8-a28e-4c57-9b0b-cb9b441a3586,odata:vote:44610,plenum,,,,"הצעה רגילה לסדר היום בנושא: ""התחייבות הממשלה והקואליציה לציית לפסיקת בג""ץ""",2025-10-29 18:08:00,6,7,0,13,קונצנזוס / ללא מחלוקת,0.2
b91f087f-07ee-4093-a7e2-29adc1c5b97e,odata:vote:44609,plenum,,,,הצעה דחופה לסדר היום בנושא: קריאה דחופה להשהיית הרפורמה להתפתחות הילד,2025-10-29 17:19:00,0,0,0,0,קונצנזוס / ללא מחלוקת,0.2
efa2faa4-ee1a-4363-9de9-83d7c70cf854,odata:vote:44608,plenum,,,,"הצעה דחופה לסדר היום בנושא: אלפי מבנים בלתי חוקיים ביו""ש בצמוד לצירים מרכזיים",2025-10-29 17:02:00,1,0,0,1,קונצנזוס / ללא מחלוקת,0.2
cf95f93d-bdba-455a-bdd4-efdab91edc6d,odata:vote:44607,plenum,,,,"הצעה דחופה לסדר היום בנושא: חיזוק התעשייה הישראלית ומתן עדיפות לתוצרת מקומית על פני יבוא מחו""ל",2025-10-29 16:46:00,1,0,0,1,קונצנזוס / ללא מחלוקת,0.2
d0e4937d-e4f1-4a78-9b0d-221a45d1134d,odata:vote:44606,plenum,,,,הצעה רגילה לסדר היום בנושא: בקשה להקמת ועדת חקירה פרלמנטרית לבדיקת כישלון ההתמודדות עם אירועי האלימות במגרשי הספורט.,2025-10-29 16:33:00,5,7,0,12,קונצנזוס / ללא מחלוקת,0.2
5537c5b6-3d5c-431f-bcba-67591cf66d07,odata:vote:44605,plenum,,,,"הצעת חוק האקלים, התשפ""ג-2023",2025-10-29 14:54:00,9,7,0,16,קונצנזוס / ללא מחלוקת,0.2
bc2aee88-52fa-4969-9a99-e3a1ac0f82fb,odata:vote:44604,plenum,,,,"הצעת חוק קביעת הזמן (תיקון - ביטול שעון חורף), התשפ""ג- 2022",2025-10-29 14:34:00,8,10,0,18,קונצנזוס / ללא מחלוקת,0.2
e0e0335a-97b3-42d1-8c44-c59dd58a32e1,odata:vote:44602,plenum,,,,"הצעת חוק הנצחת זכרם של קורבנות הטבח בכפר קאסם, התשפ""ה-2025",2025-10-29 10:32:00,3,8,0,11,קונצנזוס / ללא מחלוקת,0.2
3d7088fd-0f12-4838-84f7-1804fef268f9,odata:vote:44601,plenum,,,,"הצעת חוק לתיקון פקודת מס הכנסה (שלילת הכרה בעמותות המעודדות השתמטות משירות ביטחון), התשפ״ה-2025",2025-10-29 10:13:00,10,15,0,25,"חובת גיוס, פטור לבני ישיבות ודת ומדינה",0.85
c4215f50-fc4f-47be-9a09-af1dafcf0e4f,odata:vote:44600,plenum,,,,"הצעת חוק קליטת חיילים משוחררים (תיקון - שמירת זכויות לחייל ששירת במילואים בתום שירות סדיר), התשפ""ה-2025",2025-10-29 09:46:00,11,13,0,24,קונצנזוס / ללא מחלוקת,0.2
3e4a16e6-fc79-4b4d-ac5d-d4dc6d75d853,odata:vote:44599,plenum,,,,"הצעת חוק העונשין (תיקון - קנס על החזקת נשק בלתי חוקי), התשפ""ה-2024",2025-10-29 09:23:00,7,0,0,7,קונצנזוס / ללא מחלוקת,0.2
ab03d50b-4ed4-4e46-8b22-9cf8dd123c65,odata:vote:44619,plenum,,,,"הצעת חוק התובע הכללי, התשפ""ג-2022",2025-10-28 22:00:00,14,12,0,26,קונצנזוס / ללא מחלוקת,0.2
0e8f2126-326e-47ed-92a1-74472b77952e,odata:vote:44621,plenum,,,,"הצעת חוק התובע הכללי, התשפ""ג-2023",2025-10-28 22:00:00,14,11,0,25,קונצנזוס / ללא מחלוקת,0.2
596666d1-1516-4826-9f8d-bcc87e3bd886,odata:vote:44618,plenum,,,,"הצעת חוק פיצול תפקיד היועץ המשפטי לממשלה, התשפ""ה-2025",2025-10-28 22:00:00,15,13,0,28,הצעות אי-אמון ופרוצדורה,0.85
7cbd3c87-74bf-4193-90eb-dcf43201f7e6,odata:vote:44617,plenum,,,,"הצעת חוק פיצול תפקיד היועץ המשפטי לממשלה, התשפ""ה-2024",2025-10-28 22:00:00,15,14,0,29,הצעות אי-אמון ופרוצדורה,0.85
85449ca4-107d-43e1-86b4-050fc9df5d5a,odata:vote:44615,plenum,,,,"הצעת חוק פיצול תפקיד היועץ המשפטי לממשלה, התשפ""ד-2024",2025-10-28 22:00:00,15,15,0,30,הצעות אי-אמון ופרוצדורה,0.85
911b6150-1abc-4f49-9704-667fc8a7d3a2,odata:vote:44614,plenum,,,,"הצעת חוק פיצול תפקיד היועץ המשפטי לממשלה, התשפ""ג-2023",2025-10-28 22:00:00,15,15,0,30,הצעות אי-אמון ופרוצדורה,0.85
4f318ef2-50d7-498e-984f-2a1575bb7e64,odata:vote:44595,plenum,,,,"החלטת ועדת החוקה חוק ומשפט בדבר פיצול הצעת חוק שיפוט בתי דין רבניים (נישואין וגירושין) (תיקון מס' 6) (סמכות כריכת מזונות ילדים), התשפ""ה-2025",2025-10-27 18:29:00,10,12,0,22,הצעות אי-אמון ופרוצדורה,0.85
eb1cbcef-594b-433a-965c-0bcc920dfbc3,odata:vote:44593,plenum,,,,"הצעה להביע אי אמון בממשלה מטעם סיעות רע''מ וחד''ש-תע''ל בנושא: ""מחדל הממשלה בטיפול באלימות ובפשיעה הגואה בחברה הערבית""",2025-10-27 15:06:00,11,0,0,11,הצעות אי-אמון ופרוצדורה,0.85
5afa3546-d282-4e3f-a220-97ba26305a9c,odata:vote:44594,plenum,,,,"הצעה להביע אי אמון בממשלה מטעם סיעות ישראל ביתנו, כחול לבן – המחנה הממלכתי והעבודה בנושא: ""אובדן המשילות, אלימות משתוללת, שיא במקרי רצח, אובדן הביטחון האישי, פרוקטשן, אוזלת יד מוחלטת""",2025-10-27 15:05:00,13,0,0,13,הצעות אי-אמון ופרוצדורה,0.85
442f3b4c-e399-4885-b0db-56edcb818b0d,odata:vote:44592,plenum,,,,"הצעה להביע אי אמון בממשלה מטעם סיעת יש עתיד בנושא: ""ממשלת מיעוט בלי יכולת לחוקק, למשול ולגיטימציה להמשיך""",2025-10-27 15:04:00,13,0,0,13,הצעות אי-אמון ופרוצדורה,0.85
0f04fba6-5388-471c-8b66-35a453faf3fe,odata:vote:44579,plenum,,,,הצעה דחופה לסדר היום בנושא: יותר מ-600 ימים להיעלמות הילדה היימנוט קסאו,2025-10-22 14:00:00,2,0,0,2,קונצנזוס / ללא מחלוקת,0.2
04bb598c-c01e-4b6e-bd8e-fb70ad2b76a1,odata:vote:44578,plenum,,,,הצעה דחופה לסדר היום בנושא: הצעה דחופה לסדר בנושא הטיפול בתסמינים פוסט-טראומטיים ומניעת מקרי אובדנות בקרב שורדי המסיבות בדרום,2025-10-22 13:16:00,4,0,0,4,קונצנזוס / ללא מחלוקת,0.2
1b1ebd71-cf29-4e4c-a706-74610fe995fa,odata:vote:44577,plenum,,,,"הצעה לסדר היום בנושא: פגיעה חוזרת בתקציב שנות השירות ע""י משרד החינוך",2025-10-22 12:53:00,0,0,0,0,"תקציב, חוק ההסדרים וכלכלה",0.95
6ff4c1c1-3c19-4620-8ef5-3a6c7996767b,odata:vote:44576,plenum,,,,הצעה לסדר היום בנושא: הצורך בהקמת ועדת חקירה ממלכתית לבדיקת אירועי השבעה באוקטובר,2025-10-22 12:40:00,13,0,0,13,קונצנזוס / ללא מחלוקת,0.2
28c5d7ac-99eb-44ec-af4f-685544e85890,odata:vote:44575,plenum,,,,"הצעת חוק החלת ריבונות על מעלה אדומים, התשפ""ה-2025",2025-10-22 12:13:00,10,2,1,13,קונצנזוס / ללא מחלוקת,0.2
77994b20-1328-46a9-bc58-edae39eb1b9c,odata:vote:44574,plenum,,,,"הצעת חוק מינהלת מילואים, התשפ""ה-2025",2025-10-22 11:20:00,11,11,0,22,קונצנזוס / ללא מחלוקת,0.2
6742d92d-a7a3-44a6-9adf-25784c8e82d4,odata:vote:44573,plenum,,,,"הצעת חוק יידוע ודיווח על מינוי יועצים חיצוניים לחברי ועדת השרים לענייני ביטחון לאומי ולראש הממשלה, התשפ""ה-2025",2025-10-22 10:30:00,9,11,0,20,קונצנזוס / ללא מחלוקת,0.2
2eaecfd1-d4a1-4d34-b295-45742c7c7e26,odata:vote:44572,plenum,,,,"הצעת חוק הביטוח הלאומי (תיקון - אי-זכאות לקצבת ילדים להורה שלא שירת בשירות מזכה), התשפ""ה-2025",2025-10-22 10:00:00,10,14,0,24,קונצנזוס / ללא מחלוקת,0.2
a1eab52b-3e3b-4f6a-820f-b1e7f17e439c,odata:vote:44571,plenum,,,,"הצעת חוק סיוע כלכלי לעידוד לומדי תורה וסטודנטים נזקקים (תיקון - קיום הוראות חוק שירות ביטחון כתנאי לסיוע), התשפ""ה-2025",2025-10-22 09:31:00,10,13,0,23,"חובת גיוס, פטור לבני ישיבות ודת ומדינה",0.85
34d49172-1bb6-4df0-a963-8559ca1c224e,odata:vote:44570,plenum,,,,"הצעת חוק התניית הטבות בדיור בקיום חובות לפי חוק שירות ביטחון, התשפ""ה-2025",2025-10-22 09:06:00,11,12,1,24,"חובת גיוס, פטור לבני ישיבות ודת ומדינה",0.85
9ee865d6-685a-4794-8028-781b530e70b7,odata:vote:44569,plenum,,,,"הצעת חוק הביטוח הלאומי (תיקון - קיום הוראות חוק שירות ביטחון כתנאי לתשלום דמי ביטוח לאומי מופחתים), התשפ""ה-2025",2025-10-22 08:43:00,10,12,0,22,"חובת גיוס, פטור לבני ישיבות ודת ומדינה",0.85
7434413f-21c1-4814-9a88-e30c5dfbdc65,odata:vote:44580,plenum,,,,"הצעת חוק החלת הריבונות של מדינת ישראל בחבלי יהודה והשומרון, התשפ""ה-2025",2025-10-21 21:00:00,7,8,0,15,קונצנזוס / ללא מחלוקת,0.2
c93c2994-43bc-4cef-a3cb-6946890441eb,odata:vote:44566,plenum,,,,"הצעת חוק לתמיכה בפעולות לטובת נכים ונפגעי פעולות איבה (תיקוני חקיקה), התשפ""ו–2025",2025-10-21 14:03:00,3,0,0,3,קונצנזוס / ללא מחלוקת,0.2
8580ce65-71a2-4cbc-be8f-156b7eb34525,odata:vote:44562,plenum,,,,הודעת ראש הממשלה על פעילות הממשלה בתקופה שחלפה מאז המושב הקודם ועל תכניות הממשלה למושב הקרוב,2025-10-20 16:16:00,13,14,0,27,קונצנזוס / ללא מחלוקת,0.2
9f937688-c84f-4cae-b805-1cff1a1d8d11,odata:vote:44559,plenum,,,,"הצעה להביע אי אמון בממשלה מטעם סיעת העבודה בנושא: רמיסת הרשות השופטת על ידי הממשלה – הפרת אמונים למדינת ישראל""",2025-10-20 13:00:00,14,0,0,14,הצעות אי-אמון ופרוצדורה,0.85
c3b97237-dc58-4f1b-a256-4bc3ae938c6a,odata:vote:44561,plenum,,,,הצעה להביע אי אמון בממשלה מטעם סיעת יש עתיד בנושא: ״הריקבון והשחיתות השלטונית שמכרסמים באמון הציבור״,2025-10-20 13:00:00,14,0,1,15,הצעות אי-אמון ופרוצדורה,0.85
22d1a163-592c-4b59-a6bd-2a22b950b8e0,odata:vote:44560,plenum,,,,"הצעה להביע אי אמון בממשלה מטעם סיעת כחול לבן - הימין הממלכתי בנושא: ""השבת החטופים הנותרים משבי חמאס ברצועת עזה""",2025-10-20 13:00:00,13,0,0,13,הצעות אי-אמון ופרוצדורה,0.85
d65e1cdb-0e5f-416f-b26f-6230109ab470,odata:vote:44554,plenum,,,,"הצעת חוק תקציב נוסף לשנת הכספים 2025, התשפ""ה-2025",2025-09-29 15:46:00,11,14,0,25,"תקציב, חוק ההסדרים וכלכלה",0.95
869ae67b-c9a2-4a8b-8f4d-7f8b02664431,odata:vote:44514,plenum,,,,"הצעת חוק הפחתת הגירעון והגבלת ההוצאה התקציבית (תיקון מס' 29), התשפ""ה - 2025",2025-09-29 15:11:00,11,14,0,25,"תקציב, חוק ההסדרים וכלכלה",0.95
02804ada-fb6c-4961-bae6-5dad9ad85b00,odata:vote:44556,plenum,,,,"הצעת חוק הפחתת הגירעון והגבלת ההוצאה התקציבית (תיקון מס' 29), התשפ""ה-2025",2025-09-29 14:54:00,11,14,0,25,"תקציב, חוק ההסדרים וכלכלה",0.95
b3e5ada9-9709-4ea8-a1e5-98e396e016ea,odata:vote:44478,plenum,,,,"הצעת ועדת הכנסת להעברה מוועדה לוועדה - הצעה דחופה לסדר היום בנושא: ""מניעת הקמת מתחם לוחמה בשטח בנוי במעיין עין-פית"" - הצבעה",2025-09-17 14:16:00,6,0,4,10,קונצנזוס / ללא מחלוקת,0.2
6f04b966-d8d4-417f-a1ed-f598603fa874,odata:vote:44477,plenum,,,,"הודעת הממשלה בהתאם לסעיף 31(א) לחוק-יסוד: הממשלה, בדבר מינויו של השר חיים כץ לתפקיד שר הבינוי והשיכון, נוסף על תפקידיו כשר התיירות וכממלא מקום שר הבריאות ושר הרווחה והביטחון החברתי",2025-09-17 14:11:00,5,10,0,15,הרפורמה המשפטית וסמכויות השילטון,0.95
aa6c1426-c628-42fb-a4ae-460ef485927a,odata:vote:44475,plenum,,,,"""הפגיעה החמורה שספג בית החולים סורוקה במהלך מבצע 'עם כלביא'""",2025-09-10 19:21:00,4,0,0,4,קונצנזוס / ללא מחלוקת,0.2
d031b480-9b82-4c17-a250-bd687528edae,odata:vote:44474,plenum,,,,"""התנהלות הממשלה המדרדרת את מדינת ישראל למפולת מדינית וביטחונית""",2025-09-10 18:59:00,2,0,1,3,קונצנזוס / ללא מחלוקת,0.2
0cf42ea1-98a8-4151-bcf0-10d0096855e2,odata:vote:44472,plenum,,,,"""השבת החטופים בקידום עסקה מיידית""",2025-09-10 18:51:00,5,0,0,5,קונצנזוס / ללא מחלוקת,0.2
ec445ce5-aa41-4686-8a7c-350bab5ec410,odata:vote:44473,plenum,,,,"""התנהלות הממשלה המובילה לסכנה ממשית לחיי החטופים""",2025-09-10 18:50:00,5,0,0,5,קונצנזוס / ללא מחלוקת,0.2
85f960a7-18bd-4d2a-bf78-5e798988ab0a,odata:vote:44448,plenum,,,,"הצעת חוק הגנה על עובדים בשעת חירום (תיקון מס' 5 והוראת שעה - חרבות ברזל) (תיקון מס' 4), התשפ""ה-2025",2025-08-13 12:20:00,3,0,0,3,קונצנזוס / ללא מחלוקת,0.2
54429ad1-063e-4fb8-a02f-1bde71228c00,odata:vote:44445,plenum,,,,"הצעת חוק רישוי שירותים ומקצועות בענף הרכב (תיקון מס' 13), התשפ""ה-2025",2025-08-13 11:56:00,3,0,0,3,קונצנזוס / ללא מחלוקת,0.2
9f395e00-10c8-492e-a5c1-7531390e96e1,odata:vote:44442,plenum,,,,"הצעת חוק התמודדות עם תקיפות סייבר חמורות במגזר השירותים הדיגיטליים ושירותי האחסון (הוראת שעה – חרבות ברזל) (תיקון מס' 3), התשפ""ה-2025",2025-08-13 11:38:00,3,0,0,3,קונצנזוס / ללא מחלוקת,0.2
d22dd29f-cd51-41d6-89c4-f0bd5b814b4b,odata:vote:44427,plenum,,,,הצעת ועדת הכנסת בדבר שינוי בהרכב הסיעתי של ועדת הכלכלה,2025-08-04 19:39:00,1,0,0,1,קונצנזוס / ללא מחלוקת,0.2
de4339bd-afaf-40eb-8dad-1c0f59462f76,odata:vote:44428,plenum,,,,המלצת ועדת הכנסת בעניין בחירת סגנים ליושב ראש הכנסת,2025-08-04 19:37:00,2,0,1,3,קונצנזוס / ללא מחלוקת,0.2
43f77b19-5f5d-4d33-b750-01e885370688,odata:vote:44425,plenum,,,,"הצעת חוק שירות אזרחי (תיקון מס' 7), התשפ""ה-2025 (פ/43/25)",2025-08-04 19:09:00,3,0,1,4,קונצנזוס / ללא מחלוקת,0.2
87b68561-63b0-42ff-a61f-fb9e7e8c5ca4,odata:vote:44424,plenum,,,,"הצעת חוק לתיקון פקודת מס הכנסה (תיקון מס' 283) (זיכוי בעד שירות מילואים כלוחם), התשפ""ה-2025",2025-08-04 18:39:00,3,0,1,4,קונצנזוס / ללא מחלוקת,0.2
05fd1a29-f370-4bd0-a3ea-b920afe7de8e,odata:vote:44423,plenum,,,,"""השבת החטופים וקידום עסקה מיידית לסיום המלחמה בעזה""",2025-08-04 17:22:00,3,0,0,3,קונצנזוס / ללא מחלוקת,0.2
d934fe0e-1590-4f51-b9ff-ac91256727d9,odata:vote:44422,plenum,,,,"""ממשלת מיעוט שמקדמת השתמטות בזמן מלחמה ומפטרת את יו״ר ועדת החוץ והביטחוןמשיקולים פוליטיים""",2025-08-04 16:49:00,4,0,0,4,קונצנזוס / ללא מחלוקת,0.2
